-- Data for league
INSERT INTO league (id, display_name, country, date_creation) VALUES (1, 'Lowe and Sons', 'Fiji', '1944-08-31');
INSERT INTO league (id, display_name, country, date_creation) VALUES (2, 'Jones LLC', 'Svalbard & Jan Mayen Islands', '1929-07-02');
INSERT INTO league (id, display_name, country, date_creation) VALUES (3, 'Banks, Snyder and Williams', 'Madagascar', '1950-07-30');
INSERT INTO league (id, display_name, country, date_creation) VALUES (4, 'Trevino Group', 'Nigeria', '1984-05-06');
INSERT INTO league (id, display_name, country, date_creation) VALUES (5, 'Lopez-Mitchell', 'Bolivia', '1999-07-11');
INSERT INTO league (id, display_name, country, date_creation) VALUES (6, 'Adams Group', 'Syrian Arab Republic', '2000-03-23');
INSERT INTO league (id, display_name, country, date_creation) VALUES (7, 'Taylor Ltd', 'Bouvet Island (Bouvetoya)', '1960-01-02');
INSERT INTO league (id, display_name, country, date_creation) VALUES (8, 'Taylor-Wright', 'Nauru', '1907-09-05');
INSERT INTO league (id, display_name, country, date_creation) VALUES (9, 'Howell-Mcgrath', 'Ethiopia', '1906-11-29');
INSERT INTO league (id, display_name, country, date_creation) VALUES (10, 'Black, Scott and Clark', 'Hong Kong', '1995-10-11');
INSERT INTO league (id, display_name, country, date_creation) VALUES (11, 'Perkins, Medina and Garcia', 'Eritrea', '1955-11-10');
INSERT INTO league (id, display_name, country, date_creation) VALUES (12, 'Bean PLC', 'Peru', '1926-08-10');
INSERT INTO league (id, display_name, country, date_creation) VALUES (13, 'Duncan-Duffy', 'Ethiopia', '1957-06-28');
INSERT INTO league (id, display_name, country, date_creation) VALUES (14, 'Lambert PLC', 'Congo', '1901-02-16');
INSERT INTO league (id, display_name, country, date_creation) VALUES (15, 'Campbell-Kelly', 'Kyrgyz Republic', '1963-04-07');
INSERT INTO league (id, display_name, country, date_creation) VALUES (16, 'Campbell-Cortez', 'Guinea', '1911-10-04');
INSERT INTO league (id, display_name, country, date_creation) VALUES (17, 'Gibson Group', 'Puerto Rico', '1946-02-12');
INSERT INTO league (id, display_name, country, date_creation) VALUES (18, 'Morris and Sons', 'Norfolk Island', '1994-06-03');
INSERT INTO league (id, display_name, country, date_creation) VALUES (19, 'Small PLC', 'Marshall Islands', '1929-05-05');
INSERT INTO league (id, display_name, country, date_creation) VALUES (20, 'Hayes-Moore', 'Liechtenstein', '1923-12-05');

-- Data for saison
INSERT INTO saison (id, league_id, debut, fin, nb_equipe, nb_arbitre, nb_remplacement) VALUES (1, 9, '2011-10-14', '2024-11-14', 14, 10, 4);
INSERT INTO saison (id, league_id, debut, fin, nb_equipe, nb_arbitre, nb_remplacement) VALUES (2, 15, '2010-10-01', '2023-03-14', 17, 9, 4);
INSERT INTO saison (id, league_id, debut, fin, nb_equipe, nb_arbitre, nb_remplacement) VALUES (3, 18, '2016-03-01', '2022-05-12', 19, 5, 5);
INSERT INTO saison (id, league_id, debut, fin, nb_equipe, nb_arbitre, nb_remplacement) VALUES (4, 8, '2017-08-08', '2021-05-04', 15, 5, 4);
INSERT INTO saison (id, league_id, debut, fin, nb_equipe, nb_arbitre, nb_remplacement) VALUES (5, 7, '2010-01-07', '2022-03-16', 17, 7, 3);
INSERT INTO saison (id, league_id, debut, fin, nb_equipe, nb_arbitre, nb_remplacement) VALUES (6, 5, '2018-12-30', '2023-07-29', 10, 10, 4);
INSERT INTO saison (id, league_id, debut, fin, nb_equipe, nb_arbitre, nb_remplacement) VALUES (7, 17, '2014-05-26', '2022-09-16', 14, 9, 3);

-- Data for equipe
INSERT INTO equipe (id, nom, ville, date_creation) VALUES (1, 'Carsonhaven FC', 'Gravesport', '1900-05-30');
INSERT INTO equipe (id, nom, ville, date_creation) VALUES (2, 'North Derrick FC', 'New Heidi', '1953-08-23');
INSERT INTO equipe (id, nom, ville, date_creation) VALUES (3, 'Beckymouth FC', 'Dominguezmouth', '1920-01-09');
INSERT INTO equipe (id, nom, ville, date_creation) VALUES (4, 'Lambertbury FC', 'Norrismouth', '2017-12-16');
INSERT INTO equipe (id, nom, ville, date_creation) VALUES (5, 'Timothyville FC', 'New Austin', '2019-03-30');
INSERT INTO equipe (id, nom, ville, date_creation) VALUES (6, 'North Laurenview FC', 'Lake Kiara', '1914-08-03');
INSERT INTO equipe (id, nom, ville, date_creation) VALUES (7, 'South Angela FC', 'Tylerton', '1943-12-12');
INSERT INTO equipe (id, nom, ville, date_creation) VALUES (8, 'Harrisborough FC', 'Port Charleschester', '1929-05-15');
INSERT INTO equipe (id, nom, ville, date_creation) VALUES (9, 'Danielleborough FC', 'Mccoyside', '1921-12-19');
INSERT INTO equipe (id, nom, ville, date_creation) VALUES (10, 'Suzanneside FC', 'Smithberg', '1916-09-20');
INSERT INTO equipe (id, nom, ville, date_creation) VALUES (11, 'Atkinsport FC', 'South Ronald', '1970-03-25');
INSERT INTO equipe (id, nom, ville, date_creation) VALUES (12, 'Thomasstad FC', 'Lake Brandi', '1934-05-26');
INSERT INTO equipe (id, nom, ville, date_creation) VALUES (13, 'Farleyshire FC', 'Port Danielle', '1900-07-23');
INSERT INTO equipe (id, nom, ville, date_creation) VALUES (14, 'Devinbury FC', 'West Richardport', '1957-05-26');
INSERT INTO equipe (id, nom, ville, date_creation) VALUES (15, 'Andrewstad FC', 'Mollyshire', '1908-04-12');
INSERT INTO equipe (id, nom, ville, date_creation) VALUES (16, 'Greenbury FC', 'Lake Danielport', '1967-10-05');
INSERT INTO equipe (id, nom, ville, date_creation) VALUES (17, 'Richardside FC', 'Lake Jamie', '1964-03-18');
INSERT INTO equipe (id, nom, ville, date_creation) VALUES (18, 'Lake Justin FC', 'Conniechester', '1955-07-13');
INSERT INTO equipe (id, nom, ville, date_creation) VALUES (19, 'North Kevinfort FC', 'North Andrew', '1903-09-25');
INSERT INTO equipe (id, nom, ville, date_creation) VALUES (20, 'Cherylfurt FC', 'Sarahborough', '1967-10-01');
INSERT INTO equipe (id, nom, ville, date_creation) VALUES (21, 'East Jameschester FC', 'Lake Benjaminshire', '1938-04-05');
INSERT INTO equipe (id, nom, ville, date_creation) VALUES (22, 'New Ronaldmouth FC', 'Brianmouth', '1969-02-20');
INSERT INTO equipe (id, nom, ville, date_creation) VALUES (23, 'Steinburgh FC', 'Port Davidchester', '1913-02-15');
INSERT INTO equipe (id, nom, ville, date_creation) VALUES (24, 'New Lauramouth FC', 'East Andrew', '1986-01-03');
INSERT INTO equipe (id, nom, ville, date_creation) VALUES (25, 'South Kelli FC', 'Simpsonchester', '1960-03-08');
INSERT INTO equipe (id, nom, ville, date_creation) VALUES (26, 'North Lorraine FC', 'Rachelfort', '1963-08-25');
INSERT INTO equipe (id, nom, ville, date_creation) VALUES (27, 'Davidmouth FC', 'North Jeffreystad', '1934-02-14');
INSERT INTO equipe (id, nom, ville, date_creation) VALUES (28, 'Port Shirley FC', 'Simmonsmouth', '1999-11-02');
INSERT INTO equipe (id, nom, ville, date_creation) VALUES (29, 'New Ann FC', 'Lake Chad', '1961-01-31');
INSERT INTO equipe (id, nom, ville, date_creation) VALUES (30, 'Haneymouth FC', 'West Deborah', '1969-05-25');
INSERT INTO equipe (id, nom, ville, date_creation) VALUES (31, 'Craigville FC', 'East Thomas', '2005-01-09');
INSERT INTO equipe (id, nom, ville, date_creation) VALUES (32, 'Lake Davidberg FC', 'West Michael', '1995-09-09');
INSERT INTO equipe (id, nom, ville, date_creation) VALUES (33, 'New Kaitlin FC', 'Mortonstad', '1985-02-19');
INSERT INTO equipe (id, nom, ville, date_creation) VALUES (34, 'Arthurview FC', 'Rangelfort', '1995-07-04');
INSERT INTO equipe (id, nom, ville, date_creation) VALUES (35, 'Lake Rachelside FC', 'New Melindaport', '2002-06-15');
INSERT INTO equipe (id, nom, ville, date_creation) VALUES (36, 'East Jay FC', 'Kaylaside', '1996-11-25');
INSERT INTO equipe (id, nom, ville, date_creation) VALUES (37, 'Jordanview FC', 'East Chadshire', '1919-10-13');
INSERT INTO equipe (id, nom, ville, date_creation) VALUES (38, 'Port Sheri FC', 'Jenniferton', '1969-12-25');
INSERT INTO equipe (id, nom, ville, date_creation) VALUES (39, 'Davisport FC', 'Michaelburgh', '1999-05-08');
INSERT INTO equipe (id, nom, ville, date_creation) VALUES (40, 'Jamesburgh FC', 'Lauraview', '1970-11-20');
INSERT INTO equipe (id, nom, ville, date_creation) VALUES (41, 'Lake Kimberly FC', 'Walterborough', '1991-01-18');
INSERT INTO equipe (id, nom, ville, date_creation) VALUES (42, 'West Michaelfurt FC', 'New Nicole', '1910-10-04');
INSERT INTO equipe (id, nom, ville, date_creation) VALUES (43, 'North Juliehaven FC', 'Jonathanborough', '2008-02-09');
INSERT INTO equipe (id, nom, ville, date_creation) VALUES (44, 'North Greg FC', 'Port Diana', '1948-11-29');
INSERT INTO equipe (id, nom, ville, date_creation) VALUES (45, 'North Gabriella FC', 'East Dorothy', '2014-10-10');
INSERT INTO equipe (id, nom, ville, date_creation) VALUES (46, 'Marcustown FC', 'Hernandezbury', '1927-07-05');
INSERT INTO equipe (id, nom, ville, date_creation) VALUES (47, 'Port Selena FC', 'West Teresa', '1950-12-16');
INSERT INTO equipe (id, nom, ville, date_creation) VALUES (48, 'New Kristinaview FC', 'West Michelle', '1901-07-31');
INSERT INTO equipe (id, nom, ville, date_creation) VALUES (49, 'North Isaiahland FC', 'Keithburgh', '1907-01-31');
INSERT INTO equipe (id, nom, ville, date_creation) VALUES (50, 'South Ericafurt FC', 'North Kathleenfurt', '1933-04-11');
INSERT INTO equipe (id, nom, ville, date_creation) VALUES (51, 'Port Rebecca FC', 'New Mark', '1952-08-30');
INSERT INTO equipe (id, nom, ville, date_creation) VALUES (52, 'Westland FC', 'South Margaretmouth', '1900-09-17');
INSERT INTO equipe (id, nom, ville, date_creation) VALUES (53, 'Brianshire FC', 'Smithbury', '1920-12-28');
INSERT INTO equipe (id, nom, ville, date_creation) VALUES (54, 'Hawkinschester FC', 'Martinezville', '1938-06-11');
INSERT INTO equipe (id, nom, ville, date_creation) VALUES (55, 'Tracyland FC', 'West Laura', '1912-05-21');
INSERT INTO equipe (id, nom, ville, date_creation) VALUES (56, 'Lake Lisa FC', 'East Theresa', '1960-10-20');
INSERT INTO equipe (id, nom, ville, date_creation) VALUES (57, 'Port Seanport FC', 'Brendaport', '1904-11-20');
INSERT INTO equipe (id, nom, ville, date_creation) VALUES (58, 'West Jack FC', 'Whiteton', '2012-08-30');
INSERT INTO equipe (id, nom, ville, date_creation) VALUES (59, 'Jennifertown FC', 'East Brandon', '1978-11-23');
INSERT INTO equipe (id, nom, ville, date_creation) VALUES (60, 'East Scott FC', 'West Jamieside', '1989-10-02');
INSERT INTO equipe (id, nom, ville, date_creation) VALUES (61, 'Curtisport FC', 'New Shawnview', '1998-06-30');
INSERT INTO equipe (id, nom, ville, date_creation) VALUES (62, 'Hendrixtown FC', 'East Joseph', '1902-08-28');
INSERT INTO equipe (id, nom, ville, date_creation) VALUES (63, 'Edwardhaven FC', 'Munozstad', '1940-07-06');
INSERT INTO equipe (id, nom, ville, date_creation) VALUES (64, 'Davidmouth FC', 'Pattersonside', '1973-10-05');
INSERT INTO equipe (id, nom, ville, date_creation) VALUES (65, 'Caitlinborough FC', 'East Thomasview', '2000-09-19');
INSERT INTO equipe (id, nom, ville, date_creation) VALUES (66, 'Lopezburgh FC', 'West Kellyport', '1901-12-08');
INSERT INTO equipe (id, nom, ville, date_creation) VALUES (67, 'North Matthewberg FC', 'Lake Jacobside', '2015-08-09');
INSERT INTO equipe (id, nom, ville, date_creation) VALUES (68, 'Aprilton FC', 'Michaelchester', '1936-08-23');
INSERT INTO equipe (id, nom, ville, date_creation) VALUES (69, 'South Sarah FC', 'Lake Antoniobury', '1994-02-28');
INSERT INTO equipe (id, nom, ville, date_creation) VALUES (70, 'West Angela FC', 'New Bradleyburgh', '2002-08-11');
INSERT INTO equipe (id, nom, ville, date_creation) VALUES (71, 'Haydenton FC', 'West Robert', '1997-11-11');
INSERT INTO equipe (id, nom, ville, date_creation) VALUES (72, 'Melissashire FC', 'South Anthony', '1966-04-06');
INSERT INTO equipe (id, nom, ville, date_creation) VALUES (73, 'North John FC', 'Lake Ryanville', '1971-09-04');
INSERT INTO equipe (id, nom, ville, date_creation) VALUES (74, 'Contrerasmouth FC', 'Walshborough', '1961-11-02');
INSERT INTO equipe (id, nom, ville, date_creation) VALUES (75, 'West Gina FC', 'Diazchester', '1999-10-07');
INSERT INTO equipe (id, nom, ville, date_creation) VALUES (76, 'Whitestad FC', 'Jeffreystad', '1946-03-30');
INSERT INTO equipe (id, nom, ville, date_creation) VALUES (77, 'Derrickburgh FC', 'East Sydney', '1971-10-18');
INSERT INTO equipe (id, nom, ville, date_creation) VALUES (78, 'East Douglas FC', 'Calvinchester', '1905-09-07');
INSERT INTO equipe (id, nom, ville, date_creation) VALUES (79, 'Donaldsonstad FC', 'Port Joseph', '1914-08-12');
INSERT INTO equipe (id, nom, ville, date_creation) VALUES (80, 'Nicholschester FC', 'North Judith', '1951-02-24');
INSERT INTO equipe (id, nom, ville, date_creation) VALUES (81, 'South Mariabury FC', 'Moranstad', '1993-06-29');
INSERT INTO equipe (id, nom, ville, date_creation) VALUES (82, 'Claytonstad FC', 'West Angelamouth', '1919-01-22');
INSERT INTO equipe (id, nom, ville, date_creation) VALUES (83, 'Lisabury FC', 'North Janice', '2015-09-28');
INSERT INTO equipe (id, nom, ville, date_creation) VALUES (84, 'Smithhaven FC', 'North Brittany', '1992-02-09');
INSERT INTO equipe (id, nom, ville, date_creation) VALUES (85, 'Adambury FC', 'West Theresaburgh', '1965-06-23');
INSERT INTO equipe (id, nom, ville, date_creation) VALUES (86, 'Tiffanyberg FC', 'East Amanda', '2001-02-26');
INSERT INTO equipe (id, nom, ville, date_creation) VALUES (87, 'New Wesleyville FC', 'West Andrea', '2014-03-01');
INSERT INTO equipe (id, nom, ville, date_creation) VALUES (88, 'Port Andrewfort FC', 'Williamsport', '1922-04-15');
INSERT INTO equipe (id, nom, ville, date_creation) VALUES (89, 'Rodneyview FC', 'Lake Ashleyview', '2017-03-24');
INSERT INTO equipe (id, nom, ville, date_creation) VALUES (90, 'Christinaberg FC', 'Juanmouth', '1940-08-13');
INSERT INTO equipe (id, nom, ville, date_creation) VALUES (91, 'West Jon FC', 'Jenniferborough', '1931-11-12');
INSERT INTO equipe (id, nom, ville, date_creation) VALUES (92, 'Johnsonview FC', 'South Feliciaborough', '1910-10-23');
INSERT INTO equipe (id, nom, ville, date_creation) VALUES (93, 'Burchtown FC', 'Guerramouth', '1923-12-18');
INSERT INTO equipe (id, nom, ville, date_creation) VALUES (94, 'Patelville FC', 'West Matthew', '1963-06-26');
INSERT INTO equipe (id, nom, ville, date_creation) VALUES (95, 'Timothyborough FC', 'Lake Scott', '1949-02-03');
INSERT INTO equipe (id, nom, ville, date_creation) VALUES (96, 'West Donald FC', 'East Josephville', '1974-10-05');
INSERT INTO equipe (id, nom, ville, date_creation) VALUES (97, 'West Arthur FC', 'Williamsside', '2004-01-28');
INSERT INTO equipe (id, nom, ville, date_creation) VALUES (98, 'Susanberg FC', 'South Arthurville', '1901-12-14');
INSERT INTO equipe (id, nom, ville, date_creation) VALUES (99, 'Mcconnellton FC', 'Heidiland', '1936-10-26');
INSERT INTO equipe (id, nom, ville, date_creation) VALUES (100, 'Nielsenberg FC', 'South Ryanfurt', '1908-02-12');

-- Data for arbitre
INSERT INTO arbitre (id, nom) VALUES (1, 'Miss Misty Bowman');
INSERT INTO arbitre (id, nom) VALUES (2, 'Robert Pratt');
INSERT INTO arbitre (id, nom) VALUES (3, 'Richard Gamble');
INSERT INTO arbitre (id, nom) VALUES (4, 'Steven Mitchell');
INSERT INTO arbitre (id, nom) VALUES (5, 'Derek Griffin');
INSERT INTO arbitre (id, nom) VALUES (6, 'Ryan Garcia');
INSERT INTO arbitre (id, nom) VALUES (7, 'George Lam');
INSERT INTO arbitre (id, nom) VALUES (8, 'Danielle Webb');
INSERT INTO arbitre (id, nom) VALUES (9, 'Hayden Murray');
INSERT INTO arbitre (id, nom) VALUES (10, 'Robert Singh');
INSERT INTO arbitre (id, nom) VALUES (11, 'Vanessa Jennings');
INSERT INTO arbitre (id, nom) VALUES (12, 'Suzanne Osborne');
INSERT INTO arbitre (id, nom) VALUES (13, 'David Johnson');
INSERT INTO arbitre (id, nom) VALUES (14, 'Rhonda Ho');
INSERT INTO arbitre (id, nom) VALUES (15, 'David Cochran');
INSERT INTO arbitre (id, nom) VALUES (16, 'George Mendez');
INSERT INTO arbitre (id, nom) VALUES (17, 'Paula Jones');
INSERT INTO arbitre (id, nom) VALUES (18, 'Bryce Wheeler');
INSERT INTO arbitre (id, nom) VALUES (19, 'Tracy Dunn');
INSERT INTO arbitre (id, nom) VALUES (20, 'Steven Humphrey');
INSERT INTO arbitre (id, nom) VALUES (21, 'Mark Smith');
INSERT INTO arbitre (id, nom) VALUES (22, 'Douglas Ramirez');
INSERT INTO arbitre (id, nom) VALUES (23, 'Harold Ball');
INSERT INTO arbitre (id, nom) VALUES (24, 'Jorge Moss');
INSERT INTO arbitre (id, nom) VALUES (25, 'David Lewis');
INSERT INTO arbitre (id, nom) VALUES (26, 'Thomas Parks');
INSERT INTO arbitre (id, nom) VALUES (27, 'Emily Nguyen');
INSERT INTO arbitre (id, nom) VALUES (28, 'Brandy George');
INSERT INTO arbitre (id, nom) VALUES (29, 'Ryan Brown');
INSERT INTO arbitre (id, nom) VALUES (30, 'Brian Brooks');
INSERT INTO arbitre (id, nom) VALUES (31, 'Heather Wagner');
INSERT INTO arbitre (id, nom) VALUES (32, 'Monica Johnson');
INSERT INTO arbitre (id, nom) VALUES (33, 'Tyler Dominguez');
INSERT INTO arbitre (id, nom) VALUES (34, 'Elizabeth Graham');
INSERT INTO arbitre (id, nom) VALUES (35, 'Matthew Faulkner');
INSERT INTO arbitre (id, nom) VALUES (36, 'Denise Graves');
INSERT INTO arbitre (id, nom) VALUES (37, 'John Warner');
INSERT INTO arbitre (id, nom) VALUES (38, 'Krista Franklin');
INSERT INTO arbitre (id, nom) VALUES (39, 'Cody Jones');
INSERT INTO arbitre (id, nom) VALUES (40, 'Brandon Pruitt');
INSERT INTO arbitre (id, nom) VALUES (41, 'Stephanie Davis');
INSERT INTO arbitre (id, nom) VALUES (42, 'Louis Jones');
INSERT INTO arbitre (id, nom) VALUES (43, 'Carly Johnson');
INSERT INTO arbitre (id, nom) VALUES (44, 'Sierra Davis');
INSERT INTO arbitre (id, nom) VALUES (45, 'Stephanie Fischer');
INSERT INTO arbitre (id, nom) VALUES (46, 'Steven Richardson');
INSERT INTO arbitre (id, nom) VALUES (47, 'Brian Franklin');
INSERT INTO arbitre (id, nom) VALUES (48, 'Sarah Thompson');
INSERT INTO arbitre (id, nom) VALUES (49, 'Jamie Lamb');
INSERT INTO arbitre (id, nom) VALUES (50, 'Micheal Ochoa');
INSERT INTO arbitre (id, nom) VALUES (51, 'Susan Molina');
INSERT INTO arbitre (id, nom) VALUES (52, 'Brenda Goodman');
INSERT INTO arbitre (id, nom) VALUES (53, 'Sharon Jefferson');
INSERT INTO arbitre (id, nom) VALUES (54, 'Cody Mendoza');
INSERT INTO arbitre (id, nom) VALUES (55, 'Juan Brown');
INSERT INTO arbitre (id, nom) VALUES (56, 'Richard Cruz');
INSERT INTO arbitre (id, nom) VALUES (57, 'Richard Mccarthy');
INSERT INTO arbitre (id, nom) VALUES (58, 'John Allen');
INSERT INTO arbitre (id, nom) VALUES (59, 'Chloe Price');
INSERT INTO arbitre (id, nom) VALUES (60, 'Alexander Morris');
INSERT INTO arbitre (id, nom) VALUES (61, 'Jennifer Bennett');
INSERT INTO arbitre (id, nom) VALUES (62, 'Nichole Reed');
INSERT INTO arbitre (id, nom) VALUES (63, 'Karen Walker');
INSERT INTO arbitre (id, nom) VALUES (64, 'Eric Williams');
INSERT INTO arbitre (id, nom) VALUES (65, 'Angela Torres');
INSERT INTO arbitre (id, nom) VALUES (66, 'Vanessa Davis');
INSERT INTO arbitre (id, nom) VALUES (67, 'Jimmy Jones');
INSERT INTO arbitre (id, nom) VALUES (68, 'Phillip Jones');
INSERT INTO arbitre (id, nom) VALUES (69, 'Tiffany Peterson');
INSERT INTO arbitre (id, nom) VALUES (70, 'Andrea Mcdaniel');
INSERT INTO arbitre (id, nom) VALUES (71, 'Robert Holt');
INSERT INTO arbitre (id, nom) VALUES (72, 'Andrew Miranda');
INSERT INTO arbitre (id, nom) VALUES (73, 'Chad Rogers');
INSERT INTO arbitre (id, nom) VALUES (74, 'Steven Riley');
INSERT INTO arbitre (id, nom) VALUES (75, 'John Sanchez');
INSERT INTO arbitre (id, nom) VALUES (76, 'Michael Fitzgerald');
INSERT INTO arbitre (id, nom) VALUES (77, 'Ronald Hernandez');
INSERT INTO arbitre (id, nom) VALUES (78, 'Travis Leon');
INSERT INTO arbitre (id, nom) VALUES (79, 'Erik Rocha');
INSERT INTO arbitre (id, nom) VALUES (80, 'Tara Jenkins');
INSERT INTO arbitre (id, nom) VALUES (81, 'Stacey Jones');
INSERT INTO arbitre (id, nom) VALUES (82, 'Carolyn Gonzalez');
INSERT INTO arbitre (id, nom) VALUES (83, 'Gary Brown');
INSERT INTO arbitre (id, nom) VALUES (84, 'Emily Garrett DDS');
INSERT INTO arbitre (id, nom) VALUES (85, 'Cynthia Huang');
INSERT INTO arbitre (id, nom) VALUES (86, 'Guy Stewart');
INSERT INTO arbitre (id, nom) VALUES (87, 'Destiny Guerra');
INSERT INTO arbitre (id, nom) VALUES (88, 'Matthew Wilson');
INSERT INTO arbitre (id, nom) VALUES (89, 'Sandra Dunlap');
INSERT INTO arbitre (id, nom) VALUES (90, 'Zachary Thomas');
INSERT INTO arbitre (id, nom) VALUES (91, 'Juan Stevenson');
INSERT INTO arbitre (id, nom) VALUES (92, 'Melissa Gutierrez');
INSERT INTO arbitre (id, nom) VALUES (93, 'Nicholas Price');
INSERT INTO arbitre (id, nom) VALUES (94, 'Harold Francis');
INSERT INTO arbitre (id, nom) VALUES (95, 'Jesus Vasquez');
INSERT INTO arbitre (id, nom) VALUES (96, 'Amber Moore');
INSERT INTO arbitre (id, nom) VALUES (97, 'Richard Mccarthy');
INSERT INTO arbitre (id, nom) VALUES (98, 'David Rivera');
INSERT INTO arbitre (id, nom) VALUES (99, 'Daniel Bailey');
INSERT INTO arbitre (id, nom) VALUES (100, 'Christina Wallace DDS');

-- Data for joueur
INSERT INTO joueur (id, nom, prenom, date_naissance, post) VALUES (1, 'Reed', 'Stanley', '1994-05-04', 'Gardien');
INSERT INTO joueur (id, nom, prenom, date_naissance, post) VALUES (2, 'Banks', 'Austin', '1982-03-28', 'Défenseur');
INSERT INTO joueur (id, nom, prenom, date_naissance, post) VALUES (3, 'Le', 'Lisa', '1999-02-16', 'Milieu');
INSERT INTO joueur (id, nom, prenom, date_naissance, post) VALUES (4, 'Levine', 'Jeremy', '1995-01-09', 'Défenseur');
INSERT INTO joueur (id, nom, prenom, date_naissance, post) VALUES (5, 'Snyder', 'John', '1997-01-20', 'Défenseur');
INSERT INTO joueur (id, nom, prenom, date_naissance, post) VALUES (6, 'Vasquez', 'Ryan', '1994-11-05', 'Gardien');
INSERT INTO joueur (id, nom, prenom, date_naissance, post) VALUES (7, 'Li', 'Sarah', '1985-07-30', 'Attaquant');
INSERT INTO joueur (id, nom, prenom, date_naissance, post) VALUES (8, 'Nixon', 'Shannon', '1982-07-22', 'Milieu');
INSERT INTO joueur (id, nom, prenom, date_naissance, post) VALUES (9, 'Bartlett', 'Antonio', '1994-10-27', 'Attaquant');
INSERT INTO joueur (id, nom, prenom, date_naissance, post) VALUES (10, 'Knight', 'Carol', '1982-01-17', 'Milieu');
INSERT INTO joueur (id, nom, prenom, date_naissance, post) VALUES (11, 'Lewis', 'Juan', '1988-02-29', 'Attaquant');
INSERT INTO joueur (id, nom, prenom, date_naissance, post) VALUES (12, 'Swanson', 'John', '2003-12-25', 'Milieu');
INSERT INTO joueur (id, nom, prenom, date_naissance, post) VALUES (13, 'Medina', 'Sean', '2004-10-04', 'Milieu');
INSERT INTO joueur (id, nom, prenom, date_naissance, post) VALUES (14, 'Nichols', 'Jose', '1993-03-10', 'Milieu');
INSERT INTO joueur (id, nom, prenom, date_naissance, post) VALUES (15, 'Johnson', 'Jordan', '1980-12-06', 'Milieu');
INSERT INTO joueur (id, nom, prenom, date_naissance, post) VALUES (16, 'Weaver', 'James', '2000-12-31', 'Défenseur');
INSERT INTO joueur (id, nom, prenom, date_naissance, post) VALUES (17, 'Hancock', 'Theresa', '1992-01-08', 'Gardien');
INSERT INTO joueur (id, nom, prenom, date_naissance, post) VALUES (18, 'Smith', 'Marcus', '1999-09-11', 'Défenseur');
INSERT INTO joueur (id, nom, prenom, date_naissance, post) VALUES (19, 'Powers', 'John', '1987-01-18', 'Attaquant');
INSERT INTO joueur (id, nom, prenom, date_naissance, post) VALUES (20, 'Johnson', 'Brandon', '1993-05-28', 'Attaquant');
INSERT INTO joueur (id, nom, prenom, date_naissance, post) VALUES (21, 'Pratt', 'Larry', '1984-07-26', 'Attaquant');
INSERT INTO joueur (id, nom, prenom, date_naissance, post) VALUES (22, 'Mcmahon', 'George', '1995-05-23', 'Gardien');
INSERT INTO joueur (id, nom, prenom, date_naissance, post) VALUES (23, 'Hoffman', 'Adam', '1990-02-23', 'Gardien');
INSERT INTO joueur (id, nom, prenom, date_naissance, post) VALUES (24, 'Franco', 'Rodney', '2002-06-09', 'Gardien');
INSERT INTO joueur (id, nom, prenom, date_naissance, post) VALUES (25, 'Carrillo', 'Joseph', '1999-11-20', 'Milieu');
INSERT INTO joueur (id, nom, prenom, date_naissance, post) VALUES (26, 'Fisher', 'Kirsten', '1995-10-02', 'Attaquant');
INSERT INTO joueur (id, nom, prenom, date_naissance, post) VALUES (27, 'Haas', 'Andrea', '1999-11-06', 'Défenseur');
INSERT INTO joueur (id, nom, prenom, date_naissance, post) VALUES (28, 'Lopez', 'Brandi', '1986-02-15', 'Défenseur');
INSERT INTO joueur (id, nom, prenom, date_naissance, post) VALUES (29, 'Crawford', 'Joseph', '1990-03-10', 'Gardien');
INSERT INTO joueur (id, nom, prenom, date_naissance, post) VALUES (30, 'Rivera', 'Marc', '1992-11-17', 'Milieu');
INSERT INTO joueur (id, nom, prenom, date_naissance, post) VALUES (31, 'Moore', 'Shannon', '2004-11-14', 'Gardien');
INSERT INTO joueur (id, nom, prenom, date_naissance, post) VALUES (32, 'Russell', 'Tricia', '1992-10-15', 'Attaquant');
INSERT INTO joueur (id, nom, prenom, date_naissance, post) VALUES (33, 'Turner', 'Tina', '2004-01-20', 'Défenseur');
INSERT INTO joueur (id, nom, prenom, date_naissance, post) VALUES (34, 'Nelson', 'Jason', '2001-06-24', 'Attaquant');
INSERT INTO joueur (id, nom, prenom, date_naissance, post) VALUES (35, 'Swanson', 'Robert', '1983-03-12', 'Défenseur');
INSERT INTO joueur (id, nom, prenom, date_naissance, post) VALUES (36, 'Parks', 'Angela', '1981-01-28', 'Gardien');
INSERT INTO joueur (id, nom, prenom, date_naissance, post) VALUES (37, 'Collier', 'Reginald', '2001-02-23', 'Gardien');
INSERT INTO joueur (id, nom, prenom, date_naissance, post) VALUES (38, 'Colon', 'Samantha', '1983-08-15', 'Attaquant');
INSERT INTO joueur (id, nom, prenom, date_naissance, post) VALUES (39, 'Carpenter', 'Michael', '1997-04-30', 'Gardien');
INSERT INTO joueur (id, nom, prenom, date_naissance, post) VALUES (40, 'Alvarado', 'Cody', '2002-09-10', 'Gardien');
INSERT INTO joueur (id, nom, prenom, date_naissance, post) VALUES (41, 'Smith', 'Marie', '1998-12-31', 'Gardien');
INSERT INTO joueur (id, nom, prenom, date_naissance, post) VALUES (42, 'Garner', 'Andrew', '2004-09-07', 'Défenseur');
INSERT INTO joueur (id, nom, prenom, date_naissance, post) VALUES (43, 'Lawrence', 'Kenneth', '1988-11-12', 'Défenseur');
INSERT INTO joueur (id, nom, prenom, date_naissance, post) VALUES (44, 'Cruz', 'Deborah', '1985-05-28', 'Défenseur');
INSERT INTO joueur (id, nom, prenom, date_naissance, post) VALUES (45, 'Ayala', 'Mark', '1982-05-03', 'Attaquant');
INSERT INTO joueur (id, nom, prenom, date_naissance, post) VALUES (46, 'Berry', 'Natalie', '1986-08-14', 'Défenseur');
INSERT INTO joueur (id, nom, prenom, date_naissance, post) VALUES (47, 'Farrell', 'Morgan', '1987-03-28', 'Milieu');
INSERT INTO joueur (id, nom, prenom, date_naissance, post) VALUES (48, 'Key', 'Tamara', '1985-10-14', 'Milieu');
INSERT INTO joueur (id, nom, prenom, date_naissance, post) VALUES (49, 'Johnson', 'Bob', '2000-11-03', 'Attaquant');
INSERT INTO joueur (id, nom, prenom, date_naissance, post) VALUES (50, 'Wilson', 'Linda', '1984-12-27', 'Défenseur');
INSERT INTO joueur (id, nom, prenom, date_naissance, post) VALUES (51, 'Rogers', 'Brian', '1992-01-31', 'Défenseur');
INSERT INTO joueur (id, nom, prenom, date_naissance, post) VALUES (52, 'Trevino', 'Kelly', '1984-07-15', 'Milieu');
INSERT INTO joueur (id, nom, prenom, date_naissance, post) VALUES (53, 'Fisher', 'Jennifer', '1985-05-06', 'Défenseur');
INSERT INTO joueur (id, nom, prenom, date_naissance, post) VALUES (54, 'Ray', 'Troy', '1993-04-08', 'Défenseur');
INSERT INTO joueur (id, nom, prenom, date_naissance, post) VALUES (55, 'Jones', 'Sarah', '2001-02-06', 'Attaquant');
INSERT INTO joueur (id, nom, prenom, date_naissance, post) VALUES (56, 'Carlson', 'Elizabeth', '1982-06-03', 'Défenseur');
INSERT INTO joueur (id, nom, prenom, date_naissance, post) VALUES (57, 'Payne', 'Steven', '2004-06-23', 'Attaquant');
INSERT INTO joueur (id, nom, prenom, date_naissance, post) VALUES (58, 'Snow', 'Derrick', '1988-02-10', 'Milieu');
INSERT INTO joueur (id, nom, prenom, date_naissance, post) VALUES (59, 'Thompson', 'John', '1998-06-02', 'Attaquant');
INSERT INTO joueur (id, nom, prenom, date_naissance, post) VALUES (60, 'Brown', 'Allison', '2002-08-21', 'Attaquant');
INSERT INTO joueur (id, nom, prenom, date_naissance, post) VALUES (61, 'Williams', 'Luis', '1994-03-02', 'Attaquant');
INSERT INTO joueur (id, nom, prenom, date_naissance, post) VALUES (62, 'Harrington', 'Robert', '1983-05-08', 'Défenseur');
INSERT INTO joueur (id, nom, prenom, date_naissance, post) VALUES (63, 'Schultz', 'Walter', '1983-08-08', 'Défenseur');
INSERT INTO joueur (id, nom, prenom, date_naissance, post) VALUES (64, 'Clark', 'Steven', '2002-10-27', 'Gardien');
INSERT INTO joueur (id, nom, prenom, date_naissance, post) VALUES (65, 'Ortiz', 'Brooke', '1981-07-09', 'Gardien');
INSERT INTO joueur (id, nom, prenom, date_naissance, post) VALUES (66, 'Velasquez', 'John', '1995-12-24', 'Milieu');
INSERT INTO joueur (id, nom, prenom, date_naissance, post) VALUES (67, 'Howe', 'Brandon', '1981-08-05', 'Gardien');
INSERT INTO joueur (id, nom, prenom, date_naissance, post) VALUES (68, 'Michael', 'Tina', '1987-02-12', 'Défenseur');
INSERT INTO joueur (id, nom, prenom, date_naissance, post) VALUES (69, 'Erickson', 'Peter', '1985-06-24', 'Attaquant');
INSERT INTO joueur (id, nom, prenom, date_naissance, post) VALUES (70, 'Wright', 'Bradley', '1999-03-10', 'Milieu');
INSERT INTO joueur (id, nom, prenom, date_naissance, post) VALUES (71, 'Sims', 'Glen', '1980-10-14', 'Défenseur');
INSERT INTO joueur (id, nom, prenom, date_naissance, post) VALUES (72, 'Wood', 'David', '1994-04-30', 'Attaquant');
INSERT INTO joueur (id, nom, prenom, date_naissance, post) VALUES (73, 'Williams', 'Jonathan', '2004-08-25', 'Défenseur');
INSERT INTO joueur (id, nom, prenom, date_naissance, post) VALUES (74, 'Irwin', 'Nicole', '1988-09-10', 'Défenseur');
INSERT INTO joueur (id, nom, prenom, date_naissance, post) VALUES (75, 'Sullivan', 'Larry', '1989-03-19', 'Attaquant');
INSERT INTO joueur (id, nom, prenom, date_naissance, post) VALUES (76, 'Davis', 'Robin', '1990-05-08', 'Défenseur');
INSERT INTO joueur (id, nom, prenom, date_naissance, post) VALUES (77, 'Osborne', 'Ashley', '1981-05-01', 'Gardien');
INSERT INTO joueur (id, nom, prenom, date_naissance, post) VALUES (78, 'Terry', 'Heather', '2002-10-05', 'Défenseur');
INSERT INTO joueur (id, nom, prenom, date_naissance, post) VALUES (79, 'Anderson', 'Aaron', '1982-05-15', 'Gardien');
INSERT INTO joueur (id, nom, prenom, date_naissance, post) VALUES (80, 'Martinez', 'Joshua', '2000-03-01', 'Attaquant');
INSERT INTO joueur (id, nom, prenom, date_naissance, post) VALUES (81, 'Robinson', 'Kristen', '1999-07-04', 'Milieu');
INSERT INTO joueur (id, nom, prenom, date_naissance, post) VALUES (82, 'Romero', 'Vincent', '1990-07-09', 'Défenseur');
INSERT INTO joueur (id, nom, prenom, date_naissance, post) VALUES (83, 'Jimenez', 'Jessica', '2001-07-01', 'Défenseur');
INSERT INTO joueur (id, nom, prenom, date_naissance, post) VALUES (84, 'Moore', 'Stacey', '2002-09-12', 'Gardien');
INSERT INTO joueur (id, nom, prenom, date_naissance, post) VALUES (85, 'Burns', 'Hunter', '2000-06-22', 'Défenseur');
INSERT INTO joueur (id, nom, prenom, date_naissance, post) VALUES (86, 'Gonzalez', 'Austin', '1989-06-25', 'Milieu');
INSERT INTO joueur (id, nom, prenom, date_naissance, post) VALUES (87, 'Conner', 'Kristen', '1989-01-10', 'Gardien');
INSERT INTO joueur (id, nom, prenom, date_naissance, post) VALUES (88, 'Adkins', 'Nicole', '1993-01-11', 'Milieu');
INSERT INTO joueur (id, nom, prenom, date_naissance, post) VALUES (89, 'Scott', 'Timothy', '1983-01-12', 'Gardien');
INSERT INTO joueur (id, nom, prenom, date_naissance, post) VALUES (90, 'Sutton', 'David', '1990-07-09', 'Gardien');
INSERT INTO joueur (id, nom, prenom, date_naissance, post) VALUES (91, 'Glass', 'Brian', '2000-08-22', 'Milieu');
INSERT INTO joueur (id, nom, prenom, date_naissance, post) VALUES (92, 'Scott', 'Lance', '1980-05-19', 'Gardien');
INSERT INTO joueur (id, nom, prenom, date_naissance, post) VALUES (93, 'Anthony', 'Brian', '1987-05-09', 'Défenseur');
INSERT INTO joueur (id, nom, prenom, date_naissance, post) VALUES (94, 'Gross', 'Derek', '1999-11-15', 'Milieu');
INSERT INTO joueur (id, nom, prenom, date_naissance, post) VALUES (95, 'Rodriguez', 'Michael', '1985-01-23', 'Attaquant');
INSERT INTO joueur (id, nom, prenom, date_naissance, post) VALUES (96, 'Burgess', 'Andrew', '1991-08-17', 'Défenseur');
INSERT INTO joueur (id, nom, prenom, date_naissance, post) VALUES (97, 'Hill', 'Megan', '1995-12-13', 'Défenseur');
INSERT INTO joueur (id, nom, prenom, date_naissance, post) VALUES (98, 'Garcia', 'Brooke', '1992-04-24', 'Milieu');
INSERT INTO joueur (id, nom, prenom, date_naissance, post) VALUES (99, 'Freeman', 'Tony', '2003-06-08', 'Gardien');
INSERT INTO joueur (id, nom, prenom, date_naissance, post) VALUES (100, 'Reyes', 'Zachary', '1996-01-02', 'Gardien');
INSERT INTO joueur (id, nom, prenom, date_naissance, post) VALUES (101, 'Williams', 'Brian', '1981-07-04', 'Milieu');
INSERT INTO joueur (id, nom, prenom, date_naissance, post) VALUES (102, 'Adams', 'John', '1986-03-06', 'Milieu');
INSERT INTO joueur (id, nom, prenom, date_naissance, post) VALUES (103, 'Thompson', 'Stephanie', '1998-01-15', 'Milieu');
INSERT INTO joueur (id, nom, prenom, date_naissance, post) VALUES (104, 'Orozco', 'Thomas', '1989-11-21', 'Défenseur');
INSERT INTO joueur (id, nom, prenom, date_naissance, post) VALUES (105, 'West', 'Robert', '1993-06-15', 'Défenseur');
INSERT INTO joueur (id, nom, prenom, date_naissance, post) VALUES (106, 'Harmon', 'Anthony', '1984-06-23', 'Milieu');
INSERT INTO joueur (id, nom, prenom, date_naissance, post) VALUES (107, 'Ward', 'Olivia', '1980-10-17', 'Défenseur');
INSERT INTO joueur (id, nom, prenom, date_naissance, post) VALUES (108, 'Delgado', 'Kathleen', '1985-09-17', 'Défenseur');
INSERT INTO joueur (id, nom, prenom, date_naissance, post) VALUES (109, 'Jenkins', 'Stephen', '1992-11-04', 'Défenseur');
INSERT INTO joueur (id, nom, prenom, date_naissance, post) VALUES (110, 'Williams', 'Mackenzie', '2003-02-18', 'Défenseur');
INSERT INTO joueur (id, nom, prenom, date_naissance, post) VALUES (111, 'Zuniga', 'Emily', '1998-01-22', 'Gardien');
INSERT INTO joueur (id, nom, prenom, date_naissance, post) VALUES (112, 'Jones', 'Virginia', '1995-11-20', 'Défenseur');
INSERT INTO joueur (id, nom, prenom, date_naissance, post) VALUES (113, 'Powell', 'Christopher', '1996-05-06', 'Défenseur');
INSERT INTO joueur (id, nom, prenom, date_naissance, post) VALUES (114, 'Bonilla', 'Peter', '1984-10-13', 'Milieu');
INSERT INTO joueur (id, nom, prenom, date_naissance, post) VALUES (115, 'Mendoza', 'Andrew', '1980-04-08', 'Gardien');
INSERT INTO joueur (id, nom, prenom, date_naissance, post) VALUES (116, 'Baker', 'Michael', '2003-06-30', 'Gardien');
INSERT INTO joueur (id, nom, prenom, date_naissance, post) VALUES (117, 'Hughes', 'Daniel', '1981-06-15', 'Défenseur');
INSERT INTO joueur (id, nom, prenom, date_naissance, post) VALUES (118, 'Johnson', 'Roberta', '2004-12-22', 'Gardien');
INSERT INTO joueur (id, nom, prenom, date_naissance, post) VALUES (119, 'Murray', 'Stephanie', '2000-03-09', 'Attaquant');
INSERT INTO joueur (id, nom, prenom, date_naissance, post) VALUES (120, 'Roberts', 'Charles', '1989-10-24', 'Gardien');
INSERT INTO joueur (id, nom, prenom, date_naissance, post) VALUES (121, 'Lester', 'Monica', '1990-02-17', 'Milieu');
INSERT INTO joueur (id, nom, prenom, date_naissance, post) VALUES (122, 'Sutton', 'William', '1983-01-12', 'Défenseur');
INSERT INTO joueur (id, nom, prenom, date_naissance, post) VALUES (123, 'Barber', 'Tiffany', '1993-05-26', 'Milieu');
INSERT INTO joueur (id, nom, prenom, date_naissance, post) VALUES (124, 'Watkins', 'Jenna', '1986-08-11', 'Gardien');
INSERT INTO joueur (id, nom, prenom, date_naissance, post) VALUES (125, 'King', 'Patricia', '1991-05-27', 'Gardien');
INSERT INTO joueur (id, nom, prenom, date_naissance, post) VALUES (126, 'May', 'Jason', '1992-04-19', 'Gardien');
INSERT INTO joueur (id, nom, prenom, date_naissance, post) VALUES (127, 'Green', 'Brenda', '1982-03-01', 'Attaquant');
INSERT INTO joueur (id, nom, prenom, date_naissance, post) VALUES (128, 'Cantrell', 'Kathryn', '1997-07-08', 'Gardien');
INSERT INTO joueur (id, nom, prenom, date_naissance, post) VALUES (129, 'Dean', 'Kristen', '1982-10-06', 'Attaquant');
INSERT INTO joueur (id, nom, prenom, date_naissance, post) VALUES (130, 'Williams', 'Ashley', '2003-03-20', 'Milieu');
INSERT INTO joueur (id, nom, prenom, date_naissance, post) VALUES (131, 'Sosa', 'Alec', '1981-01-08', 'Milieu');
INSERT INTO joueur (id, nom, prenom, date_naissance, post) VALUES (132, 'Parker', 'Marvin', '2002-09-05', 'Attaquant');
INSERT INTO joueur (id, nom, prenom, date_naissance, post) VALUES (133, 'Miller', 'Peter', '2000-05-10', 'Milieu');
INSERT INTO joueur (id, nom, prenom, date_naissance, post) VALUES (134, 'Gray', 'Robert', '1991-11-11', 'Gardien');
INSERT INTO joueur (id, nom, prenom, date_naissance, post) VALUES (135, 'White', 'Taylor', '1980-10-20', 'Milieu');
INSERT INTO joueur (id, nom, prenom, date_naissance, post) VALUES (136, 'Hall', 'Jack', '2003-01-16', 'Gardien');
INSERT INTO joueur (id, nom, prenom, date_naissance, post) VALUES (137, 'Henderson', 'Sylvia', '2001-03-01', 'Défenseur');
INSERT INTO joueur (id, nom, prenom, date_naissance, post) VALUES (138, 'Wilson', 'Clinton', '1989-08-04', 'Attaquant');
INSERT INTO joueur (id, nom, prenom, date_naissance, post) VALUES (139, 'Garner', 'Shawn', '1993-06-03', 'Milieu');
INSERT INTO joueur (id, nom, prenom, date_naissance, post) VALUES (140, 'Gallagher', 'Renee', '1996-03-16', 'Milieu');
INSERT INTO joueur (id, nom, prenom, date_naissance, post) VALUES (141, 'Moreno', 'Dorothy', '1987-08-05', 'Attaquant');
INSERT INTO joueur (id, nom, prenom, date_naissance, post) VALUES (142, 'Jackson', 'Edward', '1991-06-02', 'Milieu');
INSERT INTO joueur (id, nom, prenom, date_naissance, post) VALUES (143, 'Wallace', 'Gerald', '2000-09-29', 'Gardien');
INSERT INTO joueur (id, nom, prenom, date_naissance, post) VALUES (144, 'Collins', 'Ian', '2000-10-26', 'Gardien');
INSERT INTO joueur (id, nom, prenom, date_naissance, post) VALUES (145, 'Good', 'Steven', '2000-01-10', 'Milieu');
INSERT INTO joueur (id, nom, prenom, date_naissance, post) VALUES (146, 'Woods', 'Meagan', '1994-08-29', 'Gardien');
INSERT INTO joueur (id, nom, prenom, date_naissance, post) VALUES (147, 'Bowman', 'Thomas', '1997-12-16', 'Gardien');
INSERT INTO joueur (id, nom, prenom, date_naissance, post) VALUES (148, 'Brown', 'Allison', '1983-05-08', 'Gardien');
INSERT INTO joueur (id, nom, prenom, date_naissance, post) VALUES (149, 'Michael', 'Lauren', '1992-04-15', 'Milieu');
INSERT INTO joueur (id, nom, prenom, date_naissance, post) VALUES (150, 'Barton', 'Anna', '2000-01-26', 'Gardien');
INSERT INTO joueur (id, nom, prenom, date_naissance, post) VALUES (151, 'Carpenter', 'Tamara', '2004-04-07', 'Milieu');
INSERT INTO joueur (id, nom, prenom, date_naissance, post) VALUES (152, 'Adams', 'Michelle', '1994-11-30', 'Attaquant');
INSERT INTO joueur (id, nom, prenom, date_naissance, post) VALUES (153, 'Campbell', 'Natalie', '1982-01-24', 'Gardien');
INSERT INTO joueur (id, nom, prenom, date_naissance, post) VALUES (154, 'House', 'Christina', '1989-01-30', 'Gardien');
INSERT INTO joueur (id, nom, prenom, date_naissance, post) VALUES (155, 'Martinez', 'Danielle', '1996-03-06', 'Gardien');
INSERT INTO joueur (id, nom, prenom, date_naissance, post) VALUES (156, 'Davis', 'Edward', '2002-08-29', 'Gardien');
INSERT INTO joueur (id, nom, prenom, date_naissance, post) VALUES (157, 'Hartman', 'Chad', '1984-01-04', 'Défenseur');
INSERT INTO joueur (id, nom, prenom, date_naissance, post) VALUES (158, 'Lam', 'David', '1991-10-04', 'Milieu');
INSERT INTO joueur (id, nom, prenom, date_naissance, post) VALUES (159, 'Ruiz', 'Stephen', '1991-05-19', 'Gardien');
INSERT INTO joueur (id, nom, prenom, date_naissance, post) VALUES (160, 'Ellis', 'Christopher', '1988-01-01', 'Gardien');
INSERT INTO joueur (id, nom, prenom, date_naissance, post) VALUES (161, 'Myers', 'Eileen', '1992-06-14', 'Milieu');
INSERT INTO joueur (id, nom, prenom, date_naissance, post) VALUES (162, 'Brennan', 'Christopher', '1997-10-15', 'Gardien');
INSERT INTO joueur (id, nom, prenom, date_naissance, post) VALUES (163, 'Mitchell', 'Heather', '1993-01-29', 'Gardien');
INSERT INTO joueur (id, nom, prenom, date_naissance, post) VALUES (164, 'Chandler', 'Zachary', '1999-09-10', 'Gardien');
INSERT INTO joueur (id, nom, prenom, date_naissance, post) VALUES (165, 'Lawson', 'Morgan', '1981-06-13', 'Défenseur');
INSERT INTO joueur (id, nom, prenom, date_naissance, post) VALUES (166, 'Hopkins', 'Hunter', '1997-06-04', 'Défenseur');
INSERT INTO joueur (id, nom, prenom, date_naissance, post) VALUES (167, 'Ware', 'Adam', '1999-06-12', 'Attaquant');
INSERT INTO joueur (id, nom, prenom, date_naissance, post) VALUES (168, 'Snyder', 'Jennifer', '1998-05-02', 'Attaquant');
INSERT INTO joueur (id, nom, prenom, date_naissance, post) VALUES (169, 'Rice', 'Chloe', '1992-07-08', 'Gardien');
INSERT INTO joueur (id, nom, prenom, date_naissance, post) VALUES (170, 'Barron', 'Edward', '1987-09-13', 'Attaquant');
INSERT INTO joueur (id, nom, prenom, date_naissance, post) VALUES (171, 'Maddox', 'Nancy', '1991-03-23', 'Milieu');
INSERT INTO joueur (id, nom, prenom, date_naissance, post) VALUES (172, 'Lewis', 'Tyler', '1988-05-18', 'Gardien');
INSERT INTO joueur (id, nom, prenom, date_naissance, post) VALUES (173, 'Roberts', 'Aaron', '1986-01-26', 'Milieu');
INSERT INTO joueur (id, nom, prenom, date_naissance, post) VALUES (174, 'Mcdonald', 'Mary', '1990-08-04', 'Gardien');
INSERT INTO joueur (id, nom, prenom, date_naissance, post) VALUES (175, 'Williams', 'Aaron', '1986-03-22', 'Gardien');
INSERT INTO joueur (id, nom, prenom, date_naissance, post) VALUES (176, 'Bennett', 'Kimberly', '2000-09-03', 'Gardien');
INSERT INTO joueur (id, nom, prenom, date_naissance, post) VALUES (177, 'Lee', 'Daniel', '1996-02-21', 'Gardien');
INSERT INTO joueur (id, nom, prenom, date_naissance, post) VALUES (178, 'Thomas', 'Brian', '1983-04-25', 'Défenseur');
INSERT INTO joueur (id, nom, prenom, date_naissance, post) VALUES (179, 'Beasley', 'James', '1992-06-14', 'Milieu');
INSERT INTO joueur (id, nom, prenom, date_naissance, post) VALUES (180, 'Walker', 'Rose', '1998-05-27', 'Gardien');
INSERT INTO joueur (id, nom, prenom, date_naissance, post) VALUES (181, 'Craig', 'Nicole', '2002-01-28', 'Attaquant');
INSERT INTO joueur (id, nom, prenom, date_naissance, post) VALUES (182, 'Patterson', 'Sara', '1987-10-25', 'Milieu');
INSERT INTO joueur (id, nom, prenom, date_naissance, post) VALUES (183, 'Taylor', 'Jeremy', '2004-08-30', 'Milieu');
INSERT INTO joueur (id, nom, prenom, date_naissance, post) VALUES (184, 'Gardner', 'Sarah', '1980-04-15', 'Attaquant');
INSERT INTO joueur (id, nom, prenom, date_naissance, post) VALUES (185, 'Mckee', 'Rhonda', '1999-04-24', 'Attaquant');
INSERT INTO joueur (id, nom, prenom, date_naissance, post) VALUES (186, 'Smith', 'Cassandra', '1997-09-23', 'Attaquant');
INSERT INTO joueur (id, nom, prenom, date_naissance, post) VALUES (187, 'Rodriguez', 'Jenny', '1989-01-18', 'Attaquant');
INSERT INTO joueur (id, nom, prenom, date_naissance, post) VALUES (188, 'Johnson', 'Jesse', '1991-01-01', 'Gardien');
INSERT INTO joueur (id, nom, prenom, date_naissance, post) VALUES (189, 'Hoffman', 'Amanda', '1996-02-10', 'Défenseur');
INSERT INTO joueur (id, nom, prenom, date_naissance, post) VALUES (190, 'Beck', 'Jason', '1990-03-07', 'Gardien');
INSERT INTO joueur (id, nom, prenom, date_naissance, post) VALUES (191, 'Savage', 'Clifford', '1986-01-09', 'Défenseur');
INSERT INTO joueur (id, nom, prenom, date_naissance, post) VALUES (192, 'Conley', 'Christine', '1981-05-16', 'Gardien');
INSERT INTO joueur (id, nom, prenom, date_naissance, post) VALUES (193, 'Park', 'Juan', '1983-06-01', 'Défenseur');
INSERT INTO joueur (id, nom, prenom, date_naissance, post) VALUES (194, 'Ayers', 'Rebecca', '1982-08-09', 'Gardien');
INSERT INTO joueur (id, nom, prenom, date_naissance, post) VALUES (195, 'Black', 'Angel', '1991-04-25', 'Défenseur');
INSERT INTO joueur (id, nom, prenom, date_naissance, post) VALUES (196, 'Allen', 'Laura', '1992-06-05', 'Gardien');
INSERT INTO joueur (id, nom, prenom, date_naissance, post) VALUES (197, 'Anderson', 'Steven', '1997-07-29', 'Défenseur');
INSERT INTO joueur (id, nom, prenom, date_naissance, post) VALUES (198, 'Mcclain', 'Eugene', '1987-04-12', 'Défenseur');
INSERT INTO joueur (id, nom, prenom, date_naissance, post) VALUES (199, 'Guzman', 'Yvette', '1981-02-07', 'Gardien');
INSERT INTO joueur (id, nom, prenom, date_naissance, post) VALUES (200, 'Martin', 'Morgan', '1993-04-06', 'Défenseur');
INSERT INTO joueur (id, nom, prenom, date_naissance, post) VALUES (201, 'Bradley', 'Jason', '1991-09-22', 'Milieu');
INSERT INTO joueur (id, nom, prenom, date_naissance, post) VALUES (202, 'Lewis', 'Mallory', '1996-01-21', 'Attaquant');
INSERT INTO joueur (id, nom, prenom, date_naissance, post) VALUES (203, 'Wong', 'Ann', '1985-05-14', 'Attaquant');
INSERT INTO joueur (id, nom, prenom, date_naissance, post) VALUES (204, 'Martin', 'Jessica', '1983-07-03', 'Défenseur');
INSERT INTO joueur (id, nom, prenom, date_naissance, post) VALUES (205, 'Cruz', 'Vickie', '1993-11-25', 'Gardien');
INSERT INTO joueur (id, nom, prenom, date_naissance, post) VALUES (206, 'Gibbs', 'Joshua', '1996-08-25', 'Milieu');
INSERT INTO joueur (id, nom, prenom, date_naissance, post) VALUES (207, 'Gonzales', 'Erica', '1993-06-10', 'Attaquant');
INSERT INTO joueur (id, nom, prenom, date_naissance, post) VALUES (208, 'Schneider', 'Vanessa', '1984-05-15', 'Gardien');
INSERT INTO joueur (id, nom, prenom, date_naissance, post) VALUES (209, 'Giles', 'Michael', '1996-04-10', 'Milieu');
INSERT INTO joueur (id, nom, prenom, date_naissance, post) VALUES (210, 'Ramirez', 'Eric', '1992-03-07', 'Gardien');
INSERT INTO joueur (id, nom, prenom, date_naissance, post) VALUES (211, 'Myers', 'Robert', '2004-01-01', 'Défenseur');
INSERT INTO joueur (id, nom, prenom, date_naissance, post) VALUES (212, 'Burke', 'Victoria', '1994-12-15', 'Gardien');
INSERT INTO joueur (id, nom, prenom, date_naissance, post) VALUES (213, 'Johnson', 'Jeremiah', '1999-10-06', 'Défenseur');
INSERT INTO joueur (id, nom, prenom, date_naissance, post) VALUES (214, 'Mitchell', 'Aaron', '1984-09-12', 'Attaquant');
INSERT INTO joueur (id, nom, prenom, date_naissance, post) VALUES (215, 'Dixon', 'Rhonda', '1985-05-07', 'Attaquant');
INSERT INTO joueur (id, nom, prenom, date_naissance, post) VALUES (216, 'Boyd', 'Jose', '1994-11-27', 'Gardien');
INSERT INTO joueur (id, nom, prenom, date_naissance, post) VALUES (217, 'Richardson', 'Dana', '1991-12-20', 'Défenseur');
INSERT INTO joueur (id, nom, prenom, date_naissance, post) VALUES (218, 'Perez', 'Andrew', '1980-02-09', 'Défenseur');
INSERT INTO joueur (id, nom, prenom, date_naissance, post) VALUES (219, 'Spencer', 'Roberta', '1994-06-07', 'Gardien');
INSERT INTO joueur (id, nom, prenom, date_naissance, post) VALUES (220, 'Smith', 'Richard', '1981-01-10', 'Gardien');
INSERT INTO joueur (id, nom, prenom, date_naissance, post) VALUES (221, 'Peterson', 'Jessica', '1992-08-05', 'Milieu');
INSERT INTO joueur (id, nom, prenom, date_naissance, post) VALUES (222, 'Brooks', 'Samuel', '1993-10-12', 'Gardien');
INSERT INTO joueur (id, nom, prenom, date_naissance, post) VALUES (223, 'Montgomery', 'Tina', '1988-06-10', 'Attaquant');
INSERT INTO joueur (id, nom, prenom, date_naissance, post) VALUES (224, 'Mendez', 'Jennifer', '1998-07-28', 'Milieu');
INSERT INTO joueur (id, nom, prenom, date_naissance, post) VALUES (225, 'Lin', 'Michael', '1998-04-15', 'Attaquant');
INSERT INTO joueur (id, nom, prenom, date_naissance, post) VALUES (226, 'Hughes', 'Daniel', '1991-11-20', 'Défenseur');
INSERT INTO joueur (id, nom, prenom, date_naissance, post) VALUES (227, 'Holland', 'Mark', '2003-06-25', 'Défenseur');
INSERT INTO joueur (id, nom, prenom, date_naissance, post) VALUES (228, 'Duffy', 'Emily', '1988-06-18', 'Attaquant');
INSERT INTO joueur (id, nom, prenom, date_naissance, post) VALUES (229, 'Morgan', 'Nicholas', '1982-01-01', 'Gardien');
INSERT INTO joueur (id, nom, prenom, date_naissance, post) VALUES (230, 'Schmitt', 'Emily', '1993-06-19', 'Défenseur');
INSERT INTO joueur (id, nom, prenom, date_naissance, post) VALUES (231, 'Carpenter', 'Lisa', '1997-07-25', 'Attaquant');
INSERT INTO joueur (id, nom, prenom, date_naissance, post) VALUES (232, 'Camacho', 'Jessica', '2000-01-06', 'Gardien');
INSERT INTO joueur (id, nom, prenom, date_naissance, post) VALUES (233, 'Peterson', 'Juan', '1990-06-16', 'Milieu');
INSERT INTO joueur (id, nom, prenom, date_naissance, post) VALUES (234, 'Davidson', 'Adam', '1997-12-14', 'Défenseur');
INSERT INTO joueur (id, nom, prenom, date_naissance, post) VALUES (235, 'Cook', 'Jill', '1995-01-26', 'Milieu');
INSERT INTO joueur (id, nom, prenom, date_naissance, post) VALUES (236, 'Hansen', 'Kevin', '1996-08-19', 'Gardien');
INSERT INTO joueur (id, nom, prenom, date_naissance, post) VALUES (237, 'Mckenzie', 'Ashley', '1984-05-06', 'Gardien');
INSERT INTO joueur (id, nom, prenom, date_naissance, post) VALUES (238, 'Harris', 'Summer', '1995-10-18', 'Défenseur');
INSERT INTO joueur (id, nom, prenom, date_naissance, post) VALUES (239, 'Ali', 'Emma', '1993-05-27', 'Attaquant');
INSERT INTO joueur (id, nom, prenom, date_naissance, post) VALUES (240, 'Carlson', 'Erik', '1992-07-26', 'Milieu');
INSERT INTO joueur (id, nom, prenom, date_naissance, post) VALUES (241, 'Chavez', 'Heather', '1990-02-01', 'Défenseur');
INSERT INTO joueur (id, nom, prenom, date_naissance, post) VALUES (242, 'Rogers', 'John', '1999-12-17', 'Gardien');
INSERT INTO joueur (id, nom, prenom, date_naissance, post) VALUES (243, 'Hardy', 'Tiffany', '1990-01-14', 'Attaquant');
INSERT INTO joueur (id, nom, prenom, date_naissance, post) VALUES (244, 'White', 'Brent', '1992-01-06', 'Défenseur');
INSERT INTO joueur (id, nom, prenom, date_naissance, post) VALUES (245, 'Schultz', 'Kayla', '1991-10-03', 'Attaquant');
INSERT INTO joueur (id, nom, prenom, date_naissance, post) VALUES (246, 'White', 'Michael', '1986-12-10', 'Attaquant');
INSERT INTO joueur (id, nom, prenom, date_naissance, post) VALUES (247, 'Washington', 'Taylor', '1987-05-11', 'Défenseur');
INSERT INTO joueur (id, nom, prenom, date_naissance, post) VALUES (248, 'Burke', 'Jessica', '1992-02-28', 'Milieu');
INSERT INTO joueur (id, nom, prenom, date_naissance, post) VALUES (249, 'Drake', 'Vanessa', '2004-04-14', 'Défenseur');
INSERT INTO joueur (id, nom, prenom, date_naissance, post) VALUES (250, 'Hill', 'Robert', '1997-06-17', 'Milieu');
INSERT INTO joueur (id, nom, prenom, date_naissance, post) VALUES (251, 'Jones', 'Donna', '2004-06-06', 'Attaquant');
INSERT INTO joueur (id, nom, prenom, date_naissance, post) VALUES (252, 'Williams', 'Edwin', '1998-09-07', 'Milieu');
INSERT INTO joueur (id, nom, prenom, date_naissance, post) VALUES (253, 'Jones', 'Megan', '1995-02-20', 'Défenseur');
INSERT INTO joueur (id, nom, prenom, date_naissance, post) VALUES (254, 'Luna', 'Tammy', '2002-12-31', 'Gardien');
INSERT INTO joueur (id, nom, prenom, date_naissance, post) VALUES (255, 'Jones', 'Matthew', '1984-05-23', 'Défenseur');
INSERT INTO joueur (id, nom, prenom, date_naissance, post) VALUES (256, 'Glover', 'Catherine', '1989-03-09', 'Gardien');
INSERT INTO joueur (id, nom, prenom, date_naissance, post) VALUES (257, 'Baker', 'Tiffany', '2003-03-26', 'Défenseur');
INSERT INTO joueur (id, nom, prenom, date_naissance, post) VALUES (258, 'Wilson', 'Jean', '1987-07-02', 'Gardien');
INSERT INTO joueur (id, nom, prenom, date_naissance, post) VALUES (259, 'Contreras', 'Priscilla', '1995-03-06', 'Défenseur');
INSERT INTO joueur (id, nom, prenom, date_naissance, post) VALUES (260, 'Henry', 'Jeffrey', '1996-02-21', 'Milieu');
INSERT INTO joueur (id, nom, prenom, date_naissance, post) VALUES (261, 'Garcia', 'Jaime', '1985-01-14', 'Gardien');
INSERT INTO joueur (id, nom, prenom, date_naissance, post) VALUES (262, 'Bennett', 'Gerald', '1987-01-05', 'Gardien');
INSERT INTO joueur (id, nom, prenom, date_naissance, post) VALUES (263, 'Howard', 'Kenneth', '1998-08-31', 'Milieu');
INSERT INTO joueur (id, nom, prenom, date_naissance, post) VALUES (264, 'Dixon', 'Gary', '1992-03-10', 'Milieu');
INSERT INTO joueur (id, nom, prenom, date_naissance, post) VALUES (265, 'Thompson', 'Zachary', '2002-03-30', 'Attaquant');
INSERT INTO joueur (id, nom, prenom, date_naissance, post) VALUES (266, 'Williams', 'Trevor', '1996-01-22', 'Attaquant');
INSERT INTO joueur (id, nom, prenom, date_naissance, post) VALUES (267, 'Kline', 'Kristy', '1990-12-26', 'Gardien');
INSERT INTO joueur (id, nom, prenom, date_naissance, post) VALUES (268, 'Schmidt', 'Ashley', '1996-04-01', 'Défenseur');
INSERT INTO joueur (id, nom, prenom, date_naissance, post) VALUES (269, 'Lynch', 'Chad', '1995-09-23', 'Défenseur');
INSERT INTO joueur (id, nom, prenom, date_naissance, post) VALUES (270, 'Lee', 'Kathy', '1997-04-24', 'Attaquant');
INSERT INTO joueur (id, nom, prenom, date_naissance, post) VALUES (271, 'Foley', 'Meghan', '1990-03-09', 'Gardien');
INSERT INTO joueur (id, nom, prenom, date_naissance, post) VALUES (272, 'Brown', 'Deborah', '2004-08-08', 'Gardien');
INSERT INTO joueur (id, nom, prenom, date_naissance, post) VALUES (273, 'Reyes', 'David', '2002-05-21', 'Milieu');
INSERT INTO joueur (id, nom, prenom, date_naissance, post) VALUES (274, 'Moore', 'Susan', '2003-06-09', 'Attaquant');
INSERT INTO joueur (id, nom, prenom, date_naissance, post) VALUES (275, 'Jenkins', 'Eric', '2003-03-02', 'Défenseur');
INSERT INTO joueur (id, nom, prenom, date_naissance, post) VALUES (276, 'Ramos', 'Stephanie', '2000-08-13', 'Gardien');
INSERT INTO joueur (id, nom, prenom, date_naissance, post) VALUES (277, 'Trujillo', 'Patrick', '1988-01-31', 'Défenseur');
INSERT INTO joueur (id, nom, prenom, date_naissance, post) VALUES (278, 'Williams', 'Susan', '2002-10-07', 'Défenseur');
INSERT INTO joueur (id, nom, prenom, date_naissance, post) VALUES (279, 'Jones', 'Donald', '1980-09-05', 'Gardien');
INSERT INTO joueur (id, nom, prenom, date_naissance, post) VALUES (280, 'Smith', 'Bobby', '1994-12-21', 'Gardien');
INSERT INTO joueur (id, nom, prenom, date_naissance, post) VALUES (281, 'Castro', 'James', '1993-09-09', 'Gardien');
INSERT INTO joueur (id, nom, prenom, date_naissance, post) VALUES (282, 'Shepherd', 'Daniel', '1989-11-27', 'Attaquant');
INSERT INTO joueur (id, nom, prenom, date_naissance, post) VALUES (283, 'Kent', 'Lisa', '2001-08-12', 'Milieu');
INSERT INTO joueur (id, nom, prenom, date_naissance, post) VALUES (284, 'Rios', 'Suzanne', '1988-05-28', 'Milieu');
INSERT INTO joueur (id, nom, prenom, date_naissance, post) VALUES (285, 'Davis', 'Cory', '1981-11-09', 'Défenseur');
INSERT INTO joueur (id, nom, prenom, date_naissance, post) VALUES (286, 'Cooper', 'Brandy', '1988-07-15', 'Attaquant');
INSERT INTO joueur (id, nom, prenom, date_naissance, post) VALUES (287, 'Russell', 'Gina', '1987-11-24', 'Défenseur');
INSERT INTO joueur (id, nom, prenom, date_naissance, post) VALUES (288, 'Perry', 'Randy', '1984-12-24', 'Gardien');
INSERT INTO joueur (id, nom, prenom, date_naissance, post) VALUES (289, 'Luna', 'Connor', '1990-11-13', 'Attaquant');
INSERT INTO joueur (id, nom, prenom, date_naissance, post) VALUES (290, 'Randall', 'Douglas', '1996-06-26', 'Gardien');
INSERT INTO joueur (id, nom, prenom, date_naissance, post) VALUES (291, 'Finley', 'Melissa', '1999-08-29', 'Gardien');
INSERT INTO joueur (id, nom, prenom, date_naissance, post) VALUES (292, 'Dawson', 'Walter', '1980-07-28', 'Défenseur');
INSERT INTO joueur (id, nom, prenom, date_naissance, post) VALUES (293, 'Williams', 'Mark', '2004-02-18', 'Attaquant');
INSERT INTO joueur (id, nom, prenom, date_naissance, post) VALUES (294, 'Mendez', 'Colleen', '1983-01-28', 'Gardien');
INSERT INTO joueur (id, nom, prenom, date_naissance, post) VALUES (295, 'Johnson', 'Jacob', '1989-10-28', 'Gardien');
INSERT INTO joueur (id, nom, prenom, date_naissance, post) VALUES (296, 'Riddle', 'Marissa', '2003-01-07', 'Défenseur');
INSERT INTO joueur (id, nom, prenom, date_naissance, post) VALUES (297, 'Burton', 'Peter', '2004-08-07', 'Attaquant');
INSERT INTO joueur (id, nom, prenom, date_naissance, post) VALUES (298, 'Mcbride', 'James', '2003-07-29', 'Attaquant');
INSERT INTO joueur (id, nom, prenom, date_naissance, post) VALUES (299, 'Stone', 'Tina', '1982-02-06', 'Milieu');
INSERT INTO joueur (id, nom, prenom, date_naissance, post) VALUES (300, 'Archer', 'Robin', '1999-10-17', 'Attaquant');
INSERT INTO joueur (id, nom, prenom, date_naissance, post) VALUES (301, 'Edwards', 'Diane', '1984-01-09', 'Gardien');
INSERT INTO joueur (id, nom, prenom, date_naissance, post) VALUES (302, 'Bauer', 'Christine', '2004-11-01', 'Défenseur');
INSERT INTO joueur (id, nom, prenom, date_naissance, post) VALUES (303, 'Walsh', 'Mandy', '1982-03-01', 'Gardien');
INSERT INTO joueur (id, nom, prenom, date_naissance, post) VALUES (304, 'Brown', 'Angela', '1987-01-17', 'Milieu');
INSERT INTO joueur (id, nom, prenom, date_naissance, post) VALUES (305, 'Howard', 'Mary', '2003-02-19', 'Attaquant');
INSERT INTO joueur (id, nom, prenom, date_naissance, post) VALUES (306, 'Alexander', 'Elizabeth', '1992-03-02', 'Milieu');
INSERT INTO joueur (id, nom, prenom, date_naissance, post) VALUES (307, 'Lucas', 'Brandy', '1983-08-08', 'Défenseur');
INSERT INTO joueur (id, nom, prenom, date_naissance, post) VALUES (308, 'Trevino', 'Gary', '1980-07-19', 'Défenseur');
INSERT INTO joueur (id, nom, prenom, date_naissance, post) VALUES (309, 'Frazier', 'Terry', '1984-10-19', 'Attaquant');
INSERT INTO joueur (id, nom, prenom, date_naissance, post) VALUES (310, 'Wilson', 'Ryan', '1983-12-06', 'Défenseur');
INSERT INTO joueur (id, nom, prenom, date_naissance, post) VALUES (311, 'Reyes', 'Eric', '1999-11-21', 'Gardien');
INSERT INTO joueur (id, nom, prenom, date_naissance, post) VALUES (312, 'Baker', 'Karen', '2000-03-14', 'Attaquant');
INSERT INTO joueur (id, nom, prenom, date_naissance, post) VALUES (313, 'Bryant', 'Bryan', '1988-05-10', 'Défenseur');
INSERT INTO joueur (id, nom, prenom, date_naissance, post) VALUES (314, 'Wilson', 'James', '1985-05-27', 'Gardien');
INSERT INTO joueur (id, nom, prenom, date_naissance, post) VALUES (315, 'Goodman', 'Molly', '1990-05-11', 'Attaquant');
INSERT INTO joueur (id, nom, prenom, date_naissance, post) VALUES (316, 'Sharp', 'Allison', '1981-05-29', 'Milieu');
INSERT INTO joueur (id, nom, prenom, date_naissance, post) VALUES (317, 'Stewart', 'Robert', '1997-04-25', 'Milieu');
INSERT INTO joueur (id, nom, prenom, date_naissance, post) VALUES (318, 'Gill', 'Jennifer', '1990-11-01', 'Gardien');
INSERT INTO joueur (id, nom, prenom, date_naissance, post) VALUES (319, 'Miller', 'Kelsey', '1992-12-30', 'Attaquant');
INSERT INTO joueur (id, nom, prenom, date_naissance, post) VALUES (320, 'Hurley', 'Adam', '1986-04-15', 'Milieu');
INSERT INTO joueur (id, nom, prenom, date_naissance, post) VALUES (321, 'Kramer', 'Darlene', '1980-07-22', 'Gardien');
INSERT INTO joueur (id, nom, prenom, date_naissance, post) VALUES (322, 'Gallagher', 'Katelyn', '1984-03-07', 'Gardien');
INSERT INTO joueur (id, nom, prenom, date_naissance, post) VALUES (323, 'Porter', 'Roger', '1983-08-29', 'Milieu');
INSERT INTO joueur (id, nom, prenom, date_naissance, post) VALUES (324, 'Cole', 'Shelly', '1982-08-29', 'Gardien');
INSERT INTO joueur (id, nom, prenom, date_naissance, post) VALUES (325, 'Gilbert', 'Michelle', '2001-01-25', 'Attaquant');
INSERT INTO joueur (id, nom, prenom, date_naissance, post) VALUES (326, 'Wilson', 'Eduardo', '2001-10-31', 'Gardien');
INSERT INTO joueur (id, nom, prenom, date_naissance, post) VALUES (327, 'Garcia', 'Audrey', '2000-05-14', 'Défenseur');
INSERT INTO joueur (id, nom, prenom, date_naissance, post) VALUES (328, 'Carroll', 'Todd', '1987-10-13', 'Milieu');
INSERT INTO joueur (id, nom, prenom, date_naissance, post) VALUES (329, 'Patrick', 'Xavier', '1992-09-10', 'Défenseur');
INSERT INTO joueur (id, nom, prenom, date_naissance, post) VALUES (330, 'Patel', 'Ryan', '2002-08-22', 'Attaquant');
INSERT INTO joueur (id, nom, prenom, date_naissance, post) VALUES (331, 'Rivera', 'Brady', '1997-11-01', 'Défenseur');
INSERT INTO joueur (id, nom, prenom, date_naissance, post) VALUES (332, 'Ferguson', 'Denise', '1983-06-25', 'Attaquant');
INSERT INTO joueur (id, nom, prenom, date_naissance, post) VALUES (333, 'Bryant', 'Wayne', '2000-11-12', 'Attaquant');
INSERT INTO joueur (id, nom, prenom, date_naissance, post) VALUES (334, 'Sanchez', 'William', '1991-04-07', 'Milieu');
INSERT INTO joueur (id, nom, prenom, date_naissance, post) VALUES (335, 'Jones', 'Kevin', '2004-04-01', 'Gardien');
INSERT INTO joueur (id, nom, prenom, date_naissance, post) VALUES (336, 'White', 'Tyler', '1992-02-18', 'Gardien');
INSERT INTO joueur (id, nom, prenom, date_naissance, post) VALUES (337, 'Smith', 'Brittany', '1980-03-02', 'Attaquant');
INSERT INTO joueur (id, nom, prenom, date_naissance, post) VALUES (338, 'Kelley', 'James', '1981-05-29', 'Défenseur');
INSERT INTO joueur (id, nom, prenom, date_naissance, post) VALUES (339, 'Garcia', 'Rebecca', '2004-05-22', 'Gardien');
INSERT INTO joueur (id, nom, prenom, date_naissance, post) VALUES (340, 'Munoz', 'Stephen', '1980-06-12', 'Milieu');
INSERT INTO joueur (id, nom, prenom, date_naissance, post) VALUES (341, 'Oliver', 'Jessica', '1982-05-28', 'Attaquant');
INSERT INTO joueur (id, nom, prenom, date_naissance, post) VALUES (342, 'Mason', 'Jack', '1984-09-29', 'Milieu');
INSERT INTO joueur (id, nom, prenom, date_naissance, post) VALUES (343, 'Cardenas', 'Matthew', '1980-07-13', 'Milieu');
INSERT INTO joueur (id, nom, prenom, date_naissance, post) VALUES (344, 'Rocha', 'Vanessa', '1994-02-07', 'Attaquant');
INSERT INTO joueur (id, nom, prenom, date_naissance, post) VALUES (345, 'Howard', 'Anne', '2001-12-25', 'Milieu');
INSERT INTO joueur (id, nom, prenom, date_naissance, post) VALUES (346, 'Harvey', 'Miranda', '1985-04-01', 'Défenseur');
INSERT INTO joueur (id, nom, prenom, date_naissance, post) VALUES (347, 'Williams', 'Shawn', '1996-02-07', 'Milieu');
INSERT INTO joueur (id, nom, prenom, date_naissance, post) VALUES (348, 'Christensen', 'John', '1997-01-22', 'Défenseur');
INSERT INTO joueur (id, nom, prenom, date_naissance, post) VALUES (349, 'Owens', 'Connie', '2003-07-13', 'Attaquant');
INSERT INTO joueur (id, nom, prenom, date_naissance, post) VALUES (350, 'Neal', 'Daniel', '2002-08-11', 'Milieu');
INSERT INTO joueur (id, nom, prenom, date_naissance, post) VALUES (351, 'Clay', 'Michael', '1996-08-10', 'Gardien');
INSERT INTO joueur (id, nom, prenom, date_naissance, post) VALUES (352, 'Velez', 'Kelsey', '1988-06-25', 'Défenseur');
INSERT INTO joueur (id, nom, prenom, date_naissance, post) VALUES (353, 'Whitaker', 'Garrett', '1982-02-07', 'Défenseur');
INSERT INTO joueur (id, nom, prenom, date_naissance, post) VALUES (354, 'Flores', 'Stephanie', '2001-03-13', 'Gardien');
INSERT INTO joueur (id, nom, prenom, date_naissance, post) VALUES (355, 'Ochoa', 'Barbara', '1994-05-17', 'Défenseur');
INSERT INTO joueur (id, nom, prenom, date_naissance, post) VALUES (356, 'Smith', 'Samuel', '1989-10-08', 'Attaquant');
INSERT INTO joueur (id, nom, prenom, date_naissance, post) VALUES (357, 'Wilson', 'Cathy', '1991-01-31', 'Attaquant');
INSERT INTO joueur (id, nom, prenom, date_naissance, post) VALUES (358, 'Smith', 'Tiffany', '1983-02-03', 'Milieu');
INSERT INTO joueur (id, nom, prenom, date_naissance, post) VALUES (359, 'Hubbard', 'Shawn', '1985-04-02', 'Milieu');
INSERT INTO joueur (id, nom, prenom, date_naissance, post) VALUES (360, 'Franklin', 'Christopher', '1994-03-04', 'Milieu');
INSERT INTO joueur (id, nom, prenom, date_naissance, post) VALUES (361, 'Holmes', 'Ethan', '2003-08-25', 'Défenseur');
INSERT INTO joueur (id, nom, prenom, date_naissance, post) VALUES (362, 'Palmer', 'Edward', '1993-02-26', 'Milieu');
INSERT INTO joueur (id, nom, prenom, date_naissance, post) VALUES (363, 'Mckee', 'Cindy', '2003-11-21', 'Milieu');
INSERT INTO joueur (id, nom, prenom, date_naissance, post) VALUES (364, 'Fischer', 'Joseph', '1992-12-31', 'Milieu');
INSERT INTO joueur (id, nom, prenom, date_naissance, post) VALUES (365, 'Rodriguez', 'Jennifer', '1995-06-10', 'Gardien');
INSERT INTO joueur (id, nom, prenom, date_naissance, post) VALUES (366, 'Cooley', 'Chris', '1988-04-01', 'Attaquant');
INSERT INTO joueur (id, nom, prenom, date_naissance, post) VALUES (367, 'Allen', 'Timothy', '1997-06-24', 'Défenseur');
INSERT INTO joueur (id, nom, prenom, date_naissance, post) VALUES (368, 'Brown', 'Lindsey', '1989-08-22', 'Milieu');
INSERT INTO joueur (id, nom, prenom, date_naissance, post) VALUES (369, 'Short', 'Renee', '2003-01-08', 'Milieu');
INSERT INTO joueur (id, nom, prenom, date_naissance, post) VALUES (370, 'Chase', 'Laura', '1993-07-07', 'Attaquant');
INSERT INTO joueur (id, nom, prenom, date_naissance, post) VALUES (371, 'Edwards', 'Lisa', '1995-11-02', 'Défenseur');
INSERT INTO joueur (id, nom, prenom, date_naissance, post) VALUES (372, 'Villa', 'Emily', '1992-03-05', 'Défenseur');
INSERT INTO joueur (id, nom, prenom, date_naissance, post) VALUES (373, 'Castillo', 'David', '1997-12-17', 'Défenseur');
INSERT INTO joueur (id, nom, prenom, date_naissance, post) VALUES (374, 'Hudson', 'Jacob', '2001-04-17', 'Attaquant');
INSERT INTO joueur (id, nom, prenom, date_naissance, post) VALUES (375, 'Daniels', 'Anthony', '2001-10-13', 'Gardien');
INSERT INTO joueur (id, nom, prenom, date_naissance, post) VALUES (376, 'Hardin', 'Barbara', '1981-07-18', 'Attaquant');
INSERT INTO joueur (id, nom, prenom, date_naissance, post) VALUES (377, 'Christensen', 'Jacqueline', '1998-11-20', 'Attaquant');
INSERT INTO joueur (id, nom, prenom, date_naissance, post) VALUES (378, 'Smith', 'Eric', '2002-04-24', 'Milieu');
INSERT INTO joueur (id, nom, prenom, date_naissance, post) VALUES (379, 'Dalton', 'Elizabeth', '2001-11-30', 'Milieu');
INSERT INTO joueur (id, nom, prenom, date_naissance, post) VALUES (380, 'Jones', 'Robert', '1996-06-04', 'Défenseur');
INSERT INTO joueur (id, nom, prenom, date_naissance, post) VALUES (381, 'Taylor', 'Chelsea', '1991-09-18', 'Défenseur');
INSERT INTO joueur (id, nom, prenom, date_naissance, post) VALUES (382, 'Mccarthy', 'Larry', '1980-01-02', 'Défenseur');
INSERT INTO joueur (id, nom, prenom, date_naissance, post) VALUES (383, 'Brown', 'Carolyn', '1980-02-03', 'Attaquant');
INSERT INTO joueur (id, nom, prenom, date_naissance, post) VALUES (384, 'Morris', 'Sandra', '1989-07-12', 'Gardien');
INSERT INTO joueur (id, nom, prenom, date_naissance, post) VALUES (385, 'Miller', 'Catherine', '1987-03-18', 'Milieu');
INSERT INTO joueur (id, nom, prenom, date_naissance, post) VALUES (386, 'Watts', 'Katherine', '1988-10-22', 'Attaquant');
INSERT INTO joueur (id, nom, prenom, date_naissance, post) VALUES (387, 'Stafford', 'Curtis', '1993-02-15', 'Gardien');
INSERT INTO joueur (id, nom, prenom, date_naissance, post) VALUES (388, 'Carter', 'James', '1983-11-30', 'Attaquant');
INSERT INTO joueur (id, nom, prenom, date_naissance, post) VALUES (389, 'Cannon', 'William', '2002-01-25', 'Milieu');
INSERT INTO joueur (id, nom, prenom, date_naissance, post) VALUES (390, 'Barr', 'Nicole', '1998-11-23', 'Défenseur');
INSERT INTO joueur (id, nom, prenom, date_naissance, post) VALUES (391, 'Smith', 'Marie', '1999-02-08', 'Attaquant');
INSERT INTO joueur (id, nom, prenom, date_naissance, post) VALUES (392, 'Wheeler', 'Pamela', '2001-12-19', 'Attaquant');
INSERT INTO joueur (id, nom, prenom, date_naissance, post) VALUES (393, 'Graham', 'Robert', '1985-03-24', 'Défenseur');
INSERT INTO joueur (id, nom, prenom, date_naissance, post) VALUES (394, 'Thompson', 'Elizabeth', '1981-12-27', 'Milieu');
INSERT INTO joueur (id, nom, prenom, date_naissance, post) VALUES (395, 'Reed', 'Gary', '2002-09-28', 'Gardien');
INSERT INTO joueur (id, nom, prenom, date_naissance, post) VALUES (396, 'Russell', 'Adam', '2001-07-05', 'Milieu');
INSERT INTO joueur (id, nom, prenom, date_naissance, post) VALUES (397, 'Lopez', 'Janice', '1998-09-07', 'Milieu');
INSERT INTO joueur (id, nom, prenom, date_naissance, post) VALUES (398, 'Vargas', 'Robert', '1982-08-30', 'Attaquant');
INSERT INTO joueur (id, nom, prenom, date_naissance, post) VALUES (399, 'Werner', 'Gregory', '1980-10-18', 'Défenseur');
INSERT INTO joueur (id, nom, prenom, date_naissance, post) VALUES (400, 'Decker', 'David', '1991-03-22', 'Attaquant');
INSERT INTO joueur (id, nom, prenom, date_naissance, post) VALUES (401, 'Williams', 'Tiffany', '1984-10-07', 'Attaquant');
INSERT INTO joueur (id, nom, prenom, date_naissance, post) VALUES (402, 'Becker', 'Eric', '2002-05-25', 'Attaquant');
INSERT INTO joueur (id, nom, prenom, date_naissance, post) VALUES (403, 'Buchanan', 'Christie', '2001-10-13', 'Défenseur');
INSERT INTO joueur (id, nom, prenom, date_naissance, post) VALUES (404, 'Hernandez', 'Jacob', '1985-12-21', 'Attaquant');
INSERT INTO joueur (id, nom, prenom, date_naissance, post) VALUES (405, 'Hart', 'Ryan', '1989-09-23', 'Attaquant');
INSERT INTO joueur (id, nom, prenom, date_naissance, post) VALUES (406, 'Sanchez', 'Austin', '1995-03-02', 'Défenseur');
INSERT INTO joueur (id, nom, prenom, date_naissance, post) VALUES (407, 'Glenn', 'Martha', '2001-06-07', 'Défenseur');
INSERT INTO joueur (id, nom, prenom, date_naissance, post) VALUES (408, 'Lamb', 'Michelle', '1999-08-23', 'Gardien');
INSERT INTO joueur (id, nom, prenom, date_naissance, post) VALUES (409, 'Knox', 'Kayla', '2004-10-12', 'Attaquant');
INSERT INTO joueur (id, nom, prenom, date_naissance, post) VALUES (410, 'Frazier', 'Sarah', '2004-04-17', 'Attaquant');
INSERT INTO joueur (id, nom, prenom, date_naissance, post) VALUES (411, 'White', 'Robert', '1985-09-19', 'Milieu');
INSERT INTO joueur (id, nom, prenom, date_naissance, post) VALUES (412, 'Anderson', 'Maria', '1990-04-10', 'Gardien');
INSERT INTO joueur (id, nom, prenom, date_naissance, post) VALUES (413, 'Fitzpatrick', 'Adam', '1997-06-03', 'Milieu');
INSERT INTO joueur (id, nom, prenom, date_naissance, post) VALUES (414, 'Hernandez', 'Ebony', '1993-11-05', 'Attaquant');
INSERT INTO joueur (id, nom, prenom, date_naissance, post) VALUES (415, 'Davies', 'Charles', '1999-11-07', 'Gardien');
INSERT INTO joueur (id, nom, prenom, date_naissance, post) VALUES (416, 'Baker', 'Beverly', '2002-12-06', 'Milieu');
INSERT INTO joueur (id, nom, prenom, date_naissance, post) VALUES (417, 'Owens', 'April', '1990-01-23', 'Gardien');
INSERT INTO joueur (id, nom, prenom, date_naissance, post) VALUES (418, 'Proctor', 'Scott', '1994-05-03', 'Défenseur');
INSERT INTO joueur (id, nom, prenom, date_naissance, post) VALUES (419, 'Morrison', 'John', '1982-08-23', 'Gardien');
INSERT INTO joueur (id, nom, prenom, date_naissance, post) VALUES (420, 'Parker', 'Sandra', '2002-01-18', 'Milieu');
INSERT INTO joueur (id, nom, prenom, date_naissance, post) VALUES (421, 'Pacheco', 'Gabriel', '2001-04-21', 'Attaquant');
INSERT INTO joueur (id, nom, prenom, date_naissance, post) VALUES (422, 'Wilson', 'Joshua', '1993-05-26', 'Défenseur');
INSERT INTO joueur (id, nom, prenom, date_naissance, post) VALUES (423, 'Sanchez', 'Michelle', '1981-08-08', 'Milieu');
INSERT INTO joueur (id, nom, prenom, date_naissance, post) VALUES (424, 'Ortiz', 'Anthony', '2004-07-07', 'Milieu');
INSERT INTO joueur (id, nom, prenom, date_naissance, post) VALUES (425, 'Henry', 'Wendy', '2002-02-27', 'Attaquant');
INSERT INTO joueur (id, nom, prenom, date_naissance, post) VALUES (426, 'Gonzalez', 'Gabrielle', '1989-05-30', 'Attaquant');
INSERT INTO joueur (id, nom, prenom, date_naissance, post) VALUES (427, 'Castaneda', 'Roger', '1990-11-22', 'Attaquant');
INSERT INTO joueur (id, nom, prenom, date_naissance, post) VALUES (428, 'Caldwell', 'Glenn', '1980-09-17', 'Défenseur');
INSERT INTO joueur (id, nom, prenom, date_naissance, post) VALUES (429, 'Willis', 'Robert', '1993-09-23', 'Défenseur');
INSERT INTO joueur (id, nom, prenom, date_naissance, post) VALUES (430, 'Adkins', 'Toni', '2000-02-18', 'Défenseur');
INSERT INTO joueur (id, nom, prenom, date_naissance, post) VALUES (431, 'Randolph', 'Erika', '1991-12-15', 'Attaquant');
INSERT INTO joueur (id, nom, prenom, date_naissance, post) VALUES (432, 'Kent', 'Kelly', '1997-06-21', 'Défenseur');
INSERT INTO joueur (id, nom, prenom, date_naissance, post) VALUES (433, 'Flynn', 'Chloe', '1998-06-08', 'Milieu');
INSERT INTO joueur (id, nom, prenom, date_naissance, post) VALUES (434, 'Ware', 'Randy', '2002-10-20', 'Milieu');
INSERT INTO joueur (id, nom, prenom, date_naissance, post) VALUES (435, 'Martinez', 'Tammy', '1997-03-23', 'Milieu');
INSERT INTO joueur (id, nom, prenom, date_naissance, post) VALUES (436, 'Shaw', 'Justin', '1980-01-29', 'Gardien');
INSERT INTO joueur (id, nom, prenom, date_naissance, post) VALUES (437, 'Bridges', 'Michelle', '1981-04-07', 'Attaquant');
INSERT INTO joueur (id, nom, prenom, date_naissance, post) VALUES (438, 'Hoffman', 'John', '1986-01-31', 'Attaquant');
INSERT INTO joueur (id, nom, prenom, date_naissance, post) VALUES (439, 'Peterson', 'Robin', '1996-08-26', 'Attaquant');
INSERT INTO joueur (id, nom, prenom, date_naissance, post) VALUES (440, 'Wells', 'Ashley', '1985-11-11', 'Défenseur');
INSERT INTO joueur (id, nom, prenom, date_naissance, post) VALUES (441, 'Ramirez', 'Kelly', '2000-02-22', 'Attaquant');
INSERT INTO joueur (id, nom, prenom, date_naissance, post) VALUES (442, 'Wells', 'David', '1987-07-05', 'Attaquant');
INSERT INTO joueur (id, nom, prenom, date_naissance, post) VALUES (443, 'Anderson', 'Brooke', '1987-04-05', 'Gardien');
INSERT INTO joueur (id, nom, prenom, date_naissance, post) VALUES (444, 'Nelson', 'Phillip', '2000-11-04', 'Milieu');
INSERT INTO joueur (id, nom, prenom, date_naissance, post) VALUES (445, 'Morgan', 'Jeffrey', '1985-10-21', 'Milieu');
INSERT INTO joueur (id, nom, prenom, date_naissance, post) VALUES (446, 'Jones', 'Angela', '1984-02-14', 'Milieu');
INSERT INTO joueur (id, nom, prenom, date_naissance, post) VALUES (447, 'Riley', 'Jason', '2002-10-12', 'Gardien');
INSERT INTO joueur (id, nom, prenom, date_naissance, post) VALUES (448, 'Howell', 'Luis', '1987-03-12', 'Défenseur');
INSERT INTO joueur (id, nom, prenom, date_naissance, post) VALUES (449, 'Robinson', 'Leslie', '1986-09-15', 'Défenseur');
INSERT INTO joueur (id, nom, prenom, date_naissance, post) VALUES (450, 'Gardner', 'Annette', '1986-04-30', 'Milieu');
INSERT INTO joueur (id, nom, prenom, date_naissance, post) VALUES (451, 'Taylor', 'Nicole', '1987-03-28', 'Attaquant');
INSERT INTO joueur (id, nom, prenom, date_naissance, post) VALUES (452, 'Ashley', 'Christina', '2000-02-10', 'Milieu');
INSERT INTO joueur (id, nom, prenom, date_naissance, post) VALUES (453, 'Smith', 'Ricky', '1985-10-08', 'Milieu');
INSERT INTO joueur (id, nom, prenom, date_naissance, post) VALUES (454, 'Jackson', 'Donna', '1993-08-24', 'Milieu');
INSERT INTO joueur (id, nom, prenom, date_naissance, post) VALUES (455, 'Smith', 'Holly', '1980-02-09', 'Milieu');
INSERT INTO joueur (id, nom, prenom, date_naissance, post) VALUES (456, 'Montgomery', 'Todd', '1984-01-21', 'Gardien');
INSERT INTO joueur (id, nom, prenom, date_naissance, post) VALUES (457, 'Taylor', 'Chad', '2001-06-27', 'Défenseur');
INSERT INTO joueur (id, nom, prenom, date_naissance, post) VALUES (458, 'Lang', 'Kristen', '1988-01-18', 'Gardien');
INSERT INTO joueur (id, nom, prenom, date_naissance, post) VALUES (459, 'Hill', 'Brandon', '1987-01-12', 'Attaquant');
INSERT INTO joueur (id, nom, prenom, date_naissance, post) VALUES (460, 'Evans', 'Stephen', '1991-06-25', 'Défenseur');
INSERT INTO joueur (id, nom, prenom, date_naissance, post) VALUES (461, 'Johnson', 'Patrick', '1998-10-02', 'Défenseur');
INSERT INTO joueur (id, nom, prenom, date_naissance, post) VALUES (462, 'Hill', 'Dennis', '1993-07-28', 'Attaquant');
INSERT INTO joueur (id, nom, prenom, date_naissance, post) VALUES (463, 'Martin', 'Lori', '1991-07-02', 'Gardien');
INSERT INTO joueur (id, nom, prenom, date_naissance, post) VALUES (464, 'Fuller', 'Andrew', '1981-12-21', 'Attaquant');
INSERT INTO joueur (id, nom, prenom, date_naissance, post) VALUES (465, 'Stevenson', 'Dave', '1981-09-23', 'Milieu');
INSERT INTO joueur (id, nom, prenom, date_naissance, post) VALUES (466, 'Gutierrez', 'Amy', '1985-04-08', 'Gardien');
INSERT INTO joueur (id, nom, prenom, date_naissance, post) VALUES (467, 'Rodriguez', 'Kelsey', '2002-09-14', 'Défenseur');
INSERT INTO joueur (id, nom, prenom, date_naissance, post) VALUES (468, 'Wilson', 'Karl', '1984-01-17', 'Attaquant');
INSERT INTO joueur (id, nom, prenom, date_naissance, post) VALUES (469, 'Johnston', 'Javier', '1985-05-06', 'Défenseur');
INSERT INTO joueur (id, nom, prenom, date_naissance, post) VALUES (470, 'Hall', 'Trevor', '1992-05-04', 'Gardien');
INSERT INTO joueur (id, nom, prenom, date_naissance, post) VALUES (471, 'Moore', 'John', '1993-11-18', 'Gardien');
INSERT INTO joueur (id, nom, prenom, date_naissance, post) VALUES (472, 'Landry', 'Theresa', '1985-05-03', 'Attaquant');
INSERT INTO joueur (id, nom, prenom, date_naissance, post) VALUES (473, 'Miller', 'Philip', '1983-02-12', 'Défenseur');
INSERT INTO joueur (id, nom, prenom, date_naissance, post) VALUES (474, 'Smith', 'Joel', '1992-06-18', 'Attaquant');
INSERT INTO joueur (id, nom, prenom, date_naissance, post) VALUES (475, 'Mckee', 'Rachel', '2001-08-11', 'Attaquant');
INSERT INTO joueur (id, nom, prenom, date_naissance, post) VALUES (476, 'Logan', 'Lucas', '1998-07-23', 'Gardien');
INSERT INTO joueur (id, nom, prenom, date_naissance, post) VALUES (477, 'Barnes', 'Jeffrey', '1988-03-17', 'Gardien');
INSERT INTO joueur (id, nom, prenom, date_naissance, post) VALUES (478, 'Jackson', 'Sean', '1984-06-08', 'Défenseur');
INSERT INTO joueur (id, nom, prenom, date_naissance, post) VALUES (479, 'Love', 'Briana', '1981-04-20', 'Gardien');
INSERT INTO joueur (id, nom, prenom, date_naissance, post) VALUES (480, 'Ford', 'John', '1995-07-12', 'Milieu');
INSERT INTO joueur (id, nom, prenom, date_naissance, post) VALUES (481, 'Sullivan', 'Sophia', '1990-12-06', 'Gardien');
INSERT INTO joueur (id, nom, prenom, date_naissance, post) VALUES (482, 'Reilly', 'Latoya', '1981-01-20', 'Gardien');
INSERT INTO joueur (id, nom, prenom, date_naissance, post) VALUES (483, 'Johnson', 'Lindsey', '2000-01-12', 'Défenseur');
INSERT INTO joueur (id, nom, prenom, date_naissance, post) VALUES (484, 'Mitchell', 'Tina', '1993-06-15', 'Défenseur');
INSERT INTO joueur (id, nom, prenom, date_naissance, post) VALUES (485, 'Vance', 'Nina', '1995-12-21', 'Défenseur');
INSERT INTO joueur (id, nom, prenom, date_naissance, post) VALUES (486, 'Taylor', 'David', '1997-03-25', 'Attaquant');
INSERT INTO joueur (id, nom, prenom, date_naissance, post) VALUES (487, 'Taylor', 'Ashley', '1991-09-27', 'Attaquant');
INSERT INTO joueur (id, nom, prenom, date_naissance, post) VALUES (488, 'Thomas', 'Scott', '2004-12-26', 'Attaquant');
INSERT INTO joueur (id, nom, prenom, date_naissance, post) VALUES (489, 'Green', 'William', '1999-07-16', 'Défenseur');
INSERT INTO joueur (id, nom, prenom, date_naissance, post) VALUES (490, 'Carson', 'Michael', '1996-08-12', 'Attaquant');
INSERT INTO joueur (id, nom, prenom, date_naissance, post) VALUES (491, 'Wang', 'Courtney', '1988-02-18', 'Gardien');
INSERT INTO joueur (id, nom, prenom, date_naissance, post) VALUES (492, 'Wagner', 'Nathan', '1991-08-12', 'Attaquant');
INSERT INTO joueur (id, nom, prenom, date_naissance, post) VALUES (493, 'Houston', 'Alexis', '1980-02-07', 'Milieu');
INSERT INTO joueur (id, nom, prenom, date_naissance, post) VALUES (494, 'Foster', 'Pamela', '1989-07-10', 'Défenseur');
INSERT INTO joueur (id, nom, prenom, date_naissance, post) VALUES (495, 'Garcia', 'Jessica', '1985-06-17', 'Gardien');
INSERT INTO joueur (id, nom, prenom, date_naissance, post) VALUES (496, 'Smith', 'Cassandra', '2003-07-23', 'Gardien');
INSERT INTO joueur (id, nom, prenom, date_naissance, post) VALUES (497, 'Jacobs', 'Christian', '1994-11-06', 'Milieu');
INSERT INTO joueur (id, nom, prenom, date_naissance, post) VALUES (498, 'Ryan', 'Laura', '1985-06-20', 'Gardien');
INSERT INTO joueur (id, nom, prenom, date_naissance, post) VALUES (499, 'Hansen', 'Guy', '2000-01-12', 'Milieu');
INSERT INTO joueur (id, nom, prenom, date_naissance, post) VALUES (500, 'Schroeder', 'David', '1982-09-12', 'Gardien');

-- Data for indisponibilite
INSERT INTO indisponibilite (id, joueur_id, debut, fin, raison) VALUES (1, 31, '2020-04-18', '2022-12-15', 'Moment including according top radio raise anything.');
INSERT INTO indisponibilite (id, joueur_id, debut, fin, raison) VALUES (2, 57, '2021-08-07', '2022-01-05', 'New green son newspaper.');
INSERT INTO indisponibilite (id, joueur_id, debut, fin, raison) VALUES (3, 271, '2020-11-11', '2022-03-07', 'Black help its probably film.');
INSERT INTO indisponibilite (id, joueur_id, debut, fin, raison) VALUES (4, 391, '2020-03-08', '2022-12-18', 'Ever to right energy value a before scientist.');
INSERT INTO indisponibilite (id, joueur_id, debut, fin, raison) VALUES (5, 172, '2020-02-08', '2022-12-05', 'Strategy institution TV people.');
INSERT INTO indisponibilite (id, joueur_id, debut, fin, raison) VALUES (6, 107, '2020-06-02', '2022-02-09', 'Energy again think discuss less hope computer.');
INSERT INTO indisponibilite (id, joueur_id, debut, fin, raison) VALUES (7, 164, '2021-05-10', '2022-10-27', 'Federal summer partner scientist debate into stop.');
INSERT INTO indisponibilite (id, joueur_id, debut, fin, raison) VALUES (8, 386, '2020-05-03', '2022-01-29', 'Activity drop local ability what feel.');
INSERT INTO indisponibilite (id, joueur_id, debut, fin, raison) VALUES (9, 181, '2020-09-29', '2022-08-29', 'Rich manage learn window plan.');
INSERT INTO indisponibilite (id, joueur_id, debut, fin, raison) VALUES (10, 10, '2020-03-10', '2022-02-03', 'Production little forward bag maybe again.');
INSERT INTO indisponibilite (id, joueur_id, debut, fin, raison) VALUES (11, 67, '2020-06-15', '2022-12-24', 'Story join finish peace minute.');
INSERT INTO indisponibilite (id, joueur_id, debut, fin, raison) VALUES (12, 380, '2020-10-01', '2022-08-21', 'Social state throw clearly director.');
INSERT INTO indisponibilite (id, joueur_id, debut, fin, raison) VALUES (13, 101, '2020-06-13', '2022-04-20', 'Local single hope seem approach finally model do.');
INSERT INTO indisponibilite (id, joueur_id, debut, fin, raison) VALUES (14, 370, '2021-04-05', '2022-09-28', 'Nature example above college yard.');
INSERT INTO indisponibilite (id, joueur_id, debut, fin, raison) VALUES (15, 59, '2021-12-31', '2022-12-29', 'Exactly although into cost enjoy still they.');
INSERT INTO indisponibilite (id, joueur_id, debut, fin, raison) VALUES (16, 37, '2021-01-27', '2022-01-30', 'Exactly computer teacher age high letter admit.');
INSERT INTO indisponibilite (id, joueur_id, debut, fin, raison) VALUES (17, 233, '2021-12-25', '2022-01-19', 'Leg himself forward sister professor.');
INSERT INTO indisponibilite (id, joueur_id, debut, fin, raison) VALUES (18, 277, '2021-09-26', '2022-12-29', 'Check everyone financial despite fine.');
INSERT INTO indisponibilite (id, joueur_id, debut, fin, raison) VALUES (19, 246, '2021-03-15', '2022-07-05', 'Law such house family understand when.');
INSERT INTO indisponibilite (id, joueur_id, debut, fin, raison) VALUES (20, 287, '2020-11-25', '2022-05-20', 'Rise left weight training trip.');
INSERT INTO indisponibilite (id, joueur_id, debut, fin, raison) VALUES (21, 86, '2021-09-14', '2022-02-22', 'Quality professional sea analysis voice business.');
INSERT INTO indisponibilite (id, joueur_id, debut, fin, raison) VALUES (22, 231, '2020-10-02', '2022-02-22', 'Ten away task notice I bar.');
INSERT INTO indisponibilite (id, joueur_id, debut, fin, raison) VALUES (23, 67, '2021-01-17', '2022-04-13', 'These lawyer type mouth time arrive.');
INSERT INTO indisponibilite (id, joueur_id, debut, fin, raison) VALUES (24, 345, '2021-11-10', '2022-07-13', 'Pass live consumer that.');
INSERT INTO indisponibilite (id, joueur_id, debut, fin, raison) VALUES (25, 19, '2021-07-27', '2022-02-24', 'Budget by seat rise commercial company safe.');
INSERT INTO indisponibilite (id, joueur_id, debut, fin, raison) VALUES (26, 53, '2021-06-21', '2022-07-10', 'Listen management group decide civil thought.');
INSERT INTO indisponibilite (id, joueur_id, debut, fin, raison) VALUES (27, 262, '2020-12-09', '2022-11-20', 'According least look job.');
INSERT INTO indisponibilite (id, joueur_id, debut, fin, raison) VALUES (28, 158, '2021-12-13', '2022-12-10', 'Site up guess style.');
INSERT INTO indisponibilite (id, joueur_id, debut, fin, raison) VALUES (29, 163, '2020-01-05', '2022-11-21', 'How create structure.');
INSERT INTO indisponibilite (id, joueur_id, debut, fin, raison) VALUES (30, 258, '2021-03-04', '2022-05-27', 'Everyone agency join where buy like.');
INSERT INTO indisponibilite (id, joueur_id, debut, fin, raison) VALUES (31, 68, '2021-01-23', '2022-08-03', 'Focus eight contain himself.');
INSERT INTO indisponibilite (id, joueur_id, debut, fin, raison) VALUES (32, 254, '2020-04-01', '2022-06-10', 'Shoulder after pull one production.');
INSERT INTO indisponibilite (id, joueur_id, debut, fin, raison) VALUES (33, 400, '2021-09-21', '2022-03-19', 'Interview certain time.');
INSERT INTO indisponibilite (id, joueur_id, debut, fin, raison) VALUES (34, 194, '2020-08-31', '2022-09-15', 'Allow teach cold lay raise.');
INSERT INTO indisponibilite (id, joueur_id, debut, fin, raison) VALUES (35, 342, '2020-11-04', '2022-11-30', 'Thus audience seek.');
INSERT INTO indisponibilite (id, joueur_id, debut, fin, raison) VALUES (36, 347, '2020-02-11', '2022-01-24', 'Cause particularly positive.');
INSERT INTO indisponibilite (id, joueur_id, debut, fin, raison) VALUES (37, 404, '2021-09-09', '2022-10-13', 'Effect economy himself particular box act turn sense.');
INSERT INTO indisponibilite (id, joueur_id, debut, fin, raison) VALUES (38, 464, '2020-09-14', '2022-12-17', 'Benefit beautiful network industry actually win.');
INSERT INTO indisponibilite (id, joueur_id, debut, fin, raison) VALUES (39, 18, '2021-11-01', '2022-08-22', 'Lawyer raise who themselves understand.');
INSERT INTO indisponibilite (id, joueur_id, debut, fin, raison) VALUES (40, 425, '2020-07-12', '2022-11-09', 'Talk maybe both through deep morning.');
INSERT INTO indisponibilite (id, joueur_id, debut, fin, raison) VALUES (41, 150, '2020-03-06', '2022-08-23', 'Authority bad edge everything mouth senior.');
INSERT INTO indisponibilite (id, joueur_id, debut, fin, raison) VALUES (42, 68, '2020-02-05', '2022-06-21', 'Shake military data.');
INSERT INTO indisponibilite (id, joueur_id, debut, fin, raison) VALUES (43, 301, '2021-10-09', '2022-01-27', 'Arm garden cost character just to particular.');
INSERT INTO indisponibilite (id, joueur_id, debut, fin, raison) VALUES (44, 311, '2021-11-06', '2022-03-25', 'Sense easy late write candidate soldier firm.');
INSERT INTO indisponibilite (id, joueur_id, debut, fin, raison) VALUES (45, 193, '2020-08-11', '2022-04-19', 'Face military eat benefit.');
INSERT INTO indisponibilite (id, joueur_id, debut, fin, raison) VALUES (46, 491, '2020-08-08', '2022-07-21', 'Mother analysis political author surface four onto.');
INSERT INTO indisponibilite (id, joueur_id, debut, fin, raison) VALUES (47, 388, '2020-11-10', '2022-09-11', 'Late she scene clearly politics discuss.');
INSERT INTO indisponibilite (id, joueur_id, debut, fin, raison) VALUES (48, 376, '2021-12-27', '2022-06-08', 'Trade pattern attorney fine political make.');
INSERT INTO indisponibilite (id, joueur_id, debut, fin, raison) VALUES (49, 61, '2021-01-02', '2022-07-28', 'When question likely thought current rate soldier.');
INSERT INTO indisponibilite (id, joueur_id, debut, fin, raison) VALUES (50, 117, '2020-02-10', '2022-06-21', 'Television improve college who.');
INSERT INTO indisponibilite (id, joueur_id, debut, fin, raison) VALUES (51, 123, '2021-08-07', '2022-07-18', 'Indicate actually pressure ask citizen.');
INSERT INTO indisponibilite (id, joueur_id, debut, fin, raison) VALUES (52, 90, '2020-06-25', '2022-11-22', 'Office feel amount recent rest marriage table education.');
INSERT INTO indisponibilite (id, joueur_id, debut, fin, raison) VALUES (53, 316, '2021-07-12', '2022-11-14', 'Southern way benefit billion sound school already happen.');
INSERT INTO indisponibilite (id, joueur_id, debut, fin, raison) VALUES (54, 417, '2021-09-13', '2022-08-09', 'Debate paper teach nice top including.');
INSERT INTO indisponibilite (id, joueur_id, debut, fin, raison) VALUES (55, 253, '2020-11-17', '2022-01-04', 'Reflect fly choice capital establish.');
INSERT INTO indisponibilite (id, joueur_id, debut, fin, raison) VALUES (56, 244, '2020-11-14', '2022-04-19', 'Avoid prepare next set.');
INSERT INTO indisponibilite (id, joueur_id, debut, fin, raison) VALUES (57, 278, '2021-10-13', '2022-09-29', 'Animal manage structure population.');
INSERT INTO indisponibilite (id, joueur_id, debut, fin, raison) VALUES (58, 309, '2021-10-25', '2022-03-30', 'Authority space practice organization begin expert our.');
INSERT INTO indisponibilite (id, joueur_id, debut, fin, raison) VALUES (59, 40, '2021-09-13', '2022-12-03', 'The friend fine form them American.');
INSERT INTO indisponibilite (id, joueur_id, debut, fin, raison) VALUES (60, 426, '2021-08-30', '2022-01-13', 'Cell brother glass write answer work.');
INSERT INTO indisponibilite (id, joueur_id, debut, fin, raison) VALUES (61, 272, '2021-04-19', '2022-01-05', 'Common recognize large down with.');
INSERT INTO indisponibilite (id, joueur_id, debut, fin, raison) VALUES (62, 244, '2020-10-26', '2022-08-31', 'Late garden act little executive add.');
INSERT INTO indisponibilite (id, joueur_id, debut, fin, raison) VALUES (63, 324, '2020-12-16', '2022-09-24', 'Difficult suffer recently heart read maybe back.');
INSERT INTO indisponibilite (id, joueur_id, debut, fin, raison) VALUES (64, 435, '2020-11-19', '2022-09-03', 'Two education person notice.');
INSERT INTO indisponibilite (id, joueur_id, debut, fin, raison) VALUES (65, 303, '2020-03-18', '2022-03-16', 'Analysis its ability enter girl expert customer.');
INSERT INTO indisponibilite (id, joueur_id, debut, fin, raison) VALUES (66, 217, '2020-01-14', '2022-09-26', 'Drive message church begin budget couple claim.');
INSERT INTO indisponibilite (id, joueur_id, debut, fin, raison) VALUES (67, 13, '2020-03-30', '2022-04-27', 'Head home important hold floor.');
INSERT INTO indisponibilite (id, joueur_id, debut, fin, raison) VALUES (68, 469, '2021-11-23', '2022-05-20', 'Worry network describe much model score prepare.');
INSERT INTO indisponibilite (id, joueur_id, debut, fin, raison) VALUES (69, 13, '2020-02-23', '2022-10-09', 'Size rather outside real.');
INSERT INTO indisponibilite (id, joueur_id, debut, fin, raison) VALUES (70, 75, '2021-06-15', '2022-02-19', 'Already represent growth attack party big maintain.');
INSERT INTO indisponibilite (id, joueur_id, debut, fin, raison) VALUES (71, 141, '2020-02-25', '2022-04-12', 'Live but than Mrs that investment also.');
INSERT INTO indisponibilite (id, joueur_id, debut, fin, raison) VALUES (72, 127, '2021-12-12', '2022-02-26', 'Seven purpose field.');
INSERT INTO indisponibilite (id, joueur_id, debut, fin, raison) VALUES (73, 300, '2020-01-02', '2022-05-20', 'Field approach former chance any more.');
INSERT INTO indisponibilite (id, joueur_id, debut, fin, raison) VALUES (74, 460, '2021-05-22', '2022-11-05', 'Bar ask cut over law too think.');
INSERT INTO indisponibilite (id, joueur_id, debut, fin, raison) VALUES (75, 69, '2021-02-03', '2022-05-21', 'Picture oil woman bill.');
INSERT INTO indisponibilite (id, joueur_id, debut, fin, raison) VALUES (76, 233, '2021-11-20', '2022-07-27', 'Get enjoy rise within election.');
INSERT INTO indisponibilite (id, joueur_id, debut, fin, raison) VALUES (77, 40, '2021-12-26', '2022-09-11', 'Born two financial policy.');
INSERT INTO indisponibilite (id, joueur_id, debut, fin, raison) VALUES (78, 315, '2020-07-03', '2022-04-05', 'Red impact arm just real hour stay professional.');
INSERT INTO indisponibilite (id, joueur_id, debut, fin, raison) VALUES (79, 397, '2021-04-26', '2022-01-03', 'Let explain painting water front alone live eye.');
INSERT INTO indisponibilite (id, joueur_id, debut, fin, raison) VALUES (80, 314, '2021-05-18', '2022-01-20', 'Information management party ago easy trip fine.');
INSERT INTO indisponibilite (id, joueur_id, debut, fin, raison) VALUES (81, 40, '2020-07-20', '2022-12-05', 'Today third book market past pattern.');
INSERT INTO indisponibilite (id, joueur_id, debut, fin, raison) VALUES (82, 483, '2020-08-06', '2022-01-22', 'Enter take say bank song enough.');
INSERT INTO indisponibilite (id, joueur_id, debut, fin, raison) VALUES (83, 87, '2020-08-30', '2022-11-19', 'Director decision director fund develop cut plan.');
INSERT INTO indisponibilite (id, joueur_id, debut, fin, raison) VALUES (84, 100, '2020-09-05', '2022-11-14', 'Any such glass behavior.');
INSERT INTO indisponibilite (id, joueur_id, debut, fin, raison) VALUES (85, 389, '2021-05-17', '2022-11-19', 'Significant end chance.');
INSERT INTO indisponibilite (id, joueur_id, debut, fin, raison) VALUES (86, 368, '2020-06-16', '2022-01-21', 'Anyone yard before music view I.');
INSERT INTO indisponibilite (id, joueur_id, debut, fin, raison) VALUES (87, 200, '2021-07-09', '2022-07-14', 'Cover care themselves federal campaign reach least way.');
INSERT INTO indisponibilite (id, joueur_id, debut, fin, raison) VALUES (88, 233, '2021-11-05', '2022-04-12', 'Source trouble environmental help.');
INSERT INTO indisponibilite (id, joueur_id, debut, fin, raison) VALUES (89, 466, '2021-10-21', '2022-12-31', 'Moment personal us major sport hit.');
INSERT INTO indisponibilite (id, joueur_id, debut, fin, raison) VALUES (90, 240, '2021-07-25', '2022-02-12', 'Machine main mention memory.');
INSERT INTO indisponibilite (id, joueur_id, debut, fin, raison) VALUES (91, 382, '2021-05-05', '2022-01-10', 'Note college almost election fear hand.');
INSERT INTO indisponibilite (id, joueur_id, debut, fin, raison) VALUES (92, 33, '2021-01-31', '2022-10-08', 'Wide support how nothing already voice foot.');
INSERT INTO indisponibilite (id, joueur_id, debut, fin, raison) VALUES (93, 318, '2020-02-25', '2022-05-31', 'Carry professional million scientist work.');
INSERT INTO indisponibilite (id, joueur_id, debut, fin, raison) VALUES (94, 222, '2021-10-22', '2022-05-27', 'Person lot compare woman land.');
INSERT INTO indisponibilite (id, joueur_id, debut, fin, raison) VALUES (95, 47, '2020-08-13', '2022-02-14', 'Challenge friend couple commercial.');
INSERT INTO indisponibilite (id, joueur_id, debut, fin, raison) VALUES (96, 9, '2021-09-20', '2022-07-11', 'Especially imagine certain cold check red training current.');
INSERT INTO indisponibilite (id, joueur_id, debut, fin, raison) VALUES (97, 159, '2021-02-08', '2022-03-28', 'Stop easy else smile civil early.');
INSERT INTO indisponibilite (id, joueur_id, debut, fin, raison) VALUES (98, 120, '2021-01-24', '2022-01-13', 'Skill administration despite same young.');
INSERT INTO indisponibilite (id, joueur_id, debut, fin, raison) VALUES (99, 181, '2020-05-16', '2022-07-14', 'Mind win avoid move.');
INSERT INTO indisponibilite (id, joueur_id, debut, fin, raison) VALUES (100, 106, '2021-10-24', '2022-11-27', 'Off through but size edge type.');
INSERT INTO indisponibilite (id, joueur_id, debut, fin, raison) VALUES (101, 119, '2020-02-13', '2022-02-16', 'Scene degree investment impact son range family benefit.');
INSERT INTO indisponibilite (id, joueur_id, debut, fin, raison) VALUES (102, 433, '2021-07-26', '2022-11-25', 'Strategy today black.');
INSERT INTO indisponibilite (id, joueur_id, debut, fin, raison) VALUES (103, 147, '2021-02-08', '2022-11-20', 'Trip thus range.');
INSERT INTO indisponibilite (id, joueur_id, debut, fin, raison) VALUES (104, 263, '2021-02-26', '2022-10-21', 'Mention do trade drive would wife choice.');
INSERT INTO indisponibilite (id, joueur_id, debut, fin, raison) VALUES (105, 429, '2020-08-27', '2022-04-12', 'Always top field face serve know.');
INSERT INTO indisponibilite (id, joueur_id, debut, fin, raison) VALUES (106, 361, '2021-11-22', '2022-01-09', 'Spring up push investment rule mean.');
INSERT INTO indisponibilite (id, joueur_id, debut, fin, raison) VALUES (107, 402, '2020-05-16', '2022-08-08', 'Entire arm against get someone within.');
INSERT INTO indisponibilite (id, joueur_id, debut, fin, raison) VALUES (108, 416, '2020-11-13', '2022-09-08', 'Along system beautiful newspaper.');
INSERT INTO indisponibilite (id, joueur_id, debut, fin, raison) VALUES (109, 155, '2021-09-24', '2022-11-24', 'About bar against loss.');
INSERT INTO indisponibilite (id, joueur_id, debut, fin, raison) VALUES (110, 143, '2020-11-26', '2022-08-05', 'Already us start do read few order.');
INSERT INTO indisponibilite (id, joueur_id, debut, fin, raison) VALUES (111, 155, '2021-09-19', '2022-12-06', 'Local learn management employee never seat.');
INSERT INTO indisponibilite (id, joueur_id, debut, fin, raison) VALUES (112, 467, '2020-04-15', '2022-09-26', 'Inside try kitchen.');
INSERT INTO indisponibilite (id, joueur_id, debut, fin, raison) VALUES (113, 270, '2020-06-15', '2022-05-19', 'Order value approach.');
INSERT INTO indisponibilite (id, joueur_id, debut, fin, raison) VALUES (114, 146, '2021-08-24', '2022-05-30', 'Drop list husband bed free trade.');
INSERT INTO indisponibilite (id, joueur_id, debut, fin, raison) VALUES (115, 112, '2021-02-21', '2022-10-24', 'He if agent player blood sometimes.');
INSERT INTO indisponibilite (id, joueur_id, debut, fin, raison) VALUES (116, 199, '2020-08-21', '2022-04-30', 'Left clear road protect establish majority she.');
INSERT INTO indisponibilite (id, joueur_id, debut, fin, raison) VALUES (117, 123, '2021-09-05', '2022-02-02', 'Up think size world upon bag.');
INSERT INTO indisponibilite (id, joueur_id, debut, fin, raison) VALUES (118, 382, '2021-06-03', '2022-03-05', 'Themselves house war security live they floor.');
INSERT INTO indisponibilite (id, joueur_id, debut, fin, raison) VALUES (119, 362, '2021-09-25', '2022-03-06', 'House organization alone less time.');
INSERT INTO indisponibilite (id, joueur_id, debut, fin, raison) VALUES (120, 122, '2021-10-20', '2022-11-17', 'Fast call live dog general court teacher customer.');
INSERT INTO indisponibilite (id, joueur_id, debut, fin, raison) VALUES (121, 89, '2020-05-29', '2022-03-20', 'Pull fight window future change production treat.');
INSERT INTO indisponibilite (id, joueur_id, debut, fin, raison) VALUES (122, 451, '2021-06-01', '2022-06-27', 'Not central individual drop.');
INSERT INTO indisponibilite (id, joueur_id, debut, fin, raison) VALUES (123, 8, '2020-03-30', '2022-02-22', 'Father entire never score million age.');
INSERT INTO indisponibilite (id, joueur_id, debut, fin, raison) VALUES (124, 277, '2021-10-01', '2022-04-07', 'Effort enter reality the claim.');
INSERT INTO indisponibilite (id, joueur_id, debut, fin, raison) VALUES (125, 207, '2020-01-24', '2022-05-18', 'Base time factor often peace significant company.');
INSERT INTO indisponibilite (id, joueur_id, debut, fin, raison) VALUES (126, 90, '2021-12-03', '2022-01-28', 'Society especially meet century read product.');
INSERT INTO indisponibilite (id, joueur_id, debut, fin, raison) VALUES (127, 314, '2021-11-19', '2022-03-28', 'Need call out blood executive.');
INSERT INTO indisponibilite (id, joueur_id, debut, fin, raison) VALUES (128, 120, '2020-04-22', '2022-12-20', 'Government chair discover hear week.');
INSERT INTO indisponibilite (id, joueur_id, debut, fin, raison) VALUES (129, 165, '2021-06-14', '2022-06-26', 'Different boy kind already especially provide.');
INSERT INTO indisponibilite (id, joueur_id, debut, fin, raison) VALUES (130, 73, '2021-08-23', '2022-06-19', 'Similar class near require adult newspaper thus.');
INSERT INTO indisponibilite (id, joueur_id, debut, fin, raison) VALUES (131, 17, '2021-09-29', '2022-02-09', 'Environmental know condition culture indeed join.');
INSERT INTO indisponibilite (id, joueur_id, debut, fin, raison) VALUES (132, 437, '2020-07-31', '2022-12-03', 'Move enter let suggest suddenly.');
INSERT INTO indisponibilite (id, joueur_id, debut, fin, raison) VALUES (133, 198, '2021-06-01', '2022-08-02', 'Team reflect discover ask future.');
INSERT INTO indisponibilite (id, joueur_id, debut, fin, raison) VALUES (134, 103, '2021-11-26', '2022-08-01', 'No cold send.');
INSERT INTO indisponibilite (id, joueur_id, debut, fin, raison) VALUES (135, 63, '2021-04-10', '2022-08-14', 'Scientist experience heavy after your.');
INSERT INTO indisponibilite (id, joueur_id, debut, fin, raison) VALUES (136, 408, '2020-06-07', '2022-05-19', 'Put national boy treat.');
INSERT INTO indisponibilite (id, joueur_id, debut, fin, raison) VALUES (137, 277, '2021-05-29', '2022-11-28', 'Drive cup where minute other buy sure.');
INSERT INTO indisponibilite (id, joueur_id, debut, fin, raison) VALUES (138, 181, '2021-10-28', '2022-01-15', 'Back record level experience personal seek some.');
INSERT INTO indisponibilite (id, joueur_id, debut, fin, raison) VALUES (139, 347, '2021-11-06', '2022-05-23', 'Medical nor manage structure run produce.');
INSERT INTO indisponibilite (id, joueur_id, debut, fin, raison) VALUES (140, 296, '2020-11-26', '2022-01-25', 'Economic very staff choice.');
INSERT INTO indisponibilite (id, joueur_id, debut, fin, raison) VALUES (141, 268, '2020-01-25', '2022-11-26', 'Concern author be.');
INSERT INTO indisponibilite (id, joueur_id, debut, fin, raison) VALUES (142, 258, '2021-12-01', '2022-10-28', 'Event travel memory water.');
INSERT INTO indisponibilite (id, joueur_id, debut, fin, raison) VALUES (143, 323, '2020-07-03', '2022-12-12', 'Remember else fine manage.');
INSERT INTO indisponibilite (id, joueur_id, debut, fin, raison) VALUES (144, 389, '2020-02-26', '2022-11-22', 'Account again skill trouble.');
INSERT INTO indisponibilite (id, joueur_id, debut, fin, raison) VALUES (145, 39, '2021-06-16', '2022-10-07', 'With sing top level leg specific second hour.');
INSERT INTO indisponibilite (id, joueur_id, debut, fin, raison) VALUES (146, 179, '2021-05-09', '2022-08-04', 'Another almost word late every.');
INSERT INTO indisponibilite (id, joueur_id, debut, fin, raison) VALUES (147, 102, '2020-03-06', '2022-02-11', 'Compare environmental beat perhaps.');
INSERT INTO indisponibilite (id, joueur_id, debut, fin, raison) VALUES (148, 231, '2020-08-29', '2022-07-23', 'Travel rich occur visit.');
INSERT INTO indisponibilite (id, joueur_id, debut, fin, raison) VALUES (149, 327, '2020-03-18', '2022-01-07', 'Ready turn field challenge series.');
INSERT INTO indisponibilite (id, joueur_id, debut, fin, raison) VALUES (150, 382, '2021-04-10', '2022-11-08', 'Recently thought consider since.');
INSERT INTO indisponibilite (id, joueur_id, debut, fin, raison) VALUES (151, 463, '2020-08-18', '2022-01-05', 'Yes around record expect wait.');
INSERT INTO indisponibilite (id, joueur_id, debut, fin, raison) VALUES (152, 309, '2020-11-04', '2022-01-29', 'Law himself method language institution.');
INSERT INTO indisponibilite (id, joueur_id, debut, fin, raison) VALUES (153, 183, '2021-05-21', '2022-07-25', 'Eight anything black great.');
INSERT INTO indisponibilite (id, joueur_id, debut, fin, raison) VALUES (154, 359, '2021-05-22', '2022-04-21', 'Local story since receive Democrat month small.');
INSERT INTO indisponibilite (id, joueur_id, debut, fin, raison) VALUES (155, 440, '2020-07-06', '2022-01-22', 'Cup after total our.');
INSERT INTO indisponibilite (id, joueur_id, debut, fin, raison) VALUES (156, 239, '2021-03-24', '2022-11-18', 'A reduce claim less practice floor guy.');
INSERT INTO indisponibilite (id, joueur_id, debut, fin, raison) VALUES (157, 2, '2020-10-06', '2023-01-01', 'Receive kitchen site need join network eat box.');
INSERT INTO indisponibilite (id, joueur_id, debut, fin, raison) VALUES (158, 328, '2021-01-20', '2022-09-07', 'Institution community service friend standard.');
INSERT INTO indisponibilite (id, joueur_id, debut, fin, raison) VALUES (159, 265, '2020-02-03', '2022-01-13', 'General it window hard visit big those.');
INSERT INTO indisponibilite (id, joueur_id, debut, fin, raison) VALUES (160, 438, '2021-09-18', '2022-03-30', 'So full network forward fund impact.');
INSERT INTO indisponibilite (id, joueur_id, debut, fin, raison) VALUES (161, 427, '2021-05-30', '2022-11-13', 'Cut agree news truth person.');
INSERT INTO indisponibilite (id, joueur_id, debut, fin, raison) VALUES (162, 473, '2020-09-18', '2022-02-02', 'Keep level him establish guy.');
INSERT INTO indisponibilite (id, joueur_id, debut, fin, raison) VALUES (163, 106, '2021-08-28', '2022-11-15', 'Down various so white term material.');
INSERT INTO indisponibilite (id, joueur_id, debut, fin, raison) VALUES (164, 154, '2021-11-09', '2022-03-05', 'Task available visit have past.');
INSERT INTO indisponibilite (id, joueur_id, debut, fin, raison) VALUES (165, 111, '2021-05-01', '2022-08-13', 'Production up fill late.');
INSERT INTO indisponibilite (id, joueur_id, debut, fin, raison) VALUES (166, 305, '2021-07-01', '2022-09-06', 'Approach who level or ago successful spring.');
INSERT INTO indisponibilite (id, joueur_id, debut, fin, raison) VALUES (167, 460, '2020-09-09', '2022-03-13', 'Nice first center maintain specific.');
INSERT INTO indisponibilite (id, joueur_id, debut, fin, raison) VALUES (168, 292, '2020-01-24', '2022-02-04', 'Project short head recent suddenly art prepare.');
INSERT INTO indisponibilite (id, joueur_id, debut, fin, raison) VALUES (169, 20, '2020-11-19', '2022-03-07', 'Continue whether night walk keep traditional forward.');
INSERT INTO indisponibilite (id, joueur_id, debut, fin, raison) VALUES (170, 212, '2020-03-18', '2022-03-20', 'Baby send appear why somebody.');
INSERT INTO indisponibilite (id, joueur_id, debut, fin, raison) VALUES (171, 338, '2021-04-30', '2022-06-24', 'Leg success figure sense himself.');
INSERT INTO indisponibilite (id, joueur_id, debut, fin, raison) VALUES (172, 10, '2020-10-14', '2022-05-31', 'Nature drug ahead order.');
INSERT INTO indisponibilite (id, joueur_id, debut, fin, raison) VALUES (173, 86, '2020-12-04', '2022-01-23', 'Affect get pattern young.');
INSERT INTO indisponibilite (id, joueur_id, debut, fin, raison) VALUES (174, 494, '2020-03-13', '2022-02-25', 'Approach several decision deal itself build compare compare.');
INSERT INTO indisponibilite (id, joueur_id, debut, fin, raison) VALUES (175, 454, '2020-04-02', '2022-04-08', 'Nothing to pressure beyond own Mr suggest.');
INSERT INTO indisponibilite (id, joueur_id, debut, fin, raison) VALUES (176, 296, '2021-03-09', '2022-02-15', 'Lay summer through crime.');
INSERT INTO indisponibilite (id, joueur_id, debut, fin, raison) VALUES (177, 181, '2021-01-19', '2022-10-24', 'Great anything within act maintain.');
INSERT INTO indisponibilite (id, joueur_id, debut, fin, raison) VALUES (178, 231, '2020-12-19', '2022-09-21', 'Husband care study score.');
INSERT INTO indisponibilite (id, joueur_id, debut, fin, raison) VALUES (179, 215, '2021-08-06', '2022-11-21', 'Billion hit among tax court color.');
INSERT INTO indisponibilite (id, joueur_id, debut, fin, raison) VALUES (180, 199, '2020-09-05', '2022-07-26', 'Help theory prove pick.');
INSERT INTO indisponibilite (id, joueur_id, debut, fin, raison) VALUES (181, 381, '2020-02-28', '2022-01-04', 'Opportunity question mother blood.');
INSERT INTO indisponibilite (id, joueur_id, debut, fin, raison) VALUES (182, 36, '2021-11-10', '2022-05-07', 'One we financial cultural address.');
INSERT INTO indisponibilite (id, joueur_id, debut, fin, raison) VALUES (183, 325, '2021-04-30', '2022-02-03', 'Military whom production visit rich between point.');
INSERT INTO indisponibilite (id, joueur_id, debut, fin, raison) VALUES (184, 136, '2021-06-09', '2022-06-06', 'Know during law fight along play here.');
INSERT INTO indisponibilite (id, joueur_id, debut, fin, raison) VALUES (185, 417, '2021-09-03', '2022-01-11', 'Discover find message.');
INSERT INTO indisponibilite (id, joueur_id, debut, fin, raison) VALUES (186, 279, '2021-02-11', '2022-12-05', 'Color job quality.');
INSERT INTO indisponibilite (id, joueur_id, debut, fin, raison) VALUES (187, 243, '2021-01-22', '2022-01-17', 'Law system human film ahead upon company law.');
INSERT INTO indisponibilite (id, joueur_id, debut, fin, raison) VALUES (188, 94, '2021-09-17', '2022-12-10', 'Mother specific themselves court than.');
INSERT INTO indisponibilite (id, joueur_id, debut, fin, raison) VALUES (189, 31, '2020-08-09', '2022-03-01', 'Art point tax Congress.');
INSERT INTO indisponibilite (id, joueur_id, debut, fin, raison) VALUES (190, 179, '2021-12-06', '2022-09-17', 'Party success hospital sit time short.');
INSERT INTO indisponibilite (id, joueur_id, debut, fin, raison) VALUES (191, 269, '2020-08-20', '2022-04-11', 'Moment right part role while chance continue.');
INSERT INTO indisponibilite (id, joueur_id, debut, fin, raison) VALUES (192, 95, '2020-04-17', '2022-01-24', 'Various call others change my government.');
INSERT INTO indisponibilite (id, joueur_id, debut, fin, raison) VALUES (193, 362, '2020-01-18', '2022-08-05', 'Politics development draw over feel base since.');
INSERT INTO indisponibilite (id, joueur_id, debut, fin, raison) VALUES (194, 383, '2020-09-13', '2022-08-13', 'Feeling thought film couple.');
INSERT INTO indisponibilite (id, joueur_id, debut, fin, raison) VALUES (195, 234, '2021-12-31', '2022-07-11', 'Boy way data.');
INSERT INTO indisponibilite (id, joueur_id, debut, fin, raison) VALUES (196, 243, '2021-11-25', '2022-12-07', 'Material seek keep market.');
INSERT INTO indisponibilite (id, joueur_id, debut, fin, raison) VALUES (197, 375, '2020-09-18', '2022-11-09', 'Appear order second billion remain end.');
INSERT INTO indisponibilite (id, joueur_id, debut, fin, raison) VALUES (198, 331, '2021-04-16', '2022-08-13', 'Audience less wide often enough future subject.');
INSERT INTO indisponibilite (id, joueur_id, debut, fin, raison) VALUES (199, 226, '2020-11-15', '2022-04-24', 'Protect include anyone quite management yard expect.');
INSERT INTO indisponibilite (id, joueur_id, debut, fin, raison) VALUES (200, 438, '2021-07-03', '2022-10-12', 'Ten question not mention.');

-- Data for journee
INSERT INTO journee (id, saison_id, numero, debut, fin) VALUES (1, 7, 2, '2023-09-14', '2023-08-03');
INSERT INTO journee (id, saison_id, numero, debut, fin) VALUES (2, 3, 3, '2023-07-19', '2023-03-18');
INSERT INTO journee (id, saison_id, numero, debut, fin) VALUES (3, 7, 4, '2023-02-16', '2023-06-15');
INSERT INTO journee (id, saison_id, numero, debut, fin) VALUES (4, 1, 5, '2023-11-30', '2023-06-26');
INSERT INTO journee (id, saison_id, numero, debut, fin) VALUES (5, 1, 6, '2023-08-05', '2023-07-26');
INSERT INTO journee (id, saison_id, numero, debut, fin) VALUES (6, 7, 7, '2023-03-01', '2023-04-15');
INSERT INTO journee (id, saison_id, numero, debut, fin) VALUES (7, 7, 8, '2023-11-01', '2023-06-03');
INSERT INTO journee (id, saison_id, numero, debut, fin) VALUES (8, 3, 9, '2023-07-02', '2023-01-19');
INSERT INTO journee (id, saison_id, numero, debut, fin) VALUES (9, 2, 10, '2023-07-11', '2023-05-07');
INSERT INTO journee (id, saison_id, numero, debut, fin) VALUES (10, 1, 11, '2023-04-11', '2023-08-22');
INSERT INTO journee (id, saison_id, numero, debut, fin) VALUES (11, 1, 12, '2023-01-18', '2023-12-20');
INSERT INTO journee (id, saison_id, numero, debut, fin) VALUES (12, 3, 13, '2023-05-02', '2023-03-19');
INSERT INTO journee (id, saison_id, numero, debut, fin) VALUES (13, 5, 14, '2023-02-12', '2023-06-12');
INSERT INTO journee (id, saison_id, numero, debut, fin) VALUES (14, 4, 15, '2023-02-24', '2023-12-21');
INSERT INTO journee (id, saison_id, numero, debut, fin) VALUES (15, 5, 16, '2023-12-15', '2023-06-24');
INSERT INTO journee (id, saison_id, numero, debut, fin) VALUES (16, 4, 17, '2023-06-02', '2023-06-13');
INSERT INTO journee (id, saison_id, numero, debut, fin) VALUES (17, 4, 18, '2023-04-07', '2023-09-08');
INSERT INTO journee (id, saison_id, numero, debut, fin) VALUES (18, 7, 19, '2023-08-31', '2023-05-23');
INSERT INTO journee (id, saison_id, numero, debut, fin) VALUES (19, 3, 20, '2023-06-23', '2023-04-12');
INSERT INTO journee (id, saison_id, numero, debut, fin) VALUES (20, 2, 21, '2023-09-25', '2023-10-05');
INSERT INTO journee (id, saison_id, numero, debut, fin) VALUES (21, 1, 22, '2023-12-20', '2023-04-03');
INSERT INTO journee (id, saison_id, numero, debut, fin) VALUES (22, 2, 23, '2023-10-24', '2023-11-07');
INSERT INTO journee (id, saison_id, numero, debut, fin) VALUES (23, 1, 24, '2023-05-24', '2023-09-16');
INSERT INTO journee (id, saison_id, numero, debut, fin) VALUES (24, 3, 25, '2023-06-25', '2023-01-06');
INSERT INTO journee (id, saison_id, numero, debut, fin) VALUES (25, 6, 26, '2023-12-03', '2023-07-04');
INSERT INTO journee (id, saison_id, numero, debut, fin) VALUES (26, 6, 27, '2023-05-14', '2023-10-25');
INSERT INTO journee (id, saison_id, numero, debut, fin) VALUES (27, 2, 28, '2023-09-08', '2023-10-12');
INSERT INTO journee (id, saison_id, numero, debut, fin) VALUES (28, 3, 29, '2023-10-30', '2023-02-05');
INSERT INTO journee (id, saison_id, numero, debut, fin) VALUES (29, 4, 30, '2023-03-16', '2023-11-12');
INSERT INTO journee (id, saison_id, numero, debut, fin) VALUES (30, 6, 31, '2023-10-16', '2023-12-12');
INSERT INTO journee (id, saison_id, numero, debut, fin) VALUES (31, 3, 32, '2023-10-13', '2023-03-27');
INSERT INTO journee (id, saison_id, numero, debut, fin) VALUES (32, 2, 33, '2023-08-14', '2023-08-02');
INSERT INTO journee (id, saison_id, numero, debut, fin) VALUES (33, 3, 34, '2023-03-04', '2023-04-12');
INSERT INTO journee (id, saison_id, numero, debut, fin) VALUES (34, 4, 35, '2023-09-22', '2023-09-14');
INSERT INTO journee (id, saison_id, numero, debut, fin) VALUES (35, 4, 36, '2023-09-22', '2023-08-23');
INSERT INTO journee (id, saison_id, numero, debut, fin) VALUES (36, 4, 37, '2023-05-13', '2023-02-16');
INSERT INTO journee (id, saison_id, numero, debut, fin) VALUES (37, 7, 38, '2023-08-13', '2023-05-22');
INSERT INTO journee (id, saison_id, numero, debut, fin) VALUES (38, 3, 1, '2023-04-06', '2023-05-07');
INSERT INTO journee (id, saison_id, numero, debut, fin) VALUES (39, 5, 2, '2023-08-27', '2023-09-29');
INSERT INTO journee (id, saison_id, numero, debut, fin) VALUES (40, 1, 3, '2023-12-09', '2023-01-10');
INSERT INTO journee (id, saison_id, numero, debut, fin) VALUES (41, 2, 4, '2023-05-02', '2023-01-18');
INSERT INTO journee (id, saison_id, numero, debut, fin) VALUES (42, 7, 5, '2023-10-17', '2023-06-16');
INSERT INTO journee (id, saison_id, numero, debut, fin) VALUES (43, 5, 6, '2023-07-09', '2023-01-08');
INSERT INTO journee (id, saison_id, numero, debut, fin) VALUES (44, 7, 7, '2023-08-27', '2023-09-23');
INSERT INTO journee (id, saison_id, numero, debut, fin) VALUES (45, 5, 8, '2023-11-28', '2023-11-26');
INSERT INTO journee (id, saison_id, numero, debut, fin) VALUES (46, 7, 9, '2023-07-13', '2023-11-06');
INSERT INTO journee (id, saison_id, numero, debut, fin) VALUES (47, 3, 10, '2023-04-13', '2023-06-14');
INSERT INTO journee (id, saison_id, numero, debut, fin) VALUES (48, 7, 11, '2023-12-01', '2023-06-23');
INSERT INTO journee (id, saison_id, numero, debut, fin) VALUES (49, 6, 12, '2023-04-10', '2023-05-28');
INSERT INTO journee (id, saison_id, numero, debut, fin) VALUES (50, 7, 13, '2023-03-08', '2023-11-28');
INSERT INTO journee (id, saison_id, numero, debut, fin) VALUES (51, 3, 14, '2023-12-03', '2023-11-12');
INSERT INTO journee (id, saison_id, numero, debut, fin) VALUES (52, 3, 15, '2023-01-28', '2023-12-18');
INSERT INTO journee (id, saison_id, numero, debut, fin) VALUES (53, 1, 16, '2023-04-26', '2023-10-30');
INSERT INTO journee (id, saison_id, numero, debut, fin) VALUES (54, 5, 17, '2023-01-01', '2023-10-11');
INSERT INTO journee (id, saison_id, numero, debut, fin) VALUES (55, 4, 18, '2023-02-27', '2023-12-11');
INSERT INTO journee (id, saison_id, numero, debut, fin) VALUES (56, 2, 19, '2023-02-21', '2023-02-03');
INSERT INTO journee (id, saison_id, numero, debut, fin) VALUES (57, 2, 20, '2023-05-01', '2023-02-13');
INSERT INTO journee (id, saison_id, numero, debut, fin) VALUES (58, 2, 21, '2023-03-26', '2023-02-23');
INSERT INTO journee (id, saison_id, numero, debut, fin) VALUES (59, 4, 22, '2023-06-24', '2023-01-23');
INSERT INTO journee (id, saison_id, numero, debut, fin) VALUES (60, 6, 23, '2023-06-12', '2023-06-03');
INSERT INTO journee (id, saison_id, numero, debut, fin) VALUES (61, 5, 24, '2023-06-17', '2023-08-27');
INSERT INTO journee (id, saison_id, numero, debut, fin) VALUES (62, 4, 25, '2023-01-25', '2023-02-21');
INSERT INTO journee (id, saison_id, numero, debut, fin) VALUES (63, 5, 26, '2023-02-11', '2023-06-22');
INSERT INTO journee (id, saison_id, numero, debut, fin) VALUES (64, 2, 27, '2023-10-18', '2023-08-27');
INSERT INTO journee (id, saison_id, numero, debut, fin) VALUES (65, 3, 28, '2023-12-15', '2023-02-27');
INSERT INTO journee (id, saison_id, numero, debut, fin) VALUES (66, 1, 29, '2023-03-03', '2023-12-08');
INSERT INTO journee (id, saison_id, numero, debut, fin) VALUES (67, 7, 30, '2023-12-22', '2023-03-07');
INSERT INTO journee (id, saison_id, numero, debut, fin) VALUES (68, 5, 31, '2023-08-27', '2023-07-11');
INSERT INTO journee (id, saison_id, numero, debut, fin) VALUES (69, 2, 32, '2023-07-12', '2023-02-28');
INSERT INTO journee (id, saison_id, numero, debut, fin) VALUES (70, 4, 33, '2023-07-16', '2023-05-20');
INSERT INTO journee (id, saison_id, numero, debut, fin) VALUES (71, 3, 34, '2023-07-06', '2023-10-29');
INSERT INTO journee (id, saison_id, numero, debut, fin) VALUES (72, 7, 35, '2023-10-21', '2023-07-04');
INSERT INTO journee (id, saison_id, numero, debut, fin) VALUES (73, 5, 36, '2023-06-17', '2023-04-19');
INSERT INTO journee (id, saison_id, numero, debut, fin) VALUES (74, 7, 37, '2023-12-08', '2023-07-08');
INSERT INTO journee (id, saison_id, numero, debut, fin) VALUES (75, 1, 38, '2023-10-20', '2023-11-07');
INSERT INTO journee (id, saison_id, numero, debut, fin) VALUES (76, 5, 1, '2023-06-17', '2023-09-27');
INSERT INTO journee (id, saison_id, numero, debut, fin) VALUES (77, 3, 2, '2023-05-08', '2023-05-16');
INSERT INTO journee (id, saison_id, numero, debut, fin) VALUES (78, 1, 3, '2023-06-18', '2023-12-14');
INSERT INTO journee (id, saison_id, numero, debut, fin) VALUES (79, 5, 4, '2023-05-26', '2023-05-02');
INSERT INTO journee (id, saison_id, numero, debut, fin) VALUES (80, 4, 5, '2023-09-20', '2023-04-30');
INSERT INTO journee (id, saison_id, numero, debut, fin) VALUES (81, 4, 6, '2023-12-04', '2023-12-16');
INSERT INTO journee (id, saison_id, numero, debut, fin) VALUES (82, 1, 7, '2023-11-10', '2023-07-26');
INSERT INTO journee (id, saison_id, numero, debut, fin) VALUES (83, 1, 8, '2023-11-20', '2023-03-28');
INSERT INTO journee (id, saison_id, numero, debut, fin) VALUES (84, 7, 9, '2023-04-24', '2023-03-14');
INSERT INTO journee (id, saison_id, numero, debut, fin) VALUES (85, 7, 10, '2023-05-19', '2023-06-25');
INSERT INTO journee (id, saison_id, numero, debut, fin) VALUES (86, 5, 11, '2023-08-02', '2023-09-19');
INSERT INTO journee (id, saison_id, numero, debut, fin) VALUES (87, 6, 12, '2023-08-20', '2023-06-14');
INSERT INTO journee (id, saison_id, numero, debut, fin) VALUES (88, 6, 13, '2023-08-25', '2023-02-17');
INSERT INTO journee (id, saison_id, numero, debut, fin) VALUES (89, 6, 14, '2023-02-04', '2023-09-14');
INSERT INTO journee (id, saison_id, numero, debut, fin) VALUES (90, 6, 15, '2023-02-15', '2023-08-16');
INSERT INTO journee (id, saison_id, numero, debut, fin) VALUES (91, 1, 16, '2023-05-17', '2023-12-29');
INSERT INTO journee (id, saison_id, numero, debut, fin) VALUES (92, 4, 17, '2023-10-28', '2023-10-30');
INSERT INTO journee (id, saison_id, numero, debut, fin) VALUES (93, 2, 18, '2023-03-11', '2023-11-12');
INSERT INTO journee (id, saison_id, numero, debut, fin) VALUES (94, 5, 19, '2023-11-17', '2023-03-25');
INSERT INTO journee (id, saison_id, numero, debut, fin) VALUES (95, 4, 20, '2023-10-03', '2023-11-14');
INSERT INTO journee (id, saison_id, numero, debut, fin) VALUES (96, 2, 21, '2023-10-23', '2023-09-18');
INSERT INTO journee (id, saison_id, numero, debut, fin) VALUES (97, 1, 22, '2023-10-21', '2023-07-01');
INSERT INTO journee (id, saison_id, numero, debut, fin) VALUES (98, 3, 23, '2023-06-28', '2023-12-23');
INSERT INTO journee (id, saison_id, numero, debut, fin) VALUES (99, 5, 24, '2023-05-25', '2023-05-03');
INSERT INTO journee (id, saison_id, numero, debut, fin) VALUES (100, 3, 25, '2023-02-19', '2023-02-06');
INSERT INTO journee (id, saison_id, numero, debut, fin) VALUES (101, 5, 26, '2023-12-12', '2023-12-05');
INSERT INTO journee (id, saison_id, numero, debut, fin) VALUES (102, 4, 27, '2023-06-12', '2023-01-31');
INSERT INTO journee (id, saison_id, numero, debut, fin) VALUES (103, 5, 28, '2023-05-26', '2023-02-03');
INSERT INTO journee (id, saison_id, numero, debut, fin) VALUES (104, 7, 29, '2023-05-07', '2023-03-03');
INSERT INTO journee (id, saison_id, numero, debut, fin) VALUES (105, 6, 30, '2023-08-25', '2023-10-21');
INSERT INTO journee (id, saison_id, numero, debut, fin) VALUES (106, 5, 31, '2023-08-27', '2023-02-17');
INSERT INTO journee (id, saison_id, numero, debut, fin) VALUES (107, 4, 32, '2023-09-19', '2023-09-06');
INSERT INTO journee (id, saison_id, numero, debut, fin) VALUES (108, 5, 33, '2023-04-02', '2023-05-14');
INSERT INTO journee (id, saison_id, numero, debut, fin) VALUES (109, 6, 34, '2023-08-21', '2023-10-03');
INSERT INTO journee (id, saison_id, numero, debut, fin) VALUES (110, 5, 35, '2023-01-19', '2023-08-02');
INSERT INTO journee (id, saison_id, numero, debut, fin) VALUES (111, 4, 36, '2023-03-03', '2023-11-30');
INSERT INTO journee (id, saison_id, numero, debut, fin) VALUES (112, 4, 37, '2023-09-09', '2023-11-10');
INSERT INTO journee (id, saison_id, numero, debut, fin) VALUES (113, 6, 38, '2023-12-13', '2023-05-07');
INSERT INTO journee (id, saison_id, numero, debut, fin) VALUES (114, 1, 1, '2023-07-28', '2023-10-11');
INSERT INTO journee (id, saison_id, numero, debut, fin) VALUES (115, 6, 2, '2023-12-20', '2023-09-08');
INSERT INTO journee (id, saison_id, numero, debut, fin) VALUES (116, 1, 3, '2023-12-01', '2023-04-08');
INSERT INTO journee (id, saison_id, numero, debut, fin) VALUES (117, 4, 4, '2023-07-14', '2023-05-20');
INSERT INTO journee (id, saison_id, numero, debut, fin) VALUES (118, 1, 5, '2023-01-05', '2023-10-04');
INSERT INTO journee (id, saison_id, numero, debut, fin) VALUES (119, 5, 6, '2023-12-03', '2023-03-01');
INSERT INTO journee (id, saison_id, numero, debut, fin) VALUES (120, 7, 7, '2023-06-06', '2023-07-17');
INSERT INTO journee (id, saison_id, numero, debut, fin) VALUES (121, 6, 8, '2023-01-09', '2023-01-02');
INSERT INTO journee (id, saison_id, numero, debut, fin) VALUES (122, 2, 9, '2023-09-13', '2023-05-05');
INSERT INTO journee (id, saison_id, numero, debut, fin) VALUES (123, 3, 10, '2023-10-24', '2023-04-24');
INSERT INTO journee (id, saison_id, numero, debut, fin) VALUES (124, 4, 11, '2023-06-12', '2023-06-07');
INSERT INTO journee (id, saison_id, numero, debut, fin) VALUES (125, 3, 12, '2023-08-30', '2023-04-01');
INSERT INTO journee (id, saison_id, numero, debut, fin) VALUES (126, 6, 13, '2023-01-31', '2023-08-05');
INSERT INTO journee (id, saison_id, numero, debut, fin) VALUES (127, 3, 14, '2023-02-21', '2023-04-19');
INSERT INTO journee (id, saison_id, numero, debut, fin) VALUES (128, 4, 15, '2023-07-26', '2023-03-01');
INSERT INTO journee (id, saison_id, numero, debut, fin) VALUES (129, 5, 16, '2023-11-14', '2023-08-31');
INSERT INTO journee (id, saison_id, numero, debut, fin) VALUES (130, 4, 17, '2023-09-07', '2023-02-07');
INSERT INTO journee (id, saison_id, numero, debut, fin) VALUES (131, 2, 18, '2023-04-29', '2023-06-21');
INSERT INTO journee (id, saison_id, numero, debut, fin) VALUES (132, 6, 19, '2023-11-26', '2023-05-02');
INSERT INTO journee (id, saison_id, numero, debut, fin) VALUES (133, 6, 20, '2023-07-02', '2023-12-03');
INSERT INTO journee (id, saison_id, numero, debut, fin) VALUES (134, 1, 21, '2023-07-08', '2023-05-17');
INSERT INTO journee (id, saison_id, numero, debut, fin) VALUES (135, 3, 22, '2023-07-26', '2023-09-20');
INSERT INTO journee (id, saison_id, numero, debut, fin) VALUES (136, 6, 23, '2023-08-10', '2023-07-22');
INSERT INTO journee (id, saison_id, numero, debut, fin) VALUES (137, 5, 24, '2023-08-20', '2023-08-16');
INSERT INTO journee (id, saison_id, numero, debut, fin) VALUES (138, 5, 25, '2023-01-02', '2023-05-03');
INSERT INTO journee (id, saison_id, numero, debut, fin) VALUES (139, 2, 26, '2023-02-12', '2023-08-09');
INSERT INTO journee (id, saison_id, numero, debut, fin) VALUES (140, 4, 27, '2023-01-20', '2023-09-29');
INSERT INTO journee (id, saison_id, numero, debut, fin) VALUES (141, 2, 28, '2023-01-29', '2023-06-15');
INSERT INTO journee (id, saison_id, numero, debut, fin) VALUES (142, 5, 29, '2023-11-08', '2023-01-27');
INSERT INTO journee (id, saison_id, numero, debut, fin) VALUES (143, 2, 30, '2023-06-23', '2023-02-03');
INSERT INTO journee (id, saison_id, numero, debut, fin) VALUES (144, 2, 31, '2023-08-25', '2023-11-24');
INSERT INTO journee (id, saison_id, numero, debut, fin) VALUES (145, 2, 32, '2023-01-13', '2023-04-05');
INSERT INTO journee (id, saison_id, numero, debut, fin) VALUES (146, 2, 33, '2023-01-17', '2023-06-12');
INSERT INTO journee (id, saison_id, numero, debut, fin) VALUES (147, 4, 34, '2023-03-28', '2023-09-16');
INSERT INTO journee (id, saison_id, numero, debut, fin) VALUES (148, 1, 35, '2023-06-01', '2023-09-24');
INSERT INTO journee (id, saison_id, numero, debut, fin) VALUES (149, 4, 36, '2023-11-22', '2023-09-09');
INSERT INTO journee (id, saison_id, numero, debut, fin) VALUES (150, 2, 37, '2023-11-17', '2023-04-19');
INSERT INTO journee (id, saison_id, numero, debut, fin) VALUES (151, 4, 38, '2023-04-21', '2023-03-11');
INSERT INTO journee (id, saison_id, numero, debut, fin) VALUES (152, 6, 1, '2023-10-26', '2023-10-01');
INSERT INTO journee (id, saison_id, numero, debut, fin) VALUES (153, 3, 2, '2023-03-15', '2023-12-22');
INSERT INTO journee (id, saison_id, numero, debut, fin) VALUES (154, 7, 3, '2023-08-18', '2023-09-14');
INSERT INTO journee (id, saison_id, numero, debut, fin) VALUES (155, 7, 4, '2023-02-12', '2023-10-12');
INSERT INTO journee (id, saison_id, numero, debut, fin) VALUES (156, 7, 5, '2023-09-05', '2023-02-21');
INSERT INTO journee (id, saison_id, numero, debut, fin) VALUES (157, 3, 6, '2023-03-10', '2023-02-03');
INSERT INTO journee (id, saison_id, numero, debut, fin) VALUES (158, 6, 7, '2023-06-04', '2023-04-17');
INSERT INTO journee (id, saison_id, numero, debut, fin) VALUES (159, 2, 8, '2023-07-28', '2023-06-22');
INSERT INTO journee (id, saison_id, numero, debut, fin) VALUES (160, 6, 9, '2023-08-11', '2023-05-03');
INSERT INTO journee (id, saison_id, numero, debut, fin) VALUES (161, 7, 10, '2023-03-30', '2023-12-03');
INSERT INTO journee (id, saison_id, numero, debut, fin) VALUES (162, 6, 11, '2023-06-08', '2023-09-10');
INSERT INTO journee (id, saison_id, numero, debut, fin) VALUES (163, 4, 12, '2023-10-20', '2023-12-20');
INSERT INTO journee (id, saison_id, numero, debut, fin) VALUES (164, 5, 13, '2023-04-13', '2023-11-19');
INSERT INTO journee (id, saison_id, numero, debut, fin) VALUES (165, 6, 14, '2023-11-06', '2023-12-26');
INSERT INTO journee (id, saison_id, numero, debut, fin) VALUES (166, 7, 15, '2023-10-12', '2023-04-24');
INSERT INTO journee (id, saison_id, numero, debut, fin) VALUES (167, 1, 16, '2023-09-27', '2023-08-03');
INSERT INTO journee (id, saison_id, numero, debut, fin) VALUES (168, 6, 17, '2023-12-02', '2023-08-08');
INSERT INTO journee (id, saison_id, numero, debut, fin) VALUES (169, 7, 18, '2023-06-24', '2023-11-22');
INSERT INTO journee (id, saison_id, numero, debut, fin) VALUES (170, 7, 19, '2023-04-16', '2023-07-26');
INSERT INTO journee (id, saison_id, numero, debut, fin) VALUES (171, 2, 20, '2023-07-27', '2023-11-07');
INSERT INTO journee (id, saison_id, numero, debut, fin) VALUES (172, 2, 21, '2023-01-20', '2023-06-15');
INSERT INTO journee (id, saison_id, numero, debut, fin) VALUES (173, 6, 22, '2023-12-01', '2023-05-03');
INSERT INTO journee (id, saison_id, numero, debut, fin) VALUES (174, 7, 23, '2023-09-02', '2023-09-21');
INSERT INTO journee (id, saison_id, numero, debut, fin) VALUES (175, 2, 24, '2023-09-27', '2023-03-14');
INSERT INTO journee (id, saison_id, numero, debut, fin) VALUES (176, 5, 25, '2023-07-16', '2023-03-27');
INSERT INTO journee (id, saison_id, numero, debut, fin) VALUES (177, 7, 26, '2023-11-09', '2023-06-20');
INSERT INTO journee (id, saison_id, numero, debut, fin) VALUES (178, 4, 27, '2023-11-11', '2023-12-22');
INSERT INTO journee (id, saison_id, numero, debut, fin) VALUES (179, 4, 28, '2023-04-29', '2023-11-02');
INSERT INTO journee (id, saison_id, numero, debut, fin) VALUES (180, 6, 29, '2023-10-05', '2023-01-08');
INSERT INTO journee (id, saison_id, numero, debut, fin) VALUES (181, 1, 30, '2023-12-25', '2023-04-27');
INSERT INTO journee (id, saison_id, numero, debut, fin) VALUES (182, 4, 31, '2023-03-19', '2023-03-10');
INSERT INTO journee (id, saison_id, numero, debut, fin) VALUES (183, 6, 32, '2023-04-20', '2023-06-05');
INSERT INTO journee (id, saison_id, numero, debut, fin) VALUES (184, 4, 33, '2023-11-16', '2023-05-21');
INSERT INTO journee (id, saison_id, numero, debut, fin) VALUES (185, 1, 34, '2023-01-29', '2023-08-30');
INSERT INTO journee (id, saison_id, numero, debut, fin) VALUES (186, 3, 35, '2023-06-18', '2023-10-15');
INSERT INTO journee (id, saison_id, numero, debut, fin) VALUES (187, 7, 36, '2023-12-21', '2023-11-11');
INSERT INTO journee (id, saison_id, numero, debut, fin) VALUES (188, 7, 37, '2023-02-04', '2023-11-25');
INSERT INTO journee (id, saison_id, numero, debut, fin) VALUES (189, 7, 38, '2023-01-24', '2023-11-06');
INSERT INTO journee (id, saison_id, numero, debut, fin) VALUES (190, 5, 1, '2023-01-12', '2023-01-15');
INSERT INTO journee (id, saison_id, numero, debut, fin) VALUES (191, 4, 2, '2023-12-01', '2023-11-23');
INSERT INTO journee (id, saison_id, numero, debut, fin) VALUES (192, 1, 3, '2023-05-06', '2023-10-24');
INSERT INTO journee (id, saison_id, numero, debut, fin) VALUES (193, 4, 4, '2023-09-08', '2023-05-20');
INSERT INTO journee (id, saison_id, numero, debut, fin) VALUES (194, 5, 5, '2023-02-17', '2023-06-28');
INSERT INTO journee (id, saison_id, numero, debut, fin) VALUES (195, 3, 6, '2023-06-20', '2023-10-29');
INSERT INTO journee (id, saison_id, numero, debut, fin) VALUES (196, 2, 7, '2023-03-22', '2023-03-21');
INSERT INTO journee (id, saison_id, numero, debut, fin) VALUES (197, 5, 8, '2023-05-19', '2023-02-02');
INSERT INTO journee (id, saison_id, numero, debut, fin) VALUES (198, 6, 9, '2023-08-11', '2023-12-11');
INSERT INTO journee (id, saison_id, numero, debut, fin) VALUES (199, 1, 10, '2023-08-08', '2023-09-14');
INSERT INTO journee (id, saison_id, numero, debut, fin) VALUES (200, 2, 11, '2023-05-06', '2023-01-30');

-- Data for matchs
INSERT INTO matchs (id, journee_id, equipe1_id, equipe2_id, score_equipe1, score_equipe2, date, status) VALUES (1, 105, 69, 63, 1, 0, '2023-05-24', 'Terminé');
INSERT INTO matchs (id, journee_id, equipe1_id, equipe2_id, score_equipe1, score_equipe2, date, status) VALUES (2, 115, 22, 67, 4, 3, '2023-04-02', 'Terminé');
INSERT INTO matchs (id, journee_id, equipe1_id, equipe2_id, score_equipe1, score_equipe2, date, status) VALUES (3, 136, 30, 72, 5, 1, '2023-11-17', 'Annulé');
INSERT INTO matchs (id, journee_id, equipe1_id, equipe2_id, score_equipe1, score_equipe2, date, status) VALUES (4, 123, 89, 40, 5, 4, '2023-09-19', 'Terminé');
INSERT INTO matchs (id, journee_id, equipe1_id, equipe2_id, score_equipe1, score_equipe2, date, status) VALUES (5, 64, 18, 20, 1, 2, '2023-07-30', 'Terminé');
INSERT INTO matchs (id, journee_id, equipe1_id, equipe2_id, score_equipe1, score_equipe2, date, status) VALUES (6, 146, 52, 40, 5, 4, '2023-02-01', 'En cours');
INSERT INTO matchs (id, journee_id, equipe1_id, equipe2_id, score_equipe1, score_equipe2, date, status) VALUES (7, 67, 71, 19, 0, 3, '2023-07-08', 'Annulé');
INSERT INTO matchs (id, journee_id, equipe1_id, equipe2_id, score_equipe1, score_equipe2, date, status) VALUES (8, 7, 79, 67, 5, 5, '2023-07-03', 'Terminé');
INSERT INTO matchs (id, journee_id, equipe1_id, equipe2_id, score_equipe1, score_equipe2, date, status) VALUES (9, 182, 8, 14, 5, 1, '2023-03-08', 'Terminé');
INSERT INTO matchs (id, journee_id, equipe1_id, equipe2_id, score_equipe1, score_equipe2, date, status) VALUES (10, 27, 51, 11, 5, 5, '2023-06-15', 'Annulé');
INSERT INTO matchs (id, journee_id, equipe1_id, equipe2_id, score_equipe1, score_equipe2, date, status) VALUES (11, 126, 92, 74, 5, 4, '2023-07-26', 'Terminé');
INSERT INTO matchs (id, journee_id, equipe1_id, equipe2_id, score_equipe1, score_equipe2, date, status) VALUES (12, 176, 73, 31, 3, 3, '2023-09-15', 'Annulé');
INSERT INTO matchs (id, journee_id, equipe1_id, equipe2_id, score_equipe1, score_equipe2, date, status) VALUES (13, 120, 8, 78, 1, 3, '2023-08-07', 'Annulé');
INSERT INTO matchs (id, journee_id, equipe1_id, equipe2_id, score_equipe1, score_equipe2, date, status) VALUES (14, 59, 81, 97, 1, 3, '2023-06-11', 'Terminé');
INSERT INTO matchs (id, journee_id, equipe1_id, equipe2_id, score_equipe1, score_equipe2, date, status) VALUES (15, 153, 66, 34, 1, 1, '2023-06-04', 'Terminé');
INSERT INTO matchs (id, journee_id, equipe1_id, equipe2_id, score_equipe1, score_equipe2, date, status) VALUES (16, 104, 46, 80, 1, 0, '2023-08-27', 'Annulé');
INSERT INTO matchs (id, journee_id, equipe1_id, equipe2_id, score_equipe1, score_equipe2, date, status) VALUES (17, 4, 43, 1, 2, 1, '2023-04-14', 'Annulé');
INSERT INTO matchs (id, journee_id, equipe1_id, equipe2_id, score_equipe1, score_equipe2, date, status) VALUES (18, 107, 33, 59, 0, 3, '2023-12-06', 'Annulé');
INSERT INTO matchs (id, journee_id, equipe1_id, equipe2_id, score_equipe1, score_equipe2, date, status) VALUES (19, 160, 5, 16, 3, 0, '2023-12-02', 'En cours');
INSERT INTO matchs (id, journee_id, equipe1_id, equipe2_id, score_equipe1, score_equipe2, date, status) VALUES (20, 71, 15, 44, 2, 2, '2023-04-26', 'En cours');
INSERT INTO matchs (id, journee_id, equipe1_id, equipe2_id, score_equipe1, score_equipe2, date, status) VALUES (21, 184, 52, 14, 5, 2, '2023-09-18', 'Annulé');
INSERT INTO matchs (id, journee_id, equipe1_id, equipe2_id, score_equipe1, score_equipe2, date, status) VALUES (22, 158, 27, 90, 2, 1, '2023-04-12', 'En cours');
INSERT INTO matchs (id, journee_id, equipe1_id, equipe2_id, score_equipe1, score_equipe2, date, status) VALUES (23, 37, 74, 22, 2, 0, '2023-07-17', 'Annulé');
INSERT INTO matchs (id, journee_id, equipe1_id, equipe2_id, score_equipe1, score_equipe2, date, status) VALUES (24, 78, 69, 73, 5, 3, '2023-10-03', 'Terminé');
INSERT INTO matchs (id, journee_id, equipe1_id, equipe2_id, score_equipe1, score_equipe2, date, status) VALUES (25, 25, 93, 35, 4, 4, '2023-11-13', 'En cours');
INSERT INTO matchs (id, journee_id, equipe1_id, equipe2_id, score_equipe1, score_equipe2, date, status) VALUES (26, 158, 68, 88, 4, 0, '2023-12-29', 'Annulé');
INSERT INTO matchs (id, journee_id, equipe1_id, equipe2_id, score_equipe1, score_equipe2, date, status) VALUES (27, 37, 13, 28, 2, 2, '2023-08-08', 'Terminé');
INSERT INTO matchs (id, journee_id, equipe1_id, equipe2_id, score_equipe1, score_equipe2, date, status) VALUES (28, 10, 71, 95, 1, 3, '2023-02-24', 'Terminé');
INSERT INTO matchs (id, journee_id, equipe1_id, equipe2_id, score_equipe1, score_equipe2, date, status) VALUES (29, 138, 73, 41, 5, 2, '2023-04-21', 'En cours');
INSERT INTO matchs (id, journee_id, equipe1_id, equipe2_id, score_equipe1, score_equipe2, date, status) VALUES (30, 131, 3, 54, 0, 5, '2023-04-29', 'Annulé');
INSERT INTO matchs (id, journee_id, equipe1_id, equipe2_id, score_equipe1, score_equipe2, date, status) VALUES (31, 157, 40, 72, 0, 0, '2023-12-14', 'Terminé');
INSERT INTO matchs (id, journee_id, equipe1_id, equipe2_id, score_equipe1, score_equipe2, date, status) VALUES (32, 68, 8, 26, 5, 5, '2023-01-27', 'Annulé');
INSERT INTO matchs (id, journee_id, equipe1_id, equipe2_id, score_equipe1, score_equipe2, date, status) VALUES (33, 200, 5, 40, 0, 4, '2023-01-15', 'Annulé');
INSERT INTO matchs (id, journee_id, equipe1_id, equipe2_id, score_equipe1, score_equipe2, date, status) VALUES (34, 57, 85, 86, 2, 0, '2023-08-15', 'En cours');
INSERT INTO matchs (id, journee_id, equipe1_id, equipe2_id, score_equipe1, score_equipe2, date, status) VALUES (35, 180, 28, 41, 5, 1, '2023-02-14', 'Annulé');
INSERT INTO matchs (id, journee_id, equipe1_id, equipe2_id, score_equipe1, score_equipe2, date, status) VALUES (36, 106, 81, 36, 4, 5, '2023-01-23', 'Annulé');
INSERT INTO matchs (id, journee_id, equipe1_id, equipe2_id, score_equipe1, score_equipe2, date, status) VALUES (37, 63, 7, 27, 3, 5, '2023-06-25', 'Terminé');
INSERT INTO matchs (id, journee_id, equipe1_id, equipe2_id, score_equipe1, score_equipe2, date, status) VALUES (38, 138, 43, 81, 2, 0, '2023-07-26', 'Terminé');
INSERT INTO matchs (id, journee_id, equipe1_id, equipe2_id, score_equipe1, score_equipe2, date, status) VALUES (39, 31, 70, 2, 4, 4, '2023-05-27', 'Annulé');
INSERT INTO matchs (id, journee_id, equipe1_id, equipe2_id, score_equipe1, score_equipe2, date, status) VALUES (40, 110, 67, 30, 1, 2, '2023-07-01', 'Terminé');
INSERT INTO matchs (id, journee_id, equipe1_id, equipe2_id, score_equipe1, score_equipe2, date, status) VALUES (41, 8, 90, 47, 3, 0, '2023-01-14', 'Annulé');
INSERT INTO matchs (id, journee_id, equipe1_id, equipe2_id, score_equipe1, score_equipe2, date, status) VALUES (42, 71, 31, 86, 4, 5, '2023-09-25', 'En cours');
INSERT INTO matchs (id, journee_id, equipe1_id, equipe2_id, score_equipe1, score_equipe2, date, status) VALUES (43, 31, 10, 25, 1, 1, '2023-09-28', 'Terminé');
INSERT INTO matchs (id, journee_id, equipe1_id, equipe2_id, score_equipe1, score_equipe2, date, status) VALUES (44, 59, 5, 23, 1, 2, '2023-04-06', 'En cours');
INSERT INTO matchs (id, journee_id, equipe1_id, equipe2_id, score_equipe1, score_equipe2, date, status) VALUES (45, 71, 24, 29, 2, 5, '2023-12-27', 'En cours');
INSERT INTO matchs (id, journee_id, equipe1_id, equipe2_id, score_equipe1, score_equipe2, date, status) VALUES (46, 138, 94, 42, 4, 3, '2023-02-24', 'Annulé');
INSERT INTO matchs (id, journee_id, equipe1_id, equipe2_id, score_equipe1, score_equipe2, date, status) VALUES (47, 106, 49, 100, 3, 2, '2023-03-28', 'Terminé');
INSERT INTO matchs (id, journee_id, equipe1_id, equipe2_id, score_equipe1, score_equipe2, date, status) VALUES (48, 118, 35, 89, 2, 0, '2023-11-21', 'En cours');
INSERT INTO matchs (id, journee_id, equipe1_id, equipe2_id, score_equipe1, score_equipe2, date, status) VALUES (49, 188, 43, 40, 1, 2, '2023-02-10', 'En cours');
INSERT INTO matchs (id, journee_id, equipe1_id, equipe2_id, score_equipe1, score_equipe2, date, status) VALUES (50, 156, 28, 30, 0, 3, '2023-11-19', 'Terminé');
INSERT INTO matchs (id, journee_id, equipe1_id, equipe2_id, score_equipe1, score_equipe2, date, status) VALUES (51, 134, 5, 15, 5, 2, '2023-10-24', 'En cours');
INSERT INTO matchs (id, journee_id, equipe1_id, equipe2_id, score_equipe1, score_equipe2, date, status) VALUES (52, 195, 84, 9, 5, 2, '2023-09-17', 'Annulé');
INSERT INTO matchs (id, journee_id, equipe1_id, equipe2_id, score_equipe1, score_equipe2, date, status) VALUES (53, 109, 77, 97, 4, 1, '2023-03-07', 'Annulé');
INSERT INTO matchs (id, journee_id, equipe1_id, equipe2_id, score_equipe1, score_equipe2, date, status) VALUES (54, 127, 84, 58, 2, 4, '2023-11-16', 'Terminé');
INSERT INTO matchs (id, journee_id, equipe1_id, equipe2_id, score_equipe1, score_equipe2, date, status) VALUES (55, 19, 67, 37, 0, 1, '2023-08-05', 'Terminé');
INSERT INTO matchs (id, journee_id, equipe1_id, equipe2_id, score_equipe1, score_equipe2, date, status) VALUES (56, 109, 2, 75, 4, 3, '2023-10-30', 'En cours');
INSERT INTO matchs (id, journee_id, equipe1_id, equipe2_id, score_equipe1, score_equipe2, date, status) VALUES (57, 184, 97, 57, 5, 0, '2023-05-10', 'Terminé');
INSERT INTO matchs (id, journee_id, equipe1_id, equipe2_id, score_equipe1, score_equipe2, date, status) VALUES (58, 97, 19, 25, 4, 3, '2023-02-06', 'Terminé');
INSERT INTO matchs (id, journee_id, equipe1_id, equipe2_id, score_equipe1, score_equipe2, date, status) VALUES (59, 144, 59, 92, 5, 2, '2023-11-03', 'En cours');
INSERT INTO matchs (id, journee_id, equipe1_id, equipe2_id, score_equipe1, score_equipe2, date, status) VALUES (60, 43, 32, 66, 0, 4, '2023-04-09', 'Annulé');
INSERT INTO matchs (id, journee_id, equipe1_id, equipe2_id, score_equipe1, score_equipe2, date, status) VALUES (61, 152, 11, 90, 1, 2, '2023-02-28', 'Terminé');
INSERT INTO matchs (id, journee_id, equipe1_id, equipe2_id, score_equipe1, score_equipe2, date, status) VALUES (62, 141, 85, 5, 3, 4, '2023-08-18', 'Annulé');
INSERT INTO matchs (id, journee_id, equipe1_id, equipe2_id, score_equipe1, score_equipe2, date, status) VALUES (63, 33, 64, 95, 0, 5, '2023-10-30', 'Annulé');
INSERT INTO matchs (id, journee_id, equipe1_id, equipe2_id, score_equipe1, score_equipe2, date, status) VALUES (64, 47, 100, 8, 3, 4, '2023-04-14', 'Terminé');
INSERT INTO matchs (id, journee_id, equipe1_id, equipe2_id, score_equipe1, score_equipe2, date, status) VALUES (65, 53, 15, 19, 4, 4, '2023-05-11', 'Terminé');
INSERT INTO matchs (id, journee_id, equipe1_id, equipe2_id, score_equipe1, score_equipe2, date, status) VALUES (66, 155, 94, 8, 0, 4, '2023-09-10', 'En cours');
INSERT INTO matchs (id, journee_id, equipe1_id, equipe2_id, score_equipe1, score_equipe2, date, status) VALUES (67, 94, 46, 6, 3, 3, '2023-02-03', 'Terminé');
INSERT INTO matchs (id, journee_id, equipe1_id, equipe2_id, score_equipe1, score_equipe2, date, status) VALUES (68, 66, 71, 100, 5, 5, '2023-12-02', 'Annulé');
INSERT INTO matchs (id, journee_id, equipe1_id, equipe2_id, score_equipe1, score_equipe2, date, status) VALUES (69, 18, 57, 46, 3, 4, '2023-11-28', 'Terminé');
INSERT INTO matchs (id, journee_id, equipe1_id, equipe2_id, score_equipe1, score_equipe2, date, status) VALUES (70, 29, 47, 80, 4, 0, '2023-02-22', 'Annulé');
INSERT INTO matchs (id, journee_id, equipe1_id, equipe2_id, score_equipe1, score_equipe2, date, status) VALUES (71, 191, 21, 22, 0, 4, '2023-05-07', 'Annulé');
INSERT INTO matchs (id, journee_id, equipe1_id, equipe2_id, score_equipe1, score_equipe2, date, status) VALUES (72, 116, 83, 88, 0, 2, '2023-03-01', 'Terminé');
INSERT INTO matchs (id, journee_id, equipe1_id, equipe2_id, score_equipe1, score_equipe2, date, status) VALUES (73, 179, 83, 5, 0, 0, '2023-05-12', 'Terminé');
INSERT INTO matchs (id, journee_id, equipe1_id, equipe2_id, score_equipe1, score_equipe2, date, status) VALUES (74, 62, 74, 14, 0, 2, '2023-04-14', 'Terminé');
INSERT INTO matchs (id, journee_id, equipe1_id, equipe2_id, score_equipe1, score_equipe2, date, status) VALUES (75, 193, 1, 25, 2, 2, '2023-11-08', 'Annulé');
INSERT INTO matchs (id, journee_id, equipe1_id, equipe2_id, score_equipe1, score_equipe2, date, status) VALUES (76, 115, 88, 38, 0, 1, '2023-01-16', 'En cours');
INSERT INTO matchs (id, journee_id, equipe1_id, equipe2_id, score_equipe1, score_equipe2, date, status) VALUES (77, 75, 34, 46, 3, 3, '2023-09-11', 'Annulé');
INSERT INTO matchs (id, journee_id, equipe1_id, equipe2_id, score_equipe1, score_equipe2, date, status) VALUES (78, 59, 99, 14, 0, 5, '2023-10-16', 'En cours');
INSERT INTO matchs (id, journee_id, equipe1_id, equipe2_id, score_equipe1, score_equipe2, date, status) VALUES (79, 189, 65, 97, 1, 5, '2023-07-22', 'Annulé');
INSERT INTO matchs (id, journee_id, equipe1_id, equipe2_id, score_equipe1, score_equipe2, date, status) VALUES (80, 195, 10, 52, 3, 1, '2023-01-25', 'En cours');
INSERT INTO matchs (id, journee_id, equipe1_id, equipe2_id, score_equipe1, score_equipe2, date, status) VALUES (81, 64, 35, 16, 4, 1, '2023-10-23', 'Terminé');
INSERT INTO matchs (id, journee_id, equipe1_id, equipe2_id, score_equipe1, score_equipe2, date, status) VALUES (82, 128, 14, 2, 3, 2, '2023-04-11', 'Terminé');
INSERT INTO matchs (id, journee_id, equipe1_id, equipe2_id, score_equipe1, score_equipe2, date, status) VALUES (83, 62, 90, 32, 1, 0, '2023-09-02', 'Terminé');
INSERT INTO matchs (id, journee_id, equipe1_id, equipe2_id, score_equipe1, score_equipe2, date, status) VALUES (84, 141, 17, 74, 1, 1, '2023-09-20', 'Annulé');
INSERT INTO matchs (id, journee_id, equipe1_id, equipe2_id, score_equipe1, score_equipe2, date, status) VALUES (85, 24, 16, 25, 2, 1, '2023-04-16', 'Terminé');
INSERT INTO matchs (id, journee_id, equipe1_id, equipe2_id, score_equipe1, score_equipe2, date, status) VALUES (86, 42, 34, 56, 3, 5, '2023-05-31', 'Annulé');
INSERT INTO matchs (id, journee_id, equipe1_id, equipe2_id, score_equipe1, score_equipe2, date, status) VALUES (87, 184, 61, 75, 2, 2, '2023-06-30', 'En cours');
INSERT INTO matchs (id, journee_id, equipe1_id, equipe2_id, score_equipe1, score_equipe2, date, status) VALUES (88, 6, 39, 2, 3, 5, '2023-06-06', 'Terminé');
INSERT INTO matchs (id, journee_id, equipe1_id, equipe2_id, score_equipe1, score_equipe2, date, status) VALUES (89, 112, 70, 19, 5, 1, '2023-03-17', 'En cours');
INSERT INTO matchs (id, journee_id, equipe1_id, equipe2_id, score_equipe1, score_equipe2, date, status) VALUES (90, 24, 48, 66, 0, 3, '2023-03-05', 'Annulé');
INSERT INTO matchs (id, journee_id, equipe1_id, equipe2_id, score_equipe1, score_equipe2, date, status) VALUES (91, 88, 78, 32, 1, 0, '2023-07-21', 'En cours');
INSERT INTO matchs (id, journee_id, equipe1_id, equipe2_id, score_equipe1, score_equipe2, date, status) VALUES (92, 29, 51, 44, 4, 2, '2023-12-04', 'Terminé');
INSERT INTO matchs (id, journee_id, equipe1_id, equipe2_id, score_equipe1, score_equipe2, date, status) VALUES (93, 67, 6, 46, 2, 1, '2023-05-07', 'Terminé');
INSERT INTO matchs (id, journee_id, equipe1_id, equipe2_id, score_equipe1, score_equipe2, date, status) VALUES (94, 51, 7, 47, 5, 0, '2023-10-25', 'Terminé');
INSERT INTO matchs (id, journee_id, equipe1_id, equipe2_id, score_equipe1, score_equipe2, date, status) VALUES (95, 98, 77, 85, 1, 0, '2023-03-10', 'Annulé');
INSERT INTO matchs (id, journee_id, equipe1_id, equipe2_id, score_equipe1, score_equipe2, date, status) VALUES (96, 177, 45, 81, 2, 4, '2023-02-17', 'Annulé');
INSERT INTO matchs (id, journee_id, equipe1_id, equipe2_id, score_equipe1, score_equipe2, date, status) VALUES (97, 83, 71, 77, 5, 2, '2023-02-18', 'En cours');
INSERT INTO matchs (id, journee_id, equipe1_id, equipe2_id, score_equipe1, score_equipe2, date, status) VALUES (98, 109, 5, 25, 0, 1, '2023-03-09', 'Annulé');
INSERT INTO matchs (id, journee_id, equipe1_id, equipe2_id, score_equipe1, score_equipe2, date, status) VALUES (99, 84, 35, 13, 2, 2, '2023-11-12', 'Terminé');
INSERT INTO matchs (id, journee_id, equipe1_id, equipe2_id, score_equipe1, score_equipe2, date, status) VALUES (100, 13, 67, 47, 1, 3, '2023-07-08', 'Terminé');
INSERT INTO matchs (id, journee_id, equipe1_id, equipe2_id, score_equipe1, score_equipe2, date, status) VALUES (101, 191, 6, 15, 0, 0, '2023-10-27', 'En cours');
INSERT INTO matchs (id, journee_id, equipe1_id, equipe2_id, score_equipe1, score_equipe2, date, status) VALUES (102, 126, 54, 34, 2, 3, '2023-11-17', 'Terminé');
INSERT INTO matchs (id, journee_id, equipe1_id, equipe2_id, score_equipe1, score_equipe2, date, status) VALUES (103, 55, 83, 43, 1, 4, '2023-05-26', 'Terminé');
INSERT INTO matchs (id, journee_id, equipe1_id, equipe2_id, score_equipe1, score_equipe2, date, status) VALUES (104, 77, 33, 76, 5, 1, '2023-06-07', 'Annulé');
INSERT INTO matchs (id, journee_id, equipe1_id, equipe2_id, score_equipe1, score_equipe2, date, status) VALUES (105, 126, 92, 18, 1, 0, '2023-01-27', 'En cours');
INSERT INTO matchs (id, journee_id, equipe1_id, equipe2_id, score_equipe1, score_equipe2, date, status) VALUES (106, 114, 12, 25, 4, 1, '2023-03-18', 'Annulé');
INSERT INTO matchs (id, journee_id, equipe1_id, equipe2_id, score_equipe1, score_equipe2, date, status) VALUES (107, 66, 56, 2, 4, 2, '2023-04-19', 'Annulé');
INSERT INTO matchs (id, journee_id, equipe1_id, equipe2_id, score_equipe1, score_equipe2, date, status) VALUES (108, 11, 18, 38, 1, 5, '2023-11-09', 'Annulé');
INSERT INTO matchs (id, journee_id, equipe1_id, equipe2_id, score_equipe1, score_equipe2, date, status) VALUES (109, 110, 83, 14, 2, 1, '2023-02-23', 'En cours');
INSERT INTO matchs (id, journee_id, equipe1_id, equipe2_id, score_equipe1, score_equipe2, date, status) VALUES (110, 105, 18, 5, 3, 0, '2023-12-02', 'En cours');
INSERT INTO matchs (id, journee_id, equipe1_id, equipe2_id, score_equipe1, score_equipe2, date, status) VALUES (111, 192, 87, 33, 2, 5, '2023-06-27', 'Terminé');
INSERT INTO matchs (id, journee_id, equipe1_id, equipe2_id, score_equipe1, score_equipe2, date, status) VALUES (112, 38, 32, 4, 1, 2, '2023-09-16', 'Annulé');
INSERT INTO matchs (id, journee_id, equipe1_id, equipe2_id, score_equipe1, score_equipe2, date, status) VALUES (113, 11, 51, 73, 4, 4, '2023-11-05', 'Annulé');
INSERT INTO matchs (id, journee_id, equipe1_id, equipe2_id, score_equipe1, score_equipe2, date, status) VALUES (114, 179, 66, 54, 0, 4, '2023-03-18', 'En cours');
INSERT INTO matchs (id, journee_id, equipe1_id, equipe2_id, score_equipe1, score_equipe2, date, status) VALUES (115, 174, 13, 69, 0, 2, '2023-08-21', 'En cours');
INSERT INTO matchs (id, journee_id, equipe1_id, equipe2_id, score_equipe1, score_equipe2, date, status) VALUES (116, 125, 10, 48, 4, 4, '2023-07-09', 'Annulé');
INSERT INTO matchs (id, journee_id, equipe1_id, equipe2_id, score_equipe1, score_equipe2, date, status) VALUES (117, 17, 6, 40, 1, 1, '2023-10-23', 'Annulé');
INSERT INTO matchs (id, journee_id, equipe1_id, equipe2_id, score_equipe1, score_equipe2, date, status) VALUES (118, 65, 54, 6, 0, 4, '2023-09-25', 'Annulé');
INSERT INTO matchs (id, journee_id, equipe1_id, equipe2_id, score_equipe1, score_equipe2, date, status) VALUES (119, 79, 35, 84, 1, 2, '2023-11-28', 'En cours');
INSERT INTO matchs (id, journee_id, equipe1_id, equipe2_id, score_equipe1, score_equipe2, date, status) VALUES (120, 154, 10, 54, 2, 4, '2023-09-18', 'En cours');
INSERT INTO matchs (id, journee_id, equipe1_id, equipe2_id, score_equipe1, score_equipe2, date, status) VALUES (121, 58, 82, 30, 4, 3, '2023-11-17', 'Terminé');
INSERT INTO matchs (id, journee_id, equipe1_id, equipe2_id, score_equipe1, score_equipe2, date, status) VALUES (122, 135, 15, 94, 3, 5, '2023-07-12', 'En cours');
INSERT INTO matchs (id, journee_id, equipe1_id, equipe2_id, score_equipe1, score_equipe2, date, status) VALUES (123, 39, 13, 89, 3, 4, '2023-07-03', 'Terminé');
INSERT INTO matchs (id, journee_id, equipe1_id, equipe2_id, score_equipe1, score_equipe2, date, status) VALUES (124, 192, 3, 37, 3, 0, '2023-05-20', 'En cours');
INSERT INTO matchs (id, journee_id, equipe1_id, equipe2_id, score_equipe1, score_equipe2, date, status) VALUES (125, 44, 35, 36, 4, 5, '2023-12-22', 'En cours');
INSERT INTO matchs (id, journee_id, equipe1_id, equipe2_id, score_equipe1, score_equipe2, date, status) VALUES (126, 40, 90, 94, 1, 4, '2023-07-16', 'Terminé');
INSERT INTO matchs (id, journee_id, equipe1_id, equipe2_id, score_equipe1, score_equipe2, date, status) VALUES (127, 102, 75, 53, 0, 0, '2023-08-13', 'Terminé');
INSERT INTO matchs (id, journee_id, equipe1_id, equipe2_id, score_equipe1, score_equipe2, date, status) VALUES (128, 30, 90, 31, 2, 1, '2023-01-23', 'Annulé');
INSERT INTO matchs (id, journee_id, equipe1_id, equipe2_id, score_equipe1, score_equipe2, date, status) VALUES (129, 163, 80, 65, 5, 2, '2023-12-21', 'Annulé');
INSERT INTO matchs (id, journee_id, equipe1_id, equipe2_id, score_equipe1, score_equipe2, date, status) VALUES (130, 168, 45, 93, 5, 5, '2023-05-23', 'En cours');
INSERT INTO matchs (id, journee_id, equipe1_id, equipe2_id, score_equipe1, score_equipe2, date, status) VALUES (131, 95, 24, 15, 1, 3, '2023-10-13', 'Terminé');
INSERT INTO matchs (id, journee_id, equipe1_id, equipe2_id, score_equipe1, score_equipe2, date, status) VALUES (132, 140, 49, 92, 3, 3, '2023-07-21', 'En cours');
INSERT INTO matchs (id, journee_id, equipe1_id, equipe2_id, score_equipe1, score_equipe2, date, status) VALUES (133, 74, 27, 25, 1, 2, '2023-04-23', 'Terminé');
INSERT INTO matchs (id, journee_id, equipe1_id, equipe2_id, score_equipe1, score_equipe2, date, status) VALUES (134, 22, 33, 66, 4, 1, '2023-04-25', 'Annulé');
INSERT INTO matchs (id, journee_id, equipe1_id, equipe2_id, score_equipe1, score_equipe2, date, status) VALUES (135, 51, 10, 44, 2, 1, '2023-09-17', 'Annulé');
INSERT INTO matchs (id, journee_id, equipe1_id, equipe2_id, score_equipe1, score_equipe2, date, status) VALUES (136, 69, 19, 44, 5, 2, '2023-05-28', 'Annulé');
INSERT INTO matchs (id, journee_id, equipe1_id, equipe2_id, score_equipe1, score_equipe2, date, status) VALUES (137, 102, 87, 84, 4, 0, '2023-05-20', 'Annulé');
INSERT INTO matchs (id, journee_id, equipe1_id, equipe2_id, score_equipe1, score_equipe2, date, status) VALUES (138, 110, 97, 41, 2, 2, '2023-04-14', 'Terminé');
INSERT INTO matchs (id, journee_id, equipe1_id, equipe2_id, score_equipe1, score_equipe2, date, status) VALUES (139, 38, 3, 49, 1, 5, '2023-03-10', 'Terminé');
INSERT INTO matchs (id, journee_id, equipe1_id, equipe2_id, score_equipe1, score_equipe2, date, status) VALUES (140, 84, 21, 58, 5, 1, '2023-11-30', 'Annulé');
INSERT INTO matchs (id, journee_id, equipe1_id, equipe2_id, score_equipe1, score_equipe2, date, status) VALUES (141, 17, 94, 38, 3, 3, '2023-11-18', 'Annulé');
INSERT INTO matchs (id, journee_id, equipe1_id, equipe2_id, score_equipe1, score_equipe2, date, status) VALUES (142, 102, 23, 68, 5, 3, '2023-11-05', 'En cours');
INSERT INTO matchs (id, journee_id, equipe1_id, equipe2_id, score_equipe1, score_equipe2, date, status) VALUES (143, 29, 67, 29, 1, 1, '2023-02-08', 'Annulé');
INSERT INTO matchs (id, journee_id, equipe1_id, equipe2_id, score_equipe1, score_equipe2, date, status) VALUES (144, 146, 81, 9, 5, 0, '2023-04-23', 'En cours');
INSERT INTO matchs (id, journee_id, equipe1_id, equipe2_id, score_equipe1, score_equipe2, date, status) VALUES (145, 81, 53, 46, 3, 5, '2023-05-02', 'Terminé');
INSERT INTO matchs (id, journee_id, equipe1_id, equipe2_id, score_equipe1, score_equipe2, date, status) VALUES (146, 72, 49, 87, 1, 5, '2023-05-31', 'Annulé');
INSERT INTO matchs (id, journee_id, equipe1_id, equipe2_id, score_equipe1, score_equipe2, date, status) VALUES (147, 44, 92, 36, 3, 2, '2023-10-21', 'En cours');
INSERT INTO matchs (id, journee_id, equipe1_id, equipe2_id, score_equipe1, score_equipe2, date, status) VALUES (148, 24, 68, 35, 4, 5, '2023-06-21', 'En cours');
INSERT INTO matchs (id, journee_id, equipe1_id, equipe2_id, score_equipe1, score_equipe2, date, status) VALUES (149, 7, 6, 47, 3, 4, '2023-08-12', 'Terminé');
INSERT INTO matchs (id, journee_id, equipe1_id, equipe2_id, score_equipe1, score_equipe2, date, status) VALUES (150, 170, 60, 33, 2, 4, '2023-01-05', 'Terminé');
INSERT INTO matchs (id, journee_id, equipe1_id, equipe2_id, score_equipe1, score_equipe2, date, status) VALUES (151, 41, 82, 19, 2, 0, '2023-06-12', 'En cours');
INSERT INTO matchs (id, journee_id, equipe1_id, equipe2_id, score_equipe1, score_equipe2, date, status) VALUES (152, 97, 4, 78, 0, 3, '2023-05-12', 'Annulé');
INSERT INTO matchs (id, journee_id, equipe1_id, equipe2_id, score_equipe1, score_equipe2, date, status) VALUES (153, 156, 32, 24, 4, 0, '2023-06-28', 'Terminé');
INSERT INTO matchs (id, journee_id, equipe1_id, equipe2_id, score_equipe1, score_equipe2, date, status) VALUES (154, 101, 42, 82, 0, 0, '2023-11-03', 'Terminé');
INSERT INTO matchs (id, journee_id, equipe1_id, equipe2_id, score_equipe1, score_equipe2, date, status) VALUES (155, 13, 92, 96, 5, 1, '2023-05-30', 'Terminé');
INSERT INTO matchs (id, journee_id, equipe1_id, equipe2_id, score_equipe1, score_equipe2, date, status) VALUES (156, 107, 17, 11, 3, 1, '2023-11-22', 'En cours');
INSERT INTO matchs (id, journee_id, equipe1_id, equipe2_id, score_equipe1, score_equipe2, date, status) VALUES (157, 22, 36, 12, 0, 4, '2023-07-28', 'Annulé');
INSERT INTO matchs (id, journee_id, equipe1_id, equipe2_id, score_equipe1, score_equipe2, date, status) VALUES (158, 99, 80, 6, 3, 3, '2023-05-26', 'Terminé');
INSERT INTO matchs (id, journee_id, equipe1_id, equipe2_id, score_equipe1, score_equipe2, date, status) VALUES (159, 75, 85, 75, 1, 2, '2023-02-23', 'En cours');
INSERT INTO matchs (id, journee_id, equipe1_id, equipe2_id, score_equipe1, score_equipe2, date, status) VALUES (160, 13, 34, 53, 2, 5, '2023-06-09', 'Annulé');
INSERT INTO matchs (id, journee_id, equipe1_id, equipe2_id, score_equipe1, score_equipe2, date, status) VALUES (161, 134, 29, 83, 5, 2, '2023-06-05', 'En cours');
INSERT INTO matchs (id, journee_id, equipe1_id, equipe2_id, score_equipe1, score_equipe2, date, status) VALUES (162, 74, 85, 21, 1, 4, '2023-05-13', 'Annulé');
INSERT INTO matchs (id, journee_id, equipe1_id, equipe2_id, score_equipe1, score_equipe2, date, status) VALUES (163, 107, 79, 56, 4, 3, '2023-11-09', 'Annulé');
INSERT INTO matchs (id, journee_id, equipe1_id, equipe2_id, score_equipe1, score_equipe2, date, status) VALUES (164, 133, 83, 32, 1, 2, '2023-10-17', 'Terminé');
INSERT INTO matchs (id, journee_id, equipe1_id, equipe2_id, score_equipe1, score_equipe2, date, status) VALUES (165, 7, 83, 16, 0, 3, '2023-03-08', 'Annulé');
INSERT INTO matchs (id, journee_id, equipe1_id, equipe2_id, score_equipe1, score_equipe2, date, status) VALUES (166, 138, 93, 1, 5, 4, '2023-12-22', 'Terminé');
INSERT INTO matchs (id, journee_id, equipe1_id, equipe2_id, score_equipe1, score_equipe2, date, status) VALUES (167, 160, 77, 20, 1, 4, '2023-07-22', 'En cours');
INSERT INTO matchs (id, journee_id, equipe1_id, equipe2_id, score_equipe1, score_equipe2, date, status) VALUES (168, 73, 62, 44, 5, 1, '2023-03-27', 'Terminé');
INSERT INTO matchs (id, journee_id, equipe1_id, equipe2_id, score_equipe1, score_equipe2, date, status) VALUES (169, 1, 75, 47, 4, 1, '2023-05-06', 'En cours');
INSERT INTO matchs (id, journee_id, equipe1_id, equipe2_id, score_equipe1, score_equipe2, date, status) VALUES (170, 110, 99, 20, 3, 5, '2023-05-19', 'Terminé');
INSERT INTO matchs (id, journee_id, equipe1_id, equipe2_id, score_equipe1, score_equipe2, date, status) VALUES (171, 81, 65, 20, 1, 3, '2023-12-04', 'En cours');
INSERT INTO matchs (id, journee_id, equipe1_id, equipe2_id, score_equipe1, score_equipe2, date, status) VALUES (172, 168, 78, 24, 3, 5, '2023-08-20', 'En cours');
INSERT INTO matchs (id, journee_id, equipe1_id, equipe2_id, score_equipe1, score_equipe2, date, status) VALUES (173, 17, 42, 97, 0, 4, '2023-06-01', 'Annulé');
INSERT INTO matchs (id, journee_id, equipe1_id, equipe2_id, score_equipe1, score_equipe2, date, status) VALUES (174, 126, 75, 100, 4, 5, '2023-02-24', 'En cours');
INSERT INTO matchs (id, journee_id, equipe1_id, equipe2_id, score_equipe1, score_equipe2, date, status) VALUES (175, 107, 65, 79, 3, 2, '2023-01-28', 'En cours');
INSERT INTO matchs (id, journee_id, equipe1_id, equipe2_id, score_equipe1, score_equipe2, date, status) VALUES (176, 64, 31, 34, 1, 5, '2023-02-25', 'En cours');
INSERT INTO matchs (id, journee_id, equipe1_id, equipe2_id, score_equipe1, score_equipe2, date, status) VALUES (177, 126, 27, 85, 4, 5, '2023-12-11', 'Terminé');
INSERT INTO matchs (id, journee_id, equipe1_id, equipe2_id, score_equipe1, score_equipe2, date, status) VALUES (178, 183, 94, 73, 2, 5, '2023-11-22', 'En cours');
INSERT INTO matchs (id, journee_id, equipe1_id, equipe2_id, score_equipe1, score_equipe2, date, status) VALUES (179, 184, 56, 42, 3, 0, '2023-01-19', 'Annulé');
INSERT INTO matchs (id, journee_id, equipe1_id, equipe2_id, score_equipe1, score_equipe2, date, status) VALUES (180, 140, 68, 25, 0, 2, '2023-11-04', 'Annulé');
INSERT INTO matchs (id, journee_id, equipe1_id, equipe2_id, score_equipe1, score_equipe2, date, status) VALUES (181, 17, 87, 14, 2, 5, '2023-01-24', 'Annulé');
INSERT INTO matchs (id, journee_id, equipe1_id, equipe2_id, score_equipe1, score_equipe2, date, status) VALUES (182, 127, 17, 95, 4, 3, '2023-12-07', 'En cours');
INSERT INTO matchs (id, journee_id, equipe1_id, equipe2_id, score_equipe1, score_equipe2, date, status) VALUES (183, 128, 19, 63, 5, 1, '2023-08-02', 'Annulé');
INSERT INTO matchs (id, journee_id, equipe1_id, equipe2_id, score_equipe1, score_equipe2, date, status) VALUES (184, 177, 66, 10, 1, 2, '2023-04-28', 'En cours');
INSERT INTO matchs (id, journee_id, equipe1_id, equipe2_id, score_equipe1, score_equipe2, date, status) VALUES (185, 27, 77, 16, 1, 0, '2023-12-07', 'Annulé');
INSERT INTO matchs (id, journee_id, equipe1_id, equipe2_id, score_equipe1, score_equipe2, date, status) VALUES (186, 88, 52, 96, 2, 4, '2023-04-17', 'En cours');
INSERT INTO matchs (id, journee_id, equipe1_id, equipe2_id, score_equipe1, score_equipe2, date, status) VALUES (187, 162, 12, 17, 1, 0, '2023-11-07', 'Annulé');
INSERT INTO matchs (id, journee_id, equipe1_id, equipe2_id, score_equipe1, score_equipe2, date, status) VALUES (188, 194, 10, 65, 3, 4, '2023-10-21', 'En cours');
INSERT INTO matchs (id, journee_id, equipe1_id, equipe2_id, score_equipe1, score_equipe2, date, status) VALUES (189, 101, 49, 59, 5, 0, '2023-12-21', 'Terminé');
INSERT INTO matchs (id, journee_id, equipe1_id, equipe2_id, score_equipe1, score_equipe2, date, status) VALUES (190, 143, 21, 61, 1, 1, '2023-08-29', 'Annulé');
INSERT INTO matchs (id, journee_id, equipe1_id, equipe2_id, score_equipe1, score_equipe2, date, status) VALUES (191, 15, 70, 5, 5, 5, '2023-04-28', 'Terminé');
INSERT INTO matchs (id, journee_id, equipe1_id, equipe2_id, score_equipe1, score_equipe2, date, status) VALUES (192, 15, 24, 100, 1, 0, '2023-05-20', 'En cours');
INSERT INTO matchs (id, journee_id, equipe1_id, equipe2_id, score_equipe1, score_equipe2, date, status) VALUES (193, 158, 74, 36, 4, 4, '2023-04-14', 'En cours');
INSERT INTO matchs (id, journee_id, equipe1_id, equipe2_id, score_equipe1, score_equipe2, date, status) VALUES (194, 81, 77, 61, 1, 3, '2023-05-12', 'Terminé');
INSERT INTO matchs (id, journee_id, equipe1_id, equipe2_id, score_equipe1, score_equipe2, date, status) VALUES (195, 161, 37, 7, 4, 4, '2023-06-24', 'Terminé');
INSERT INTO matchs (id, journee_id, equipe1_id, equipe2_id, score_equipe1, score_equipe2, date, status) VALUES (196, 127, 9, 42, 4, 1, '2023-11-09', 'Terminé');
INSERT INTO matchs (id, journee_id, equipe1_id, equipe2_id, score_equipe1, score_equipe2, date, status) VALUES (197, 74, 3, 14, 4, 5, '2023-03-15', 'En cours');
INSERT INTO matchs (id, journee_id, equipe1_id, equipe2_id, score_equipe1, score_equipe2, date, status) VALUES (198, 171, 35, 53, 4, 4, '2023-01-25', 'En cours');
INSERT INTO matchs (id, journee_id, equipe1_id, equipe2_id, score_equipe1, score_equipe2, date, status) VALUES (199, 12, 52, 69, 1, 3, '2023-02-03', 'Annulé');
INSERT INTO matchs (id, journee_id, equipe1_id, equipe2_id, score_equipe1, score_equipe2, date, status) VALUES (200, 183, 84, 26, 1, 5, '2023-01-01', 'En cours');
INSERT INTO matchs (id, journee_id, equipe1_id, equipe2_id, score_equipe1, score_equipe2, date, status) VALUES (201, 23, 72, 25, 5, 4, '2023-06-19', 'En cours');
INSERT INTO matchs (id, journee_id, equipe1_id, equipe2_id, score_equipe1, score_equipe2, date, status) VALUES (202, 18, 48, 4, 5, 3, '2023-04-10', 'En cours');
INSERT INTO matchs (id, journee_id, equipe1_id, equipe2_id, score_equipe1, score_equipe2, date, status) VALUES (203, 171, 48, 7, 2, 2, '2023-07-21', 'En cours');
INSERT INTO matchs (id, journee_id, equipe1_id, equipe2_id, score_equipe1, score_equipe2, date, status) VALUES (204, 103, 19, 1, 0, 3, '2023-08-23', 'Annulé');
INSERT INTO matchs (id, journee_id, equipe1_id, equipe2_id, score_equipe1, score_equipe2, date, status) VALUES (205, 49, 94, 96, 2, 3, '2023-12-20', 'Terminé');
INSERT INTO matchs (id, journee_id, equipe1_id, equipe2_id, score_equipe1, score_equipe2, date, status) VALUES (206, 118, 5, 8, 4, 2, '2023-01-20', 'En cours');
INSERT INTO matchs (id, journee_id, equipe1_id, equipe2_id, score_equipe1, score_equipe2, date, status) VALUES (207, 64, 80, 11, 3, 0, '2023-12-03', 'Annulé');
INSERT INTO matchs (id, journee_id, equipe1_id, equipe2_id, score_equipe1, score_equipe2, date, status) VALUES (208, 29, 43, 41, 0, 3, '2023-02-27', 'En cours');
INSERT INTO matchs (id, journee_id, equipe1_id, equipe2_id, score_equipe1, score_equipe2, date, status) VALUES (209, 199, 87, 50, 5, 0, '2023-12-07', 'Annulé');
INSERT INTO matchs (id, journee_id, equipe1_id, equipe2_id, score_equipe1, score_equipe2, date, status) VALUES (210, 100, 50, 55, 1, 2, '2023-12-24', 'En cours');
INSERT INTO matchs (id, journee_id, equipe1_id, equipe2_id, score_equipe1, score_equipe2, date, status) VALUES (211, 120, 51, 10, 2, 0, '2023-07-01', 'Annulé');
INSERT INTO matchs (id, journee_id, equipe1_id, equipe2_id, score_equipe1, score_equipe2, date, status) VALUES (212, 101, 17, 14, 1, 1, '2023-01-25', 'En cours');
INSERT INTO matchs (id, journee_id, equipe1_id, equipe2_id, score_equipe1, score_equipe2, date, status) VALUES (213, 51, 66, 12, 5, 0, '2023-08-26', 'Annulé');
INSERT INTO matchs (id, journee_id, equipe1_id, equipe2_id, score_equipe1, score_equipe2, date, status) VALUES (214, 144, 22, 76, 3, 2, '2023-03-14', 'En cours');
INSERT INTO matchs (id, journee_id, equipe1_id, equipe2_id, score_equipe1, score_equipe2, date, status) VALUES (215, 109, 97, 83, 2, 0, '2023-05-02', 'En cours');
INSERT INTO matchs (id, journee_id, equipe1_id, equipe2_id, score_equipe1, score_equipe2, date, status) VALUES (216, 199, 19, 14, 0, 4, '2023-07-14', 'En cours');
INSERT INTO matchs (id, journee_id, equipe1_id, equipe2_id, score_equipe1, score_equipe2, date, status) VALUES (217, 10, 76, 3, 4, 5, '2023-05-14', 'Terminé');
INSERT INTO matchs (id, journee_id, equipe1_id, equipe2_id, score_equipe1, score_equipe2, date, status) VALUES (218, 19, 86, 17, 0, 3, '2023-05-28', 'En cours');
INSERT INTO matchs (id, journee_id, equipe1_id, equipe2_id, score_equipe1, score_equipe2, date, status) VALUES (219, 104, 78, 21, 0, 5, '2023-02-06', 'Annulé');
INSERT INTO matchs (id, journee_id, equipe1_id, equipe2_id, score_equipe1, score_equipe2, date, status) VALUES (220, 149, 99, 44, 4, 5, '2023-10-19', 'Annulé');
INSERT INTO matchs (id, journee_id, equipe1_id, equipe2_id, score_equipe1, score_equipe2, date, status) VALUES (221, 165, 85, 13, 2, 4, '2023-11-05', 'Annulé');
INSERT INTO matchs (id, journee_id, equipe1_id, equipe2_id, score_equipe1, score_equipe2, date, status) VALUES (222, 63, 56, 96, 4, 1, '2023-02-18', 'Annulé');
INSERT INTO matchs (id, journee_id, equipe1_id, equipe2_id, score_equipe1, score_equipe2, date, status) VALUES (223, 140, 86, 86, 3, 2, '2023-11-28', 'Annulé');
INSERT INTO matchs (id, journee_id, equipe1_id, equipe2_id, score_equipe1, score_equipe2, date, status) VALUES (224, 134, 42, 100, 1, 0, '2023-10-29', 'En cours');
INSERT INTO matchs (id, journee_id, equipe1_id, equipe2_id, score_equipe1, score_equipe2, date, status) VALUES (225, 7, 39, 30, 2, 4, '2023-06-27', 'Annulé');
INSERT INTO matchs (id, journee_id, equipe1_id, equipe2_id, score_equipe1, score_equipe2, date, status) VALUES (226, 151, 85, 81, 0, 5, '2023-03-31', 'Annulé');
INSERT INTO matchs (id, journee_id, equipe1_id, equipe2_id, score_equipe1, score_equipe2, date, status) VALUES (227, 172, 54, 42, 3, 0, '2023-06-23', 'Terminé');
INSERT INTO matchs (id, journee_id, equipe1_id, equipe2_id, score_equipe1, score_equipe2, date, status) VALUES (228, 158, 55, 5, 1, 4, '2023-04-12', 'Terminé');
INSERT INTO matchs (id, journee_id, equipe1_id, equipe2_id, score_equipe1, score_equipe2, date, status) VALUES (229, 15, 27, 80, 2, 4, '2023-03-11', 'En cours');
INSERT INTO matchs (id, journee_id, equipe1_id, equipe2_id, score_equipe1, score_equipe2, date, status) VALUES (230, 106, 69, 36, 3, 5, '2023-08-11', 'Terminé');
INSERT INTO matchs (id, journee_id, equipe1_id, equipe2_id, score_equipe1, score_equipe2, date, status) VALUES (231, 189, 92, 77, 3, 2, '2023-12-11', 'En cours');
INSERT INTO matchs (id, journee_id, equipe1_id, equipe2_id, score_equipe1, score_equipe2, date, status) VALUES (232, 77, 42, 71, 5, 0, '2023-01-20', 'Annulé');
INSERT INTO matchs (id, journee_id, equipe1_id, equipe2_id, score_equipe1, score_equipe2, date, status) VALUES (233, 181, 44, 43, 3, 2, '2023-05-15', 'Annulé');
INSERT INTO matchs (id, journee_id, equipe1_id, equipe2_id, score_equipe1, score_equipe2, date, status) VALUES (234, 78, 2, 73, 5, 5, '2023-10-09', 'Annulé');
INSERT INTO matchs (id, journee_id, equipe1_id, equipe2_id, score_equipe1, score_equipe2, date, status) VALUES (235, 119, 15, 38, 1, 3, '2023-02-04', 'En cours');
INSERT INTO matchs (id, journee_id, equipe1_id, equipe2_id, score_equipe1, score_equipe2, date, status) VALUES (236, 74, 57, 90, 3, 2, '2023-03-27', 'Annulé');
INSERT INTO matchs (id, journee_id, equipe1_id, equipe2_id, score_equipe1, score_equipe2, date, status) VALUES (237, 68, 75, 44, 3, 4, '2023-03-19', 'En cours');
INSERT INTO matchs (id, journee_id, equipe1_id, equipe2_id, score_equipe1, score_equipe2, date, status) VALUES (238, 171, 9, 100, 0, 4, '2023-03-15', 'Annulé');
INSERT INTO matchs (id, journee_id, equipe1_id, equipe2_id, score_equipe1, score_equipe2, date, status) VALUES (239, 31, 81, 5, 3, 4, '2023-06-20', 'Terminé');
INSERT INTO matchs (id, journee_id, equipe1_id, equipe2_id, score_equipe1, score_equipe2, date, status) VALUES (240, 65, 57, 93, 5, 2, '2023-09-29', 'Terminé');
INSERT INTO matchs (id, journee_id, equipe1_id, equipe2_id, score_equipe1, score_equipe2, date, status) VALUES (241, 65, 84, 16, 4, 5, '2023-10-29', 'Annulé');
INSERT INTO matchs (id, journee_id, equipe1_id, equipe2_id, score_equipe1, score_equipe2, date, status) VALUES (242, 68, 53, 94, 2, 0, '2023-07-15', 'Terminé');
INSERT INTO matchs (id, journee_id, equipe1_id, equipe2_id, score_equipe1, score_equipe2, date, status) VALUES (243, 33, 68, 40, 1, 1, '2023-03-23', 'En cours');
INSERT INTO matchs (id, journee_id, equipe1_id, equipe2_id, score_equipe1, score_equipe2, date, status) VALUES (244, 165, 82, 57, 2, 1, '2023-05-16', 'Annulé');
INSERT INTO matchs (id, journee_id, equipe1_id, equipe2_id, score_equipe1, score_equipe2, date, status) VALUES (245, 136, 50, 27, 5, 1, '2023-12-28', 'En cours');
INSERT INTO matchs (id, journee_id, equipe1_id, equipe2_id, score_equipe1, score_equipe2, date, status) VALUES (246, 50, 13, 58, 0, 4, '2023-07-23', 'En cours');
INSERT INTO matchs (id, journee_id, equipe1_id, equipe2_id, score_equipe1, score_equipe2, date, status) VALUES (247, 60, 100, 28, 0, 5, '2023-12-01', 'Annulé');
INSERT INTO matchs (id, journee_id, equipe1_id, equipe2_id, score_equipe1, score_equipe2, date, status) VALUES (248, 153, 94, 65, 0, 0, '2023-06-11', 'Terminé');
INSERT INTO matchs (id, journee_id, equipe1_id, equipe2_id, score_equipe1, score_equipe2, date, status) VALUES (249, 1, 10, 72, 0, 1, '2023-04-05', 'Annulé');
INSERT INTO matchs (id, journee_id, equipe1_id, equipe2_id, score_equipe1, score_equipe2, date, status) VALUES (250, 79, 90, 7, 1, 1, '2023-03-26', 'En cours');
INSERT INTO matchs (id, journee_id, equipe1_id, equipe2_id, score_equipe1, score_equipe2, date, status) VALUES (251, 169, 89, 55, 4, 5, '2023-01-22', 'Terminé');
INSERT INTO matchs (id, journee_id, equipe1_id, equipe2_id, score_equipe1, score_equipe2, date, status) VALUES (252, 169, 80, 16, 0, 4, '2023-01-21', 'En cours');
INSERT INTO matchs (id, journee_id, equipe1_id, equipe2_id, score_equipe1, score_equipe2, date, status) VALUES (253, 60, 9, 85, 0, 4, '2023-10-21', 'En cours');
INSERT INTO matchs (id, journee_id, equipe1_id, equipe2_id, score_equipe1, score_equipe2, date, status) VALUES (254, 64, 16, 16, 3, 0, '2023-07-16', 'En cours');
INSERT INTO matchs (id, journee_id, equipe1_id, equipe2_id, score_equipe1, score_equipe2, date, status) VALUES (255, 66, 59, 80, 4, 1, '2023-10-05', 'En cours');
INSERT INTO matchs (id, journee_id, equipe1_id, equipe2_id, score_equipe1, score_equipe2, date, status) VALUES (256, 85, 38, 15, 3, 0, '2023-03-18', 'Terminé');
INSERT INTO matchs (id, journee_id, equipe1_id, equipe2_id, score_equipe1, score_equipe2, date, status) VALUES (257, 146, 47, 31, 4, 2, '2023-03-18', 'Terminé');
INSERT INTO matchs (id, journee_id, equipe1_id, equipe2_id, score_equipe1, score_equipe2, date, status) VALUES (258, 156, 98, 13, 5, 0, '2023-01-25', 'Annulé');
INSERT INTO matchs (id, journee_id, equipe1_id, equipe2_id, score_equipe1, score_equipe2, date, status) VALUES (259, 9, 48, 37, 5, 0, '2023-11-25', 'Annulé');
INSERT INTO matchs (id, journee_id, equipe1_id, equipe2_id, score_equipe1, score_equipe2, date, status) VALUES (260, 182, 54, 95, 0, 2, '2023-10-07', 'Terminé');
INSERT INTO matchs (id, journee_id, equipe1_id, equipe2_id, score_equipe1, score_equipe2, date, status) VALUES (261, 143, 35, 43, 3, 3, '2023-05-04', 'En cours');
INSERT INTO matchs (id, journee_id, equipe1_id, equipe2_id, score_equipe1, score_equipe2, date, status) VALUES (262, 139, 89, 63, 3, 3, '2023-04-01', 'Terminé');
INSERT INTO matchs (id, journee_id, equipe1_id, equipe2_id, score_equipe1, score_equipe2, date, status) VALUES (263, 102, 82, 4, 1, 1, '2023-04-30', 'Annulé');
INSERT INTO matchs (id, journee_id, equipe1_id, equipe2_id, score_equipe1, score_equipe2, date, status) VALUES (264, 157, 55, 27, 0, 5, '2023-06-12', 'Terminé');
INSERT INTO matchs (id, journee_id, equipe1_id, equipe2_id, score_equipe1, score_equipe2, date, status) VALUES (265, 200, 49, 39, 1, 5, '2023-05-14', 'Terminé');
INSERT INTO matchs (id, journee_id, equipe1_id, equipe2_id, score_equipe1, score_equipe2, date, status) VALUES (266, 197, 30, 57, 1, 1, '2023-12-03', 'Annulé');
INSERT INTO matchs (id, journee_id, equipe1_id, equipe2_id, score_equipe1, score_equipe2, date, status) VALUES (267, 29, 93, 27, 1, 2, '2023-04-07', 'Terminé');
INSERT INTO matchs (id, journee_id, equipe1_id, equipe2_id, score_equipe1, score_equipe2, date, status) VALUES (268, 54, 37, 20, 3, 1, '2023-01-02', 'Terminé');
INSERT INTO matchs (id, journee_id, equipe1_id, equipe2_id, score_equipe1, score_equipe2, date, status) VALUES (269, 20, 100, 45, 2, 5, '2023-10-31', 'Annulé');
INSERT INTO matchs (id, journee_id, equipe1_id, equipe2_id, score_equipe1, score_equipe2, date, status) VALUES (270, 186, 47, 77, 2, 0, '2023-08-13', 'En cours');
INSERT INTO matchs (id, journee_id, equipe1_id, equipe2_id, score_equipe1, score_equipe2, date, status) VALUES (271, 137, 79, 94, 0, 0, '2023-10-05', 'En cours');
INSERT INTO matchs (id, journee_id, equipe1_id, equipe2_id, score_equipe1, score_equipe2, date, status) VALUES (272, 170, 84, 12, 2, 5, '2023-04-13', 'Annulé');
INSERT INTO matchs (id, journee_id, equipe1_id, equipe2_id, score_equipe1, score_equipe2, date, status) VALUES (273, 178, 20, 84, 5, 5, '2023-03-02', 'Terminé');
INSERT INTO matchs (id, journee_id, equipe1_id, equipe2_id, score_equipe1, score_equipe2, date, status) VALUES (274, 132, 89, 95, 4, 3, '2023-01-12', 'Annulé');
INSERT INTO matchs (id, journee_id, equipe1_id, equipe2_id, score_equipe1, score_equipe2, date, status) VALUES (275, 164, 39, 24, 5, 1, '2023-09-12', 'En cours');
INSERT INTO matchs (id, journee_id, equipe1_id, equipe2_id, score_equipe1, score_equipe2, date, status) VALUES (276, 196, 16, 93, 2, 0, '2023-12-12', 'En cours');
INSERT INTO matchs (id, journee_id, equipe1_id, equipe2_id, score_equipe1, score_equipe2, date, status) VALUES (277, 5, 72, 66, 0, 5, '2023-07-07', 'Annulé');
INSERT INTO matchs (id, journee_id, equipe1_id, equipe2_id, score_equipe1, score_equipe2, date, status) VALUES (278, 53, 22, 24, 3, 3, '2023-02-06', 'Annulé');
INSERT INTO matchs (id, journee_id, equipe1_id, equipe2_id, score_equipe1, score_equipe2, date, status) VALUES (279, 98, 14, 58, 0, 3, '2023-02-23', 'Annulé');
INSERT INTO matchs (id, journee_id, equipe1_id, equipe2_id, score_equipe1, score_equipe2, date, status) VALUES (280, 21, 78, 53, 3, 0, '2023-05-06', 'Annulé');
INSERT INTO matchs (id, journee_id, equipe1_id, equipe2_id, score_equipe1, score_equipe2, date, status) VALUES (281, 47, 92, 25, 0, 0, '2023-08-12', 'Annulé');
INSERT INTO matchs (id, journee_id, equipe1_id, equipe2_id, score_equipe1, score_equipe2, date, status) VALUES (282, 26, 98, 31, 3, 4, '2023-02-18', 'Terminé');
INSERT INTO matchs (id, journee_id, equipe1_id, equipe2_id, score_equipe1, score_equipe2, date, status) VALUES (283, 20, 46, 35, 3, 3, '2023-08-03', 'Annulé');
INSERT INTO matchs (id, journee_id, equipe1_id, equipe2_id, score_equipe1, score_equipe2, date, status) VALUES (284, 53, 55, 14, 0, 0, '2023-12-26', 'Terminé');
INSERT INTO matchs (id, journee_id, equipe1_id, equipe2_id, score_equipe1, score_equipe2, date, status) VALUES (285, 172, 91, 2, 3, 3, '2023-01-22', 'En cours');
INSERT INTO matchs (id, journee_id, equipe1_id, equipe2_id, score_equipe1, score_equipe2, date, status) VALUES (286, 74, 58, 63, 4, 1, '2023-04-15', 'Terminé');
INSERT INTO matchs (id, journee_id, equipe1_id, equipe2_id, score_equipe1, score_equipe2, date, status) VALUES (287, 189, 7, 90, 4, 3, '2023-01-23', 'Terminé');
INSERT INTO matchs (id, journee_id, equipe1_id, equipe2_id, score_equipe1, score_equipe2, date, status) VALUES (288, 144, 50, 80, 5, 5, '2023-03-09', 'Annulé');
INSERT INTO matchs (id, journee_id, equipe1_id, equipe2_id, score_equipe1, score_equipe2, date, status) VALUES (289, 51, 48, 91, 4, 0, '2023-09-29', 'Terminé');
INSERT INTO matchs (id, journee_id, equipe1_id, equipe2_id, score_equipe1, score_equipe2, date, status) VALUES (290, 44, 93, 55, 5, 4, '2023-08-15', 'Terminé');
INSERT INTO matchs (id, journee_id, equipe1_id, equipe2_id, score_equipe1, score_equipe2, date, status) VALUES (291, 43, 6, 19, 0, 1, '2023-01-04', 'Terminé');
INSERT INTO matchs (id, journee_id, equipe1_id, equipe2_id, score_equipe1, score_equipe2, date, status) VALUES (292, 43, 49, 83, 2, 1, '2023-05-27', 'En cours');
INSERT INTO matchs (id, journee_id, equipe1_id, equipe2_id, score_equipe1, score_equipe2, date, status) VALUES (293, 162, 20, 48, 4, 1, '2023-03-30', 'Terminé');
INSERT INTO matchs (id, journee_id, equipe1_id, equipe2_id, score_equipe1, score_equipe2, date, status) VALUES (294, 167, 33, 47, 0, 1, '2023-07-20', 'Terminé');
INSERT INTO matchs (id, journee_id, equipe1_id, equipe2_id, score_equipe1, score_equipe2, date, status) VALUES (295, 61, 38, 29, 2, 0, '2023-07-02', 'Terminé');
INSERT INTO matchs (id, journee_id, equipe1_id, equipe2_id, score_equipe1, score_equipe2, date, status) VALUES (296, 167, 22, 73, 2, 2, '2023-01-17', 'Terminé');
INSERT INTO matchs (id, journee_id, equipe1_id, equipe2_id, score_equipe1, score_equipe2, date, status) VALUES (297, 142, 20, 75, 3, 0, '2023-11-29', 'Terminé');
INSERT INTO matchs (id, journee_id, equipe1_id, equipe2_id, score_equipe1, score_equipe2, date, status) VALUES (298, 139, 46, 98, 5, 5, '2023-02-24', 'Terminé');
INSERT INTO matchs (id, journee_id, equipe1_id, equipe2_id, score_equipe1, score_equipe2, date, status) VALUES (299, 196, 5, 61, 2, 3, '2023-01-15', 'En cours');
INSERT INTO matchs (id, journee_id, equipe1_id, equipe2_id, score_equipe1, score_equipe2, date, status) VALUES (300, 11, 91, 3, 3, 1, '2023-01-27', 'Annulé');

-- Data for inscription
INSERT INTO inscription (id, joueur_id, equipe_id, saison_id, date) VALUES (1, 490, 65, 1, '2020-11-14');
INSERT INTO inscription (id, joueur_id, equipe_id, saison_id, date) VALUES (2, 113, 28, 4, '2020-05-10');
INSERT INTO inscription (id, joueur_id, equipe_id, saison_id, date) VALUES (3, 50, 36, 5, '2021-03-30');
INSERT INTO inscription (id, joueur_id, equipe_id, saison_id, date) VALUES (4, 169, 50, 3, '2021-03-07');
INSERT INTO inscription (id, joueur_id, equipe_id, saison_id, date) VALUES (5, 192, 11, 6, '2022-05-15');
INSERT INTO inscription (id, joueur_id, equipe_id, saison_id, date) VALUES (6, 265, 48, 7, '2020-11-26');
INSERT INTO inscription (id, joueur_id, equipe_id, saison_id, date) VALUES (7, 68, 43, 6, '2020-11-07');
INSERT INTO inscription (id, joueur_id, equipe_id, saison_id, date) VALUES (8, 40, 5, 2, '2020-10-04');
INSERT INTO inscription (id, joueur_id, equipe_id, saison_id, date) VALUES (9, 135, 61, 4, '2022-10-07');
INSERT INTO inscription (id, joueur_id, equipe_id, saison_id, date) VALUES (10, 424, 49, 5, '2021-11-05');
INSERT INTO inscription (id, joueur_id, equipe_id, saison_id, date) VALUES (11, 7, 40, 6, '2021-01-09');
INSERT INTO inscription (id, joueur_id, equipe_id, saison_id, date) VALUES (12, 153, 6, 6, '2022-02-24');
INSERT INTO inscription (id, joueur_id, equipe_id, saison_id, date) VALUES (13, 44, 83, 3, '2021-05-09');
INSERT INTO inscription (id, joueur_id, equipe_id, saison_id, date) VALUES (14, 36, 84, 2, '2021-05-06');
INSERT INTO inscription (id, joueur_id, equipe_id, saison_id, date) VALUES (15, 471, 85, 4, '2022-11-25');
INSERT INTO inscription (id, joueur_id, equipe_id, saison_id, date) VALUES (16, 54, 27, 2, '2022-01-08');
INSERT INTO inscription (id, joueur_id, equipe_id, saison_id, date) VALUES (17, 74, 88, 4, '2020-03-11');
INSERT INTO inscription (id, joueur_id, equipe_id, saison_id, date) VALUES (18, 263, 21, 6, '2022-08-03');
INSERT INTO inscription (id, joueur_id, equipe_id, saison_id, date) VALUES (19, 121, 8, 4, '2021-04-08');
INSERT INTO inscription (id, joueur_id, equipe_id, saison_id, date) VALUES (20, 75, 40, 1, '2020-10-31');
INSERT INTO inscription (id, joueur_id, equipe_id, saison_id, date) VALUES (21, 403, 3, 3, '2021-11-18');
INSERT INTO inscription (id, joueur_id, equipe_id, saison_id, date) VALUES (22, 335, 71, 1, '2020-06-02');
INSERT INTO inscription (id, joueur_id, equipe_id, saison_id, date) VALUES (23, 402, 33, 2, '2021-12-15');
INSERT INTO inscription (id, joueur_id, equipe_id, saison_id, date) VALUES (24, 79, 21, 5, '2021-08-15');
INSERT INTO inscription (id, joueur_id, equipe_id, saison_id, date) VALUES (25, 389, 88, 2, '2022-08-13');
INSERT INTO inscription (id, joueur_id, equipe_id, saison_id, date) VALUES (26, 329, 43, 6, '2022-02-26');
INSERT INTO inscription (id, joueur_id, equipe_id, saison_id, date) VALUES (27, 385, 16, 3, '2021-05-31');
INSERT INTO inscription (id, joueur_id, equipe_id, saison_id, date) VALUES (28, 254, 55, 7, '2022-08-11');
INSERT INTO inscription (id, joueur_id, equipe_id, saison_id, date) VALUES (29, 187, 76, 2, '2022-02-05');
INSERT INTO inscription (id, joueur_id, equipe_id, saison_id, date) VALUES (30, 314, 26, 6, '2020-02-01');
INSERT INTO inscription (id, joueur_id, equipe_id, saison_id, date) VALUES (31, 407, 72, 1, '2021-10-02');
INSERT INTO inscription (id, joueur_id, equipe_id, saison_id, date) VALUES (32, 425, 51, 5, '2022-11-16');
INSERT INTO inscription (id, joueur_id, equipe_id, saison_id, date) VALUES (33, 293, 10, 6, '2020-01-16');
INSERT INTO inscription (id, joueur_id, equipe_id, saison_id, date) VALUES (34, 398, 13, 6, '2021-09-13');
INSERT INTO inscription (id, joueur_id, equipe_id, saison_id, date) VALUES (35, 318, 41, 7, '2020-11-26');
INSERT INTO inscription (id, joueur_id, equipe_id, saison_id, date) VALUES (36, 393, 49, 5, '2021-06-09');
INSERT INTO inscription (id, joueur_id, equipe_id, saison_id, date) VALUES (37, 326, 61, 4, '2022-02-15');
INSERT INTO inscription (id, joueur_id, equipe_id, saison_id, date) VALUES (38, 326, 76, 7, '2021-12-08');
INSERT INTO inscription (id, joueur_id, equipe_id, saison_id, date) VALUES (39, 216, 80, 4, '2022-05-16');
INSERT INTO inscription (id, joueur_id, equipe_id, saison_id, date) VALUES (40, 226, 30, 5, '2021-06-17');
INSERT INTO inscription (id, joueur_id, equipe_id, saison_id, date) VALUES (41, 76, 26, 2, '2020-03-10');
INSERT INTO inscription (id, joueur_id, equipe_id, saison_id, date) VALUES (42, 78, 45, 1, '2020-05-21');
INSERT INTO inscription (id, joueur_id, equipe_id, saison_id, date) VALUES (43, 76, 13, 2, '2021-02-20');
INSERT INTO inscription (id, joueur_id, equipe_id, saison_id, date) VALUES (44, 404, 4, 2, '2020-04-24');
INSERT INTO inscription (id, joueur_id, equipe_id, saison_id, date) VALUES (45, 166, 48, 2, '2020-03-13');
INSERT INTO inscription (id, joueur_id, equipe_id, saison_id, date) VALUES (46, 393, 72, 7, '2022-03-11');
INSERT INTO inscription (id, joueur_id, equipe_id, saison_id, date) VALUES (47, 187, 44, 1, '2022-03-10');
INSERT INTO inscription (id, joueur_id, equipe_id, saison_id, date) VALUES (48, 285, 87, 2, '2022-09-04');
INSERT INTO inscription (id, joueur_id, equipe_id, saison_id, date) VALUES (49, 345, 58, 6, '2020-05-23');
INSERT INTO inscription (id, joueur_id, equipe_id, saison_id, date) VALUES (50, 292, 55, 7, '2022-07-03');
INSERT INTO inscription (id, joueur_id, equipe_id, saison_id, date) VALUES (51, 96, 56, 1, '2020-04-12');
INSERT INTO inscription (id, joueur_id, equipe_id, saison_id, date) VALUES (52, 359, 43, 5, '2022-01-22');
INSERT INTO inscription (id, joueur_id, equipe_id, saison_id, date) VALUES (53, 56, 69, 2, '2021-03-08');
INSERT INTO inscription (id, joueur_id, equipe_id, saison_id, date) VALUES (54, 200, 7, 6, '2022-10-14');
INSERT INTO inscription (id, joueur_id, equipe_id, saison_id, date) VALUES (55, 376, 58, 1, '2021-09-04');
INSERT INTO inscription (id, joueur_id, equipe_id, saison_id, date) VALUES (56, 500, 76, 4, '2020-02-09');
INSERT INTO inscription (id, joueur_id, equipe_id, saison_id, date) VALUES (57, 182, 38, 4, '2020-06-06');
INSERT INTO inscription (id, joueur_id, equipe_id, saison_id, date) VALUES (58, 256, 26, 3, '2020-03-01');
INSERT INTO inscription (id, joueur_id, equipe_id, saison_id, date) VALUES (59, 79, 25, 7, '2021-05-30');
INSERT INTO inscription (id, joueur_id, equipe_id, saison_id, date) VALUES (60, 407, 79, 2, '2020-04-21');
INSERT INTO inscription (id, joueur_id, equipe_id, saison_id, date) VALUES (61, 202, 21, 5, '2022-08-01');
INSERT INTO inscription (id, joueur_id, equipe_id, saison_id, date) VALUES (62, 355, 50, 5, '2020-04-29');
INSERT INTO inscription (id, joueur_id, equipe_id, saison_id, date) VALUES (63, 456, 9, 5, '2021-04-02');
INSERT INTO inscription (id, joueur_id, equipe_id, saison_id, date) VALUES (64, 203, 77, 1, '2021-02-26');
INSERT INTO inscription (id, joueur_id, equipe_id, saison_id, date) VALUES (65, 370, 15, 2, '2020-07-17');
INSERT INTO inscription (id, joueur_id, equipe_id, saison_id, date) VALUES (66, 280, 49, 4, '2020-10-22');
INSERT INTO inscription (id, joueur_id, equipe_id, saison_id, date) VALUES (67, 357, 57, 2, '2021-02-13');
INSERT INTO inscription (id, joueur_id, equipe_id, saison_id, date) VALUES (68, 229, 98, 6, '2021-08-27');
INSERT INTO inscription (id, joueur_id, equipe_id, saison_id, date) VALUES (69, 44, 31, 4, '2022-06-12');
INSERT INTO inscription (id, joueur_id, equipe_id, saison_id, date) VALUES (70, 97, 3, 5, '2020-12-21');
INSERT INTO inscription (id, joueur_id, equipe_id, saison_id, date) VALUES (71, 216, 62, 1, '2020-09-23');
INSERT INTO inscription (id, joueur_id, equipe_id, saison_id, date) VALUES (72, 146, 86, 6, '2020-11-14');
INSERT INTO inscription (id, joueur_id, equipe_id, saison_id, date) VALUES (73, 292, 35, 7, '2022-05-26');
INSERT INTO inscription (id, joueur_id, equipe_id, saison_id, date) VALUES (74, 20, 77, 4, '2020-11-11');
INSERT INTO inscription (id, joueur_id, equipe_id, saison_id, date) VALUES (75, 472, 73, 3, '2022-04-04');
INSERT INTO inscription (id, joueur_id, equipe_id, saison_id, date) VALUES (76, 390, 73, 3, '2021-11-04');
INSERT INTO inscription (id, joueur_id, equipe_id, saison_id, date) VALUES (77, 307, 26, 2, '2020-06-01');
INSERT INTO inscription (id, joueur_id, equipe_id, saison_id, date) VALUES (78, 329, 30, 6, '2022-06-26');
INSERT INTO inscription (id, joueur_id, equipe_id, saison_id, date) VALUES (79, 276, 4, 2, '2023-01-01');
INSERT INTO inscription (id, joueur_id, equipe_id, saison_id, date) VALUES (80, 429, 60, 1, '2020-02-14');
INSERT INTO inscription (id, joueur_id, equipe_id, saison_id, date) VALUES (81, 434, 12, 4, '2022-08-07');
INSERT INTO inscription (id, joueur_id, equipe_id, saison_id, date) VALUES (82, 412, 52, 6, '2022-12-06');
INSERT INTO inscription (id, joueur_id, equipe_id, saison_id, date) VALUES (83, 404, 69, 6, '2022-12-12');
INSERT INTO inscription (id, joueur_id, equipe_id, saison_id, date) VALUES (84, 492, 81, 6, '2021-12-26');
INSERT INTO inscription (id, joueur_id, equipe_id, saison_id, date) VALUES (85, 38, 7, 4, '2021-12-20');
INSERT INTO inscription (id, joueur_id, equipe_id, saison_id, date) VALUES (86, 158, 62, 4, '2021-02-28');
INSERT INTO inscription (id, joueur_id, equipe_id, saison_id, date) VALUES (87, 336, 93, 6, '2022-05-26');
INSERT INTO inscription (id, joueur_id, equipe_id, saison_id, date) VALUES (88, 307, 24, 3, '2021-03-27');
INSERT INTO inscription (id, joueur_id, equipe_id, saison_id, date) VALUES (89, 424, 79, 5, '2022-05-09');
INSERT INTO inscription (id, joueur_id, equipe_id, saison_id, date) VALUES (90, 210, 87, 7, '2022-06-15');
INSERT INTO inscription (id, joueur_id, equipe_id, saison_id, date) VALUES (91, 107, 44, 2, '2021-01-15');
INSERT INTO inscription (id, joueur_id, equipe_id, saison_id, date) VALUES (92, 331, 6, 3, '2022-06-29');
INSERT INTO inscription (id, joueur_id, equipe_id, saison_id, date) VALUES (93, 325, 87, 6, '2021-02-01');
INSERT INTO inscription (id, joueur_id, equipe_id, saison_id, date) VALUES (94, 19, 64, 2, '2022-09-22');
INSERT INTO inscription (id, joueur_id, equipe_id, saison_id, date) VALUES (95, 262, 6, 5, '2021-02-06');
INSERT INTO inscription (id, joueur_id, equipe_id, saison_id, date) VALUES (96, 492, 97, 5, '2020-03-23');
INSERT INTO inscription (id, joueur_id, equipe_id, saison_id, date) VALUES (97, 391, 90, 7, '2021-05-10');
INSERT INTO inscription (id, joueur_id, equipe_id, saison_id, date) VALUES (98, 57, 55, 3, '2021-08-07');
INSERT INTO inscription (id, joueur_id, equipe_id, saison_id, date) VALUES (99, 17, 95, 7, '2021-08-27');
INSERT INTO inscription (id, joueur_id, equipe_id, saison_id, date) VALUES (100, 55, 14, 3, '2020-08-24');
INSERT INTO inscription (id, joueur_id, equipe_id, saison_id, date) VALUES (101, 315, 12, 3, '2020-05-29');
INSERT INTO inscription (id, joueur_id, equipe_id, saison_id, date) VALUES (102, 455, 31, 1, '2021-07-31');
INSERT INTO inscription (id, joueur_id, equipe_id, saison_id, date) VALUES (103, 64, 66, 5, '2020-04-04');
INSERT INTO inscription (id, joueur_id, equipe_id, saison_id, date) VALUES (104, 444, 30, 3, '2021-12-21');
INSERT INTO inscription (id, joueur_id, equipe_id, saison_id, date) VALUES (105, 164, 68, 3, '2022-11-13');
INSERT INTO inscription (id, joueur_id, equipe_id, saison_id, date) VALUES (106, 225, 42, 1, '2020-09-25');
INSERT INTO inscription (id, joueur_id, equipe_id, saison_id, date) VALUES (107, 100, 51, 5, '2022-05-31');
INSERT INTO inscription (id, joueur_id, equipe_id, saison_id, date) VALUES (108, 487, 25, 4, '2022-11-13');
INSERT INTO inscription (id, joueur_id, equipe_id, saison_id, date) VALUES (109, 55, 2, 4, '2022-10-20');
INSERT INTO inscription (id, joueur_id, equipe_id, saison_id, date) VALUES (110, 126, 7, 2, '2021-09-27');
INSERT INTO inscription (id, joueur_id, equipe_id, saison_id, date) VALUES (111, 496, 56, 3, '2021-03-28');
INSERT INTO inscription (id, joueur_id, equipe_id, saison_id, date) VALUES (112, 177, 10, 4, '2020-08-27');
INSERT INTO inscription (id, joueur_id, equipe_id, saison_id, date) VALUES (113, 256, 51, 3, '2020-05-30');
INSERT INTO inscription (id, joueur_id, equipe_id, saison_id, date) VALUES (114, 257, 73, 5, '2020-11-15');
INSERT INTO inscription (id, joueur_id, equipe_id, saison_id, date) VALUES (115, 369, 6, 6, '2021-01-21');
INSERT INTO inscription (id, joueur_id, equipe_id, saison_id, date) VALUES (116, 127, 48, 4, '2021-06-09');
INSERT INTO inscription (id, joueur_id, equipe_id, saison_id, date) VALUES (117, 11, 56, 4, '2022-10-19');
INSERT INTO inscription (id, joueur_id, equipe_id, saison_id, date) VALUES (118, 384, 14, 7, '2020-02-09');
INSERT INTO inscription (id, joueur_id, equipe_id, saison_id, date) VALUES (119, 378, 89, 3, '2020-03-02');
INSERT INTO inscription (id, joueur_id, equipe_id, saison_id, date) VALUES (120, 438, 17, 1, '2020-01-14');
INSERT INTO inscription (id, joueur_id, equipe_id, saison_id, date) VALUES (121, 245, 59, 7, '2021-09-02');
INSERT INTO inscription (id, joueur_id, equipe_id, saison_id, date) VALUES (122, 238, 13, 3, '2022-10-23');
INSERT INTO inscription (id, joueur_id, equipe_id, saison_id, date) VALUES (123, 296, 56, 2, '2022-04-23');
INSERT INTO inscription (id, joueur_id, equipe_id, saison_id, date) VALUES (124, 500, 88, 2, '2020-11-13');
INSERT INTO inscription (id, joueur_id, equipe_id, saison_id, date) VALUES (125, 425, 45, 2, '2021-08-22');
INSERT INTO inscription (id, joueur_id, equipe_id, saison_id, date) VALUES (126, 343, 90, 2, '2022-11-06');
INSERT INTO inscription (id, joueur_id, equipe_id, saison_id, date) VALUES (127, 226, 90, 6, '2021-11-13');
INSERT INTO inscription (id, joueur_id, equipe_id, saison_id, date) VALUES (128, 366, 1, 6, '2020-11-02');
INSERT INTO inscription (id, joueur_id, equipe_id, saison_id, date) VALUES (129, 357, 75, 3, '2021-08-24');
INSERT INTO inscription (id, joueur_id, equipe_id, saison_id, date) VALUES (130, 469, 94, 3, '2020-05-04');
INSERT INTO inscription (id, joueur_id, equipe_id, saison_id, date) VALUES (131, 324, 30, 3, '2022-01-12');
INSERT INTO inscription (id, joueur_id, equipe_id, saison_id, date) VALUES (132, 461, 65, 2, '2021-10-15');
INSERT INTO inscription (id, joueur_id, equipe_id, saison_id, date) VALUES (133, 238, 11, 3, '2020-05-06');
INSERT INTO inscription (id, joueur_id, equipe_id, saison_id, date) VALUES (134, 120, 85, 6, '2022-07-21');
INSERT INTO inscription (id, joueur_id, equipe_id, saison_id, date) VALUES (135, 105, 72, 4, '2020-04-11');
INSERT INTO inscription (id, joueur_id, equipe_id, saison_id, date) VALUES (136, 438, 77, 6, '2021-08-30');
INSERT INTO inscription (id, joueur_id, equipe_id, saison_id, date) VALUES (137, 82, 61, 3, '2022-05-20');
INSERT INTO inscription (id, joueur_id, equipe_id, saison_id, date) VALUES (138, 54, 77, 1, '2022-04-12');
INSERT INTO inscription (id, joueur_id, equipe_id, saison_id, date) VALUES (139, 240, 89, 3, '2022-12-13');
INSERT INTO inscription (id, joueur_id, equipe_id, saison_id, date) VALUES (140, 224, 17, 6, '2022-10-25');
INSERT INTO inscription (id, joueur_id, equipe_id, saison_id, date) VALUES (141, 425, 87, 7, '2020-03-29');
INSERT INTO inscription (id, joueur_id, equipe_id, saison_id, date) VALUES (142, 366, 25, 4, '2021-03-30');
INSERT INTO inscription (id, joueur_id, equipe_id, saison_id, date) VALUES (143, 291, 32, 3, '2020-12-25');
INSERT INTO inscription (id, joueur_id, equipe_id, saison_id, date) VALUES (144, 131, 36, 1, '2021-07-14');
INSERT INTO inscription (id, joueur_id, equipe_id, saison_id, date) VALUES (145, 451, 82, 6, '2020-03-09');
INSERT INTO inscription (id, joueur_id, equipe_id, saison_id, date) VALUES (146, 157, 89, 1, '2020-10-18');
INSERT INTO inscription (id, joueur_id, equipe_id, saison_id, date) VALUES (147, 486, 96, 5, '2021-02-05');
INSERT INTO inscription (id, joueur_id, equipe_id, saison_id, date) VALUES (148, 173, 92, 7, '2022-10-20');
INSERT INTO inscription (id, joueur_id, equipe_id, saison_id, date) VALUES (149, 182, 77, 6, '2021-11-17');
INSERT INTO inscription (id, joueur_id, equipe_id, saison_id, date) VALUES (150, 421, 62, 6, '2021-01-06');
INSERT INTO inscription (id, joueur_id, equipe_id, saison_id, date) VALUES (151, 254, 23, 2, '2020-02-29');
INSERT INTO inscription (id, joueur_id, equipe_id, saison_id, date) VALUES (152, 160, 15, 4, '2020-11-30');
INSERT INTO inscription (id, joueur_id, equipe_id, saison_id, date) VALUES (153, 72, 94, 3, '2021-06-16');
INSERT INTO inscription (id, joueur_id, equipe_id, saison_id, date) VALUES (154, 394, 15, 5, '2020-07-31');
INSERT INTO inscription (id, joueur_id, equipe_id, saison_id, date) VALUES (155, 23, 47, 5, '2021-12-29');
INSERT INTO inscription (id, joueur_id, equipe_id, saison_id, date) VALUES (156, 422, 41, 6, '2020-04-19');
INSERT INTO inscription (id, joueur_id, equipe_id, saison_id, date) VALUES (157, 418, 96, 3, '2021-12-15');
INSERT INTO inscription (id, joueur_id, equipe_id, saison_id, date) VALUES (158, 482, 9, 4, '2020-10-04');
INSERT INTO inscription (id, joueur_id, equipe_id, saison_id, date) VALUES (159, 482, 96, 5, '2020-03-11');
INSERT INTO inscription (id, joueur_id, equipe_id, saison_id, date) VALUES (160, 470, 14, 2, '2021-05-23');
INSERT INTO inscription (id, joueur_id, equipe_id, saison_id, date) VALUES (161, 54, 91, 2, '2020-01-11');
INSERT INTO inscription (id, joueur_id, equipe_id, saison_id, date) VALUES (162, 16, 1, 7, '2022-02-16');
INSERT INTO inscription (id, joueur_id, equipe_id, saison_id, date) VALUES (163, 320, 11, 7, '2020-10-20');
INSERT INTO inscription (id, joueur_id, equipe_id, saison_id, date) VALUES (164, 215, 64, 3, '2022-10-11');
INSERT INTO inscription (id, joueur_id, equipe_id, saison_id, date) VALUES (165, 394, 52, 1, '2022-12-21');
INSERT INTO inscription (id, joueur_id, equipe_id, saison_id, date) VALUES (166, 392, 2, 7, '2020-12-13');
INSERT INTO inscription (id, joueur_id, equipe_id, saison_id, date) VALUES (167, 247, 28, 2, '2021-01-14');
INSERT INTO inscription (id, joueur_id, equipe_id, saison_id, date) VALUES (168, 174, 79, 4, '2020-03-25');
INSERT INTO inscription (id, joueur_id, equipe_id, saison_id, date) VALUES (169, 169, 68, 4, '2021-01-24');
INSERT INTO inscription (id, joueur_id, equipe_id, saison_id, date) VALUES (170, 357, 77, 3, '2020-06-10');
INSERT INTO inscription (id, joueur_id, equipe_id, saison_id, date) VALUES (171, 153, 100, 7, '2021-09-26');
INSERT INTO inscription (id, joueur_id, equipe_id, saison_id, date) VALUES (172, 393, 31, 6, '2020-05-27');
INSERT INTO inscription (id, joueur_id, equipe_id, saison_id, date) VALUES (173, 326, 95, 4, '2022-08-03');
INSERT INTO inscription (id, joueur_id, equipe_id, saison_id, date) VALUES (174, 462, 78, 1, '2021-01-20');
INSERT INTO inscription (id, joueur_id, equipe_id, saison_id, date) VALUES (175, 19, 84, 7, '2022-07-05');
INSERT INTO inscription (id, joueur_id, equipe_id, saison_id, date) VALUES (176, 359, 91, 2, '2022-02-27');
INSERT INTO inscription (id, joueur_id, equipe_id, saison_id, date) VALUES (177, 332, 55, 3, '2022-03-20');
INSERT INTO inscription (id, joueur_id, equipe_id, saison_id, date) VALUES (178, 236, 78, 4, '2020-05-21');
INSERT INTO inscription (id, joueur_id, equipe_id, saison_id, date) VALUES (179, 125, 56, 7, '2022-04-22');
INSERT INTO inscription (id, joueur_id, equipe_id, saison_id, date) VALUES (180, 345, 91, 5, '2020-09-13');
INSERT INTO inscription (id, joueur_id, equipe_id, saison_id, date) VALUES (181, 491, 78, 5, '2022-07-11');
INSERT INTO inscription (id, joueur_id, equipe_id, saison_id, date) VALUES (182, 385, 28, 4, '2020-08-22');
INSERT INTO inscription (id, joueur_id, equipe_id, saison_id, date) VALUES (183, 430, 53, 4, '2020-03-23');
INSERT INTO inscription (id, joueur_id, equipe_id, saison_id, date) VALUES (184, 494, 55, 4, '2020-01-15');
INSERT INTO inscription (id, joueur_id, equipe_id, saison_id, date) VALUES (185, 168, 86, 3, '2021-09-19');
INSERT INTO inscription (id, joueur_id, equipe_id, saison_id, date) VALUES (186, 488, 45, 7, '2020-11-07');
INSERT INTO inscription (id, joueur_id, equipe_id, saison_id, date) VALUES (187, 195, 62, 7, '2020-05-08');
INSERT INTO inscription (id, joueur_id, equipe_id, saison_id, date) VALUES (188, 247, 25, 4, '2021-05-16');
INSERT INTO inscription (id, joueur_id, equipe_id, saison_id, date) VALUES (189, 237, 72, 2, '2021-12-25');
INSERT INTO inscription (id, joueur_id, equipe_id, saison_id, date) VALUES (190, 221, 73, 1, '2022-10-11');
INSERT INTO inscription (id, joueur_id, equipe_id, saison_id, date) VALUES (191, 15, 23, 3, '2020-09-18');
INSERT INTO inscription (id, joueur_id, equipe_id, saison_id, date) VALUES (192, 396, 74, 6, '2022-02-25');
INSERT INTO inscription (id, joueur_id, equipe_id, saison_id, date) VALUES (193, 283, 3, 2, '2020-06-13');
INSERT INTO inscription (id, joueur_id, equipe_id, saison_id, date) VALUES (194, 220, 94, 4, '2020-02-26');
INSERT INTO inscription (id, joueur_id, equipe_id, saison_id, date) VALUES (195, 24, 33, 7, '2022-05-21');
INSERT INTO inscription (id, joueur_id, equipe_id, saison_id, date) VALUES (196, 50, 45, 2, '2021-10-18');
INSERT INTO inscription (id, joueur_id, equipe_id, saison_id, date) VALUES (197, 432, 100, 3, '2022-07-01');
INSERT INTO inscription (id, joueur_id, equipe_id, saison_id, date) VALUES (198, 172, 91, 4, '2022-06-27');
INSERT INTO inscription (id, joueur_id, equipe_id, saison_id, date) VALUES (199, 347, 69, 7, '2020-06-26');
INSERT INTO inscription (id, joueur_id, equipe_id, saison_id, date) VALUES (200, 321, 47, 4, '2020-02-26');
INSERT INTO inscription (id, joueur_id, equipe_id, saison_id, date) VALUES (201, 465, 70, 2, '2022-11-19');
INSERT INTO inscription (id, joueur_id, equipe_id, saison_id, date) VALUES (202, 419, 78, 1, '2021-01-22');
INSERT INTO inscription (id, joueur_id, equipe_id, saison_id, date) VALUES (203, 129, 94, 5, '2022-10-28');
INSERT INTO inscription (id, joueur_id, equipe_id, saison_id, date) VALUES (204, 207, 11, 3, '2021-08-18');
INSERT INTO inscription (id, joueur_id, equipe_id, saison_id, date) VALUES (205, 242, 64, 1, '2021-06-18');
INSERT INTO inscription (id, joueur_id, equipe_id, saison_id, date) VALUES (206, 107, 23, 4, '2022-03-04');
INSERT INTO inscription (id, joueur_id, equipe_id, saison_id, date) VALUES (207, 209, 62, 5, '2021-08-03');
INSERT INTO inscription (id, joueur_id, equipe_id, saison_id, date) VALUES (208, 159, 60, 2, '2021-11-04');
INSERT INTO inscription (id, joueur_id, equipe_id, saison_id, date) VALUES (209, 217, 40, 1, '2020-02-22');
INSERT INTO inscription (id, joueur_id, equipe_id, saison_id, date) VALUES (210, 15, 23, 4, '2022-06-07');
INSERT INTO inscription (id, joueur_id, equipe_id, saison_id, date) VALUES (211, 386, 68, 1, '2021-01-27');
INSERT INTO inscription (id, joueur_id, equipe_id, saison_id, date) VALUES (212, 92, 74, 5, '2020-10-15');
INSERT INTO inscription (id, joueur_id, equipe_id, saison_id, date) VALUES (213, 356, 3, 3, '2020-07-27');
INSERT INTO inscription (id, joueur_id, equipe_id, saison_id, date) VALUES (214, 118, 18, 4, '2020-09-09');
INSERT INTO inscription (id, joueur_id, equipe_id, saison_id, date) VALUES (215, 212, 89, 5, '2022-07-19');
INSERT INTO inscription (id, joueur_id, equipe_id, saison_id, date) VALUES (216, 488, 30, 6, '2020-12-10');
INSERT INTO inscription (id, joueur_id, equipe_id, saison_id, date) VALUES (217, 353, 42, 7, '2021-10-10');
INSERT INTO inscription (id, joueur_id, equipe_id, saison_id, date) VALUES (218, 262, 71, 6, '2020-06-16');
INSERT INTO inscription (id, joueur_id, equipe_id, saison_id, date) VALUES (219, 98, 88, 1, '2022-10-11');
INSERT INTO inscription (id, joueur_id, equipe_id, saison_id, date) VALUES (220, 33, 83, 5, '2022-10-19');
INSERT INTO inscription (id, joueur_id, equipe_id, saison_id, date) VALUES (221, 111, 30, 3, '2021-04-28');
INSERT INTO inscription (id, joueur_id, equipe_id, saison_id, date) VALUES (222, 312, 48, 2, '2021-03-23');
INSERT INTO inscription (id, joueur_id, equipe_id, saison_id, date) VALUES (223, 6, 70, 1, '2022-03-08');
INSERT INTO inscription (id, joueur_id, equipe_id, saison_id, date) VALUES (224, 308, 95, 7, '2020-07-09');
INSERT INTO inscription (id, joueur_id, equipe_id, saison_id, date) VALUES (225, 222, 82, 6, '2021-12-12');
INSERT INTO inscription (id, joueur_id, equipe_id, saison_id, date) VALUES (226, 432, 22, 6, '2021-11-21');
INSERT INTO inscription (id, joueur_id, equipe_id, saison_id, date) VALUES (227, 295, 31, 3, '2020-10-10');
INSERT INTO inscription (id, joueur_id, equipe_id, saison_id, date) VALUES (228, 8, 3, 1, '2020-10-13');
INSERT INTO inscription (id, joueur_id, equipe_id, saison_id, date) VALUES (229, 278, 69, 5, '2022-10-27');
INSERT INTO inscription (id, joueur_id, equipe_id, saison_id, date) VALUES (230, 81, 72, 1, '2022-08-22');
INSERT INTO inscription (id, joueur_id, equipe_id, saison_id, date) VALUES (231, 165, 25, 2, '2020-04-18');
INSERT INTO inscription (id, joueur_id, equipe_id, saison_id, date) VALUES (232, 484, 94, 3, '2021-07-29');
INSERT INTO inscription (id, joueur_id, equipe_id, saison_id, date) VALUES (233, 394, 86, 7, '2022-03-22');
INSERT INTO inscription (id, joueur_id, equipe_id, saison_id, date) VALUES (234, 427, 25, 4, '2022-05-26');
INSERT INTO inscription (id, joueur_id, equipe_id, saison_id, date) VALUES (235, 161, 34, 7, '2022-10-28');
INSERT INTO inscription (id, joueur_id, equipe_id, saison_id, date) VALUES (236, 42, 65, 5, '2022-09-27');
INSERT INTO inscription (id, joueur_id, equipe_id, saison_id, date) VALUES (237, 59, 25, 2, '2021-08-13');
INSERT INTO inscription (id, joueur_id, equipe_id, saison_id, date) VALUES (238, 320, 77, 5, '2021-06-26');
INSERT INTO inscription (id, joueur_id, equipe_id, saison_id, date) VALUES (239, 310, 54, 7, '2022-05-13');
INSERT INTO inscription (id, joueur_id, equipe_id, saison_id, date) VALUES (240, 80, 88, 1, '2021-07-09');
INSERT INTO inscription (id, joueur_id, equipe_id, saison_id, date) VALUES (241, 422, 9, 7, '2022-04-21');
INSERT INTO inscription (id, joueur_id, equipe_id, saison_id, date) VALUES (242, 265, 24, 7, '2022-01-26');
INSERT INTO inscription (id, joueur_id, equipe_id, saison_id, date) VALUES (243, 443, 61, 6, '2020-01-04');
INSERT INTO inscription (id, joueur_id, equipe_id, saison_id, date) VALUES (244, 2, 32, 1, '2021-10-25');
INSERT INTO inscription (id, joueur_id, equipe_id, saison_id, date) VALUES (245, 138, 23, 3, '2021-06-17');
INSERT INTO inscription (id, joueur_id, equipe_id, saison_id, date) VALUES (246, 446, 58, 5, '2022-07-25');
INSERT INTO inscription (id, joueur_id, equipe_id, saison_id, date) VALUES (247, 335, 79, 7, '2021-04-19');
INSERT INTO inscription (id, joueur_id, equipe_id, saison_id, date) VALUES (248, 239, 78, 1, '2022-05-20');
INSERT INTO inscription (id, joueur_id, equipe_id, saison_id, date) VALUES (249, 476, 74, 1, '2020-07-19');
INSERT INTO inscription (id, joueur_id, equipe_id, saison_id, date) VALUES (250, 474, 65, 1, '2021-03-04');
INSERT INTO inscription (id, joueur_id, equipe_id, saison_id, date) VALUES (251, 8, 56, 7, '2022-12-03');
INSERT INTO inscription (id, joueur_id, equipe_id, saison_id, date) VALUES (252, 393, 60, 2, '2021-05-19');
INSERT INTO inscription (id, joueur_id, equipe_id, saison_id, date) VALUES (253, 323, 75, 5, '2022-03-12');
INSERT INTO inscription (id, joueur_id, equipe_id, saison_id, date) VALUES (254, 24, 31, 1, '2021-10-31');
INSERT INTO inscription (id, joueur_id, equipe_id, saison_id, date) VALUES (255, 343, 39, 2, '2020-01-27');
INSERT INTO inscription (id, joueur_id, equipe_id, saison_id, date) VALUES (256, 317, 70, 6, '2022-01-17');
INSERT INTO inscription (id, joueur_id, equipe_id, saison_id, date) VALUES (257, 336, 16, 7, '2022-02-26');
INSERT INTO inscription (id, joueur_id, equipe_id, saison_id, date) VALUES (258, 217, 25, 1, '2022-11-27');
INSERT INTO inscription (id, joueur_id, equipe_id, saison_id, date) VALUES (259, 253, 30, 2, '2022-10-17');
INSERT INTO inscription (id, joueur_id, equipe_id, saison_id, date) VALUES (260, 57, 36, 5, '2022-03-04');
INSERT INTO inscription (id, joueur_id, equipe_id, saison_id, date) VALUES (261, 359, 67, 2, '2021-05-05');
INSERT INTO inscription (id, joueur_id, equipe_id, saison_id, date) VALUES (262, 254, 2, 3, '2021-12-14');
INSERT INTO inscription (id, joueur_id, equipe_id, saison_id, date) VALUES (263, 110, 27, 3, '2022-12-17');
INSERT INTO inscription (id, joueur_id, equipe_id, saison_id, date) VALUES (264, 251, 9, 4, '2022-08-17');
INSERT INTO inscription (id, joueur_id, equipe_id, saison_id, date) VALUES (265, 398, 72, 2, '2020-09-17');
INSERT INTO inscription (id, joueur_id, equipe_id, saison_id, date) VALUES (266, 12, 51, 3, '2020-01-23');
INSERT INTO inscription (id, joueur_id, equipe_id, saison_id, date) VALUES (267, 206, 34, 7, '2020-07-30');
INSERT INTO inscription (id, joueur_id, equipe_id, saison_id, date) VALUES (268, 239, 52, 6, '2021-04-07');
INSERT INTO inscription (id, joueur_id, equipe_id, saison_id, date) VALUES (269, 478, 11, 6, '2020-10-28');
INSERT INTO inscription (id, joueur_id, equipe_id, saison_id, date) VALUES (270, 325, 44, 1, '2021-05-16');
INSERT INTO inscription (id, joueur_id, equipe_id, saison_id, date) VALUES (271, 281, 55, 3, '2020-02-26');
INSERT INTO inscription (id, joueur_id, equipe_id, saison_id, date) VALUES (272, 277, 68, 4, '2020-12-14');
INSERT INTO inscription (id, joueur_id, equipe_id, saison_id, date) VALUES (273, 471, 38, 1, '2020-08-29');
INSERT INTO inscription (id, joueur_id, equipe_id, saison_id, date) VALUES (274, 295, 71, 6, '2022-10-18');
INSERT INTO inscription (id, joueur_id, equipe_id, saison_id, date) VALUES (275, 253, 14, 5, '2022-05-12');
INSERT INTO inscription (id, joueur_id, equipe_id, saison_id, date) VALUES (276, 57, 52, 6, '2020-06-13');
INSERT INTO inscription (id, joueur_id, equipe_id, saison_id, date) VALUES (277, 15, 96, 4, '2020-11-10');
INSERT INTO inscription (id, joueur_id, equipe_id, saison_id, date) VALUES (278, 323, 79, 2, '2022-01-23');
INSERT INTO inscription (id, joueur_id, equipe_id, saison_id, date) VALUES (279, 37, 51, 2, '2022-07-28');
INSERT INTO inscription (id, joueur_id, equipe_id, saison_id, date) VALUES (280, 249, 63, 5, '2022-04-07');
INSERT INTO inscription (id, joueur_id, equipe_id, saison_id, date) VALUES (281, 29, 25, 7, '2022-06-07');
INSERT INTO inscription (id, joueur_id, equipe_id, saison_id, date) VALUES (282, 329, 37, 2, '2022-08-13');
INSERT INTO inscription (id, joueur_id, equipe_id, saison_id, date) VALUES (283, 31, 89, 4, '2021-02-18');
INSERT INTO inscription (id, joueur_id, equipe_id, saison_id, date) VALUES (284, 363, 26, 6, '2020-01-17');
INSERT INTO inscription (id, joueur_id, equipe_id, saison_id, date) VALUES (285, 486, 55, 4, '2020-03-04');
INSERT INTO inscription (id, joueur_id, equipe_id, saison_id, date) VALUES (286, 398, 99, 7, '2021-10-06');
INSERT INTO inscription (id, joueur_id, equipe_id, saison_id, date) VALUES (287, 483, 51, 2, '2022-11-16');
INSERT INTO inscription (id, joueur_id, equipe_id, saison_id, date) VALUES (288, 250, 89, 5, '2022-12-02');
INSERT INTO inscription (id, joueur_id, equipe_id, saison_id, date) VALUES (289, 30, 40, 7, '2021-10-13');
INSERT INTO inscription (id, joueur_id, equipe_id, saison_id, date) VALUES (290, 171, 54, 5, '2020-09-06');
INSERT INTO inscription (id, joueur_id, equipe_id, saison_id, date) VALUES (291, 103, 16, 3, '2020-06-26');
INSERT INTO inscription (id, joueur_id, equipe_id, saison_id, date) VALUES (292, 47, 5, 5, '2021-01-02');
INSERT INTO inscription (id, joueur_id, equipe_id, saison_id, date) VALUES (293, 451, 59, 1, '2020-05-08');
INSERT INTO inscription (id, joueur_id, equipe_id, saison_id, date) VALUES (294, 330, 18, 6, '2021-07-30');
INSERT INTO inscription (id, joueur_id, equipe_id, saison_id, date) VALUES (295, 23, 47, 6, '2021-06-05');
INSERT INTO inscription (id, joueur_id, equipe_id, saison_id, date) VALUES (296, 214, 28, 7, '2022-06-29');
INSERT INTO inscription (id, joueur_id, equipe_id, saison_id, date) VALUES (297, 298, 18, 3, '2020-02-08');
INSERT INTO inscription (id, joueur_id, equipe_id, saison_id, date) VALUES (298, 142, 56, 7, '2021-09-13');
INSERT INTO inscription (id, joueur_id, equipe_id, saison_id, date) VALUES (299, 483, 67, 1, '2020-09-16');
INSERT INTO inscription (id, joueur_id, equipe_id, saison_id, date) VALUES (300, 423, 84, 7, '2022-07-16');
INSERT INTO inscription (id, joueur_id, equipe_id, saison_id, date) VALUES (301, 370, 2, 1, '2020-08-03');
INSERT INTO inscription (id, joueur_id, equipe_id, saison_id, date) VALUES (302, 393, 84, 1, '2021-07-30');
INSERT INTO inscription (id, joueur_id, equipe_id, saison_id, date) VALUES (303, 274, 51, 7, '2020-05-15');
INSERT INTO inscription (id, joueur_id, equipe_id, saison_id, date) VALUES (304, 147, 77, 7, '2022-06-15');
INSERT INTO inscription (id, joueur_id, equipe_id, saison_id, date) VALUES (305, 234, 95, 5, '2020-07-07');
INSERT INTO inscription (id, joueur_id, equipe_id, saison_id, date) VALUES (306, 207, 35, 6, '2022-04-05');
INSERT INTO inscription (id, joueur_id, equipe_id, saison_id, date) VALUES (307, 494, 11, 1, '2021-03-04');
INSERT INTO inscription (id, joueur_id, equipe_id, saison_id, date) VALUES (308, 109, 55, 2, '2021-06-23');
INSERT INTO inscription (id, joueur_id, equipe_id, saison_id, date) VALUES (309, 55, 96, 1, '2020-05-04');
INSERT INTO inscription (id, joueur_id, equipe_id, saison_id, date) VALUES (310, 195, 46, 7, '2021-06-21');
INSERT INTO inscription (id, joueur_id, equipe_id, saison_id, date) VALUES (311, 417, 65, 3, '2022-08-20');
INSERT INTO inscription (id, joueur_id, equipe_id, saison_id, date) VALUES (312, 301, 69, 4, '2020-11-16');
INSERT INTO inscription (id, joueur_id, equipe_id, saison_id, date) VALUES (313, 49, 13, 7, '2021-05-18');
INSERT INTO inscription (id, joueur_id, equipe_id, saison_id, date) VALUES (314, 204, 29, 7, '2020-01-21');
INSERT INTO inscription (id, joueur_id, equipe_id, saison_id, date) VALUES (315, 172, 21, 2, '2022-02-13');
INSERT INTO inscription (id, joueur_id, equipe_id, saison_id, date) VALUES (316, 201, 48, 4, '2021-12-19');
INSERT INTO inscription (id, joueur_id, equipe_id, saison_id, date) VALUES (317, 37, 99, 7, '2022-07-05');
INSERT INTO inscription (id, joueur_id, equipe_id, saison_id, date) VALUES (318, 262, 97, 6, '2022-03-07');
INSERT INTO inscription (id, joueur_id, equipe_id, saison_id, date) VALUES (319, 250, 27, 1, '2022-01-01');
INSERT INTO inscription (id, joueur_id, equipe_id, saison_id, date) VALUES (320, 266, 67, 1, '2022-07-22');
INSERT INTO inscription (id, joueur_id, equipe_id, saison_id, date) VALUES (321, 265, 16, 2, '2020-04-03');
INSERT INTO inscription (id, joueur_id, equipe_id, saison_id, date) VALUES (322, 317, 67, 3, '2021-11-29');
INSERT INTO inscription (id, joueur_id, equipe_id, saison_id, date) VALUES (323, 2, 24, 4, '2020-01-01');
INSERT INTO inscription (id, joueur_id, equipe_id, saison_id, date) VALUES (324, 421, 40, 1, '2022-01-09');
INSERT INTO inscription (id, joueur_id, equipe_id, saison_id, date) VALUES (325, 407, 94, 3, '2020-08-10');
INSERT INTO inscription (id, joueur_id, equipe_id, saison_id, date) VALUES (326, 287, 100, 7, '2020-01-05');
INSERT INTO inscription (id, joueur_id, equipe_id, saison_id, date) VALUES (327, 317, 79, 6, '2021-03-30');
INSERT INTO inscription (id, joueur_id, equipe_id, saison_id, date) VALUES (328, 97, 91, 1, '2022-03-20');
INSERT INTO inscription (id, joueur_id, equipe_id, saison_id, date) VALUES (329, 408, 41, 6, '2022-02-23');
INSERT INTO inscription (id, joueur_id, equipe_id, saison_id, date) VALUES (330, 403, 28, 4, '2022-01-29');
INSERT INTO inscription (id, joueur_id, equipe_id, saison_id, date) VALUES (331, 231, 78, 7, '2022-01-24');
INSERT INTO inscription (id, joueur_id, equipe_id, saison_id, date) VALUES (332, 78, 29, 6, '2022-01-26');
INSERT INTO inscription (id, joueur_id, equipe_id, saison_id, date) VALUES (333, 5, 49, 6, '2021-11-26');
INSERT INTO inscription (id, joueur_id, equipe_id, saison_id, date) VALUES (334, 207, 92, 7, '2022-01-20');
INSERT INTO inscription (id, joueur_id, equipe_id, saison_id, date) VALUES (335, 134, 65, 2, '2022-06-20');
INSERT INTO inscription (id, joueur_id, equipe_id, saison_id, date) VALUES (336, 4, 35, 1, '2020-09-15');
INSERT INTO inscription (id, joueur_id, equipe_id, saison_id, date) VALUES (337, 151, 95, 7, '2021-11-11');
INSERT INTO inscription (id, joueur_id, equipe_id, saison_id, date) VALUES (338, 15, 19, 4, '2021-05-16');
INSERT INTO inscription (id, joueur_id, equipe_id, saison_id, date) VALUES (339, 27, 14, 2, '2020-03-24');
INSERT INTO inscription (id, joueur_id, equipe_id, saison_id, date) VALUES (340, 365, 68, 2, '2020-02-22');
INSERT INTO inscription (id, joueur_id, equipe_id, saison_id, date) VALUES (341, 422, 91, 1, '2020-08-24');
INSERT INTO inscription (id, joueur_id, equipe_id, saison_id, date) VALUES (342, 486, 86, 3, '2020-11-28');
INSERT INTO inscription (id, joueur_id, equipe_id, saison_id, date) VALUES (343, 313, 96, 6, '2021-10-21');
INSERT INTO inscription (id, joueur_id, equipe_id, saison_id, date) VALUES (344, 264, 64, 2, '2020-05-28');
INSERT INTO inscription (id, joueur_id, equipe_id, saison_id, date) VALUES (345, 268, 39, 4, '2022-11-11');
INSERT INTO inscription (id, joueur_id, equipe_id, saison_id, date) VALUES (346, 375, 4, 5, '2021-12-22');
INSERT INTO inscription (id, joueur_id, equipe_id, saison_id, date) VALUES (347, 33, 8, 5, '2020-12-19');
INSERT INTO inscription (id, joueur_id, equipe_id, saison_id, date) VALUES (348, 374, 13, 6, '2021-04-17');
INSERT INTO inscription (id, joueur_id, equipe_id, saison_id, date) VALUES (349, 391, 28, 3, '2022-08-27');
INSERT INTO inscription (id, joueur_id, equipe_id, saison_id, date) VALUES (350, 438, 57, 6, '2021-11-07');
INSERT INTO inscription (id, joueur_id, equipe_id, saison_id, date) VALUES (351, 123, 10, 2, '2022-12-09');
INSERT INTO inscription (id, joueur_id, equipe_id, saison_id, date) VALUES (352, 38, 23, 4, '2020-05-01');
INSERT INTO inscription (id, joueur_id, equipe_id, saison_id, date) VALUES (353, 431, 32, 3, '2022-08-24');
INSERT INTO inscription (id, joueur_id, equipe_id, saison_id, date) VALUES (354, 367, 61, 1, '2022-04-29');
INSERT INTO inscription (id, joueur_id, equipe_id, saison_id, date) VALUES (355, 448, 18, 3, '2021-08-02');
INSERT INTO inscription (id, joueur_id, equipe_id, saison_id, date) VALUES (356, 408, 40, 4, '2021-11-30');
INSERT INTO inscription (id, joueur_id, equipe_id, saison_id, date) VALUES (357, 155, 69, 5, '2020-11-10');
INSERT INTO inscription (id, joueur_id, equipe_id, saison_id, date) VALUES (358, 333, 14, 4, '2021-05-08');
INSERT INTO inscription (id, joueur_id, equipe_id, saison_id, date) VALUES (359, 197, 64, 4, '2021-01-04');
INSERT INTO inscription (id, joueur_id, equipe_id, saison_id, date) VALUES (360, 7, 36, 1, '2020-07-26');
INSERT INTO inscription (id, joueur_id, equipe_id, saison_id, date) VALUES (361, 463, 41, 4, '2020-01-16');
INSERT INTO inscription (id, joueur_id, equipe_id, saison_id, date) VALUES (362, 410, 81, 2, '2021-10-14');
INSERT INTO inscription (id, joueur_id, equipe_id, saison_id, date) VALUES (363, 60, 44, 5, '2022-12-15');
INSERT INTO inscription (id, joueur_id, equipe_id, saison_id, date) VALUES (364, 129, 8, 1, '2022-04-23');
INSERT INTO inscription (id, joueur_id, equipe_id, saison_id, date) VALUES (365, 109, 31, 6, '2021-01-03');
INSERT INTO inscription (id, joueur_id, equipe_id, saison_id, date) VALUES (366, 479, 79, 3, '2021-04-24');
INSERT INTO inscription (id, joueur_id, equipe_id, saison_id, date) VALUES (367, 439, 95, 6, '2020-07-12');
INSERT INTO inscription (id, joueur_id, equipe_id, saison_id, date) VALUES (368, 296, 89, 7, '2021-01-31');
INSERT INTO inscription (id, joueur_id, equipe_id, saison_id, date) VALUES (369, 224, 43, 5, '2022-12-20');
INSERT INTO inscription (id, joueur_id, equipe_id, saison_id, date) VALUES (370, 117, 76, 4, '2020-11-12');
INSERT INTO inscription (id, joueur_id, equipe_id, saison_id, date) VALUES (371, 185, 23, 1, '2020-05-05');
INSERT INTO inscription (id, joueur_id, equipe_id, saison_id, date) VALUES (372, 39, 78, 6, '2022-12-26');
INSERT INTO inscription (id, joueur_id, equipe_id, saison_id, date) VALUES (373, 225, 21, 2, '2022-10-28');
INSERT INTO inscription (id, joueur_id, equipe_id, saison_id, date) VALUES (374, 311, 94, 6, '2021-04-23');
INSERT INTO inscription (id, joueur_id, equipe_id, saison_id, date) VALUES (375, 281, 26, 2, '2022-12-09');
INSERT INTO inscription (id, joueur_id, equipe_id, saison_id, date) VALUES (376, 462, 98, 4, '2021-09-25');
INSERT INTO inscription (id, joueur_id, equipe_id, saison_id, date) VALUES (377, 1, 63, 6, '2020-01-21');
INSERT INTO inscription (id, joueur_id, equipe_id, saison_id, date) VALUES (378, 331, 48, 1, '2021-11-22');
INSERT INTO inscription (id, joueur_id, equipe_id, saison_id, date) VALUES (379, 224, 94, 4, '2022-09-06');
INSERT INTO inscription (id, joueur_id, equipe_id, saison_id, date) VALUES (380, 213, 82, 6, '2022-02-24');
INSERT INTO inscription (id, joueur_id, equipe_id, saison_id, date) VALUES (381, 183, 73, 2, '2022-07-19');
INSERT INTO inscription (id, joueur_id, equipe_id, saison_id, date) VALUES (382, 175, 21, 2, '2022-07-04');
INSERT INTO inscription (id, joueur_id, equipe_id, saison_id, date) VALUES (383, 361, 88, 2, '2022-05-19');
INSERT INTO inscription (id, joueur_id, equipe_id, saison_id, date) VALUES (384, 396, 39, 6, '2022-03-24');
INSERT INTO inscription (id, joueur_id, equipe_id, saison_id, date) VALUES (385, 301, 29, 1, '2022-11-13');
INSERT INTO inscription (id, joueur_id, equipe_id, saison_id, date) VALUES (386, 97, 49, 2, '2020-03-02');
INSERT INTO inscription (id, joueur_id, equipe_id, saison_id, date) VALUES (387, 56, 48, 7, '2021-03-23');
INSERT INTO inscription (id, joueur_id, equipe_id, saison_id, date) VALUES (388, 212, 81, 7, '2021-04-04');
INSERT INTO inscription (id, joueur_id, equipe_id, saison_id, date) VALUES (389, 436, 70, 5, '2020-09-10');
INSERT INTO inscription (id, joueur_id, equipe_id, saison_id, date) VALUES (390, 469, 81, 4, '2022-10-04');
INSERT INTO inscription (id, joueur_id, equipe_id, saison_id, date) VALUES (391, 239, 15, 4, '2022-10-27');
INSERT INTO inscription (id, joueur_id, equipe_id, saison_id, date) VALUES (392, 416, 34, 5, '2022-12-20');
INSERT INTO inscription (id, joueur_id, equipe_id, saison_id, date) VALUES (393, 215, 76, 4, '2020-12-06');
INSERT INTO inscription (id, joueur_id, equipe_id, saison_id, date) VALUES (394, 436, 72, 5, '2021-10-31');
INSERT INTO inscription (id, joueur_id, equipe_id, saison_id, date) VALUES (395, 380, 20, 5, '2020-08-08');
INSERT INTO inscription (id, joueur_id, equipe_id, saison_id, date) VALUES (396, 414, 9, 3, '2022-05-17');
INSERT INTO inscription (id, joueur_id, equipe_id, saison_id, date) VALUES (397, 258, 99, 4, '2020-11-11');
INSERT INTO inscription (id, joueur_id, equipe_id, saison_id, date) VALUES (398, 164, 86, 4, '2022-09-11');
INSERT INTO inscription (id, joueur_id, equipe_id, saison_id, date) VALUES (399, 33, 5, 7, '2020-12-28');
INSERT INTO inscription (id, joueur_id, equipe_id, saison_id, date) VALUES (400, 390, 23, 7, '2021-04-25');
INSERT INTO inscription (id, joueur_id, equipe_id, saison_id, date) VALUES (401, 439, 20, 5, '2021-02-28');
INSERT INTO inscription (id, joueur_id, equipe_id, saison_id, date) VALUES (402, 223, 99, 7, '2020-02-01');
INSERT INTO inscription (id, joueur_id, equipe_id, saison_id, date) VALUES (403, 256, 93, 6, '2022-01-26');
INSERT INTO inscription (id, joueur_id, equipe_id, saison_id, date) VALUES (404, 379, 100, 1, '2021-10-03');
INSERT INTO inscription (id, joueur_id, equipe_id, saison_id, date) VALUES (405, 367, 100, 4, '2021-02-16');
INSERT INTO inscription (id, joueur_id, equipe_id, saison_id, date) VALUES (406, 153, 75, 2, '2020-10-11');
INSERT INTO inscription (id, joueur_id, equipe_id, saison_id, date) VALUES (407, 81, 72, 4, '2022-02-14');
INSERT INTO inscription (id, joueur_id, equipe_id, saison_id, date) VALUES (408, 414, 39, 4, '2022-05-19');
INSERT INTO inscription (id, joueur_id, equipe_id, saison_id, date) VALUES (409, 239, 81, 5, '2021-01-17');
INSERT INTO inscription (id, joueur_id, equipe_id, saison_id, date) VALUES (410, 114, 87, 7, '2022-01-19');
INSERT INTO inscription (id, joueur_id, equipe_id, saison_id, date) VALUES (411, 463, 25, 1, '2020-12-27');
INSERT INTO inscription (id, joueur_id, equipe_id, saison_id, date) VALUES (412, 114, 10, 6, '2021-12-15');
INSERT INTO inscription (id, joueur_id, equipe_id, saison_id, date) VALUES (413, 93, 50, 5, '2021-04-11');
INSERT INTO inscription (id, joueur_id, equipe_id, saison_id, date) VALUES (414, 466, 66, 3, '2020-01-20');
INSERT INTO inscription (id, joueur_id, equipe_id, saison_id, date) VALUES (415, 233, 63, 1, '2021-12-05');
INSERT INTO inscription (id, joueur_id, equipe_id, saison_id, date) VALUES (416, 305, 89, 1, '2021-05-26');
INSERT INTO inscription (id, joueur_id, equipe_id, saison_id, date) VALUES (417, 52, 86, 7, '2022-01-14');
INSERT INTO inscription (id, joueur_id, equipe_id, saison_id, date) VALUES (418, 31, 36, 7, '2020-09-11');
INSERT INTO inscription (id, joueur_id, equipe_id, saison_id, date) VALUES (419, 68, 63, 7, '2020-04-14');
INSERT INTO inscription (id, joueur_id, equipe_id, saison_id, date) VALUES (420, 71, 31, 4, '2022-12-14');
INSERT INTO inscription (id, joueur_id, equipe_id, saison_id, date) VALUES (421, 144, 25, 6, '2021-06-09');
INSERT INTO inscription (id, joueur_id, equipe_id, saison_id, date) VALUES (422, 263, 79, 5, '2021-07-13');
INSERT INTO inscription (id, joueur_id, equipe_id, saison_id, date) VALUES (423, 161, 68, 5, '2020-01-04');
INSERT INTO inscription (id, joueur_id, equipe_id, saison_id, date) VALUES (424, 2, 40, 7, '2021-05-08');
INSERT INTO inscription (id, joueur_id, equipe_id, saison_id, date) VALUES (425, 408, 78, 4, '2021-01-24');
INSERT INTO inscription (id, joueur_id, equipe_id, saison_id, date) VALUES (426, 182, 82, 2, '2022-04-14');
INSERT INTO inscription (id, joueur_id, equipe_id, saison_id, date) VALUES (427, 185, 11, 6, '2022-02-20');
INSERT INTO inscription (id, joueur_id, equipe_id, saison_id, date) VALUES (428, 352, 37, 4, '2022-02-05');
INSERT INTO inscription (id, joueur_id, equipe_id, saison_id, date) VALUES (429, 330, 59, 7, '2021-01-29');
INSERT INTO inscription (id, joueur_id, equipe_id, saison_id, date) VALUES (430, 48, 99, 3, '2020-10-14');
INSERT INTO inscription (id, joueur_id, equipe_id, saison_id, date) VALUES (431, 273, 67, 7, '2021-02-10');
INSERT INTO inscription (id, joueur_id, equipe_id, saison_id, date) VALUES (432, 67, 34, 5, '2022-01-29');
INSERT INTO inscription (id, joueur_id, equipe_id, saison_id, date) VALUES (433, 168, 38, 5, '2021-08-17');
INSERT INTO inscription (id, joueur_id, equipe_id, saison_id, date) VALUES (434, 454, 52, 1, '2020-12-15');
INSERT INTO inscription (id, joueur_id, equipe_id, saison_id, date) VALUES (435, 445, 10, 7, '2022-04-15');
INSERT INTO inscription (id, joueur_id, equipe_id, saison_id, date) VALUES (436, 459, 98, 1, '2020-12-08');
INSERT INTO inscription (id, joueur_id, equipe_id, saison_id, date) VALUES (437, 43, 85, 4, '2020-05-16');
INSERT INTO inscription (id, joueur_id, equipe_id, saison_id, date) VALUES (438, 411, 90, 6, '2022-01-06');
INSERT INTO inscription (id, joueur_id, equipe_id, saison_id, date) VALUES (439, 320, 14, 5, '2021-03-01');
INSERT INTO inscription (id, joueur_id, equipe_id, saison_id, date) VALUES (440, 7, 26, 3, '2020-06-08');
INSERT INTO inscription (id, joueur_id, equipe_id, saison_id, date) VALUES (441, 163, 80, 7, '2021-05-23');
INSERT INTO inscription (id, joueur_id, equipe_id, saison_id, date) VALUES (442, 462, 31, 7, '2022-02-01');
INSERT INTO inscription (id, joueur_id, equipe_id, saison_id, date) VALUES (443, 272, 43, 3, '2020-04-17');
INSERT INTO inscription (id, joueur_id, equipe_id, saison_id, date) VALUES (444, 457, 32, 4, '2021-04-12');
INSERT INTO inscription (id, joueur_id, equipe_id, saison_id, date) VALUES (445, 141, 68, 6, '2022-11-20');
INSERT INTO inscription (id, joueur_id, equipe_id, saison_id, date) VALUES (446, 355, 99, 5, '2020-05-18');
INSERT INTO inscription (id, joueur_id, equipe_id, saison_id, date) VALUES (447, 467, 34, 4, '2021-01-14');
INSERT INTO inscription (id, joueur_id, equipe_id, saison_id, date) VALUES (448, 42, 15, 3, '2021-12-24');
INSERT INTO inscription (id, joueur_id, equipe_id, saison_id, date) VALUES (449, 458, 4, 4, '2022-06-01');
INSERT INTO inscription (id, joueur_id, equipe_id, saison_id, date) VALUES (450, 195, 80, 5, '2020-11-07');
INSERT INTO inscription (id, joueur_id, equipe_id, saison_id, date) VALUES (451, 451, 47, 6, '2022-04-27');
INSERT INTO inscription (id, joueur_id, equipe_id, saison_id, date) VALUES (452, 294, 22, 4, '2022-02-02');
INSERT INTO inscription (id, joueur_id, equipe_id, saison_id, date) VALUES (453, 86, 62, 7, '2020-07-09');
INSERT INTO inscription (id, joueur_id, equipe_id, saison_id, date) VALUES (454, 269, 88, 2, '2021-11-07');
INSERT INTO inscription (id, joueur_id, equipe_id, saison_id, date) VALUES (455, 125, 14, 1, '2020-09-19');
INSERT INTO inscription (id, joueur_id, equipe_id, saison_id, date) VALUES (456, 326, 5, 7, '2021-07-30');
INSERT INTO inscription (id, joueur_id, equipe_id, saison_id, date) VALUES (457, 252, 15, 1, '2022-07-24');
INSERT INTO inscription (id, joueur_id, equipe_id, saison_id, date) VALUES (458, 131, 41, 5, '2020-07-09');
INSERT INTO inscription (id, joueur_id, equipe_id, saison_id, date) VALUES (459, 101, 54, 5, '2020-05-28');
INSERT INTO inscription (id, joueur_id, equipe_id, saison_id, date) VALUES (460, 46, 48, 7, '2021-11-20');
INSERT INTO inscription (id, joueur_id, equipe_id, saison_id, date) VALUES (461, 260, 84, 1, '2021-01-28');
INSERT INTO inscription (id, joueur_id, equipe_id, saison_id, date) VALUES (462, 244, 17, 1, '2020-11-18');
INSERT INTO inscription (id, joueur_id, equipe_id, saison_id, date) VALUES (463, 1, 86, 7, '2022-04-25');
INSERT INTO inscription (id, joueur_id, equipe_id, saison_id, date) VALUES (464, 175, 61, 3, '2022-02-10');
INSERT INTO inscription (id, joueur_id, equipe_id, saison_id, date) VALUES (465, 72, 86, 2, '2022-03-24');
INSERT INTO inscription (id, joueur_id, equipe_id, saison_id, date) VALUES (466, 112, 44, 7, '2021-01-25');
INSERT INTO inscription (id, joueur_id, equipe_id, saison_id, date) VALUES (467, 90, 48, 4, '2020-11-15');
INSERT INTO inscription (id, joueur_id, equipe_id, saison_id, date) VALUES (468, 215, 23, 4, '2020-04-05');
INSERT INTO inscription (id, joueur_id, equipe_id, saison_id, date) VALUES (469, 497, 54, 3, '2021-06-27');
INSERT INTO inscription (id, joueur_id, equipe_id, saison_id, date) VALUES (470, 245, 90, 7, '2021-07-26');
INSERT INTO inscription (id, joueur_id, equipe_id, saison_id, date) VALUES (471, 267, 4, 5, '2020-12-09');
INSERT INTO inscription (id, joueur_id, equipe_id, saison_id, date) VALUES (472, 281, 15, 7, '2020-09-19');
INSERT INTO inscription (id, joueur_id, equipe_id, saison_id, date) VALUES (473, 227, 6, 6, '2021-04-21');
INSERT INTO inscription (id, joueur_id, equipe_id, saison_id, date) VALUES (474, 135, 69, 1, '2022-11-15');
INSERT INTO inscription (id, joueur_id, equipe_id, saison_id, date) VALUES (475, 282, 27, 2, '2021-05-24');
INSERT INTO inscription (id, joueur_id, equipe_id, saison_id, date) VALUES (476, 142, 25, 6, '2022-04-04');
INSERT INTO inscription (id, joueur_id, equipe_id, saison_id, date) VALUES (477, 10, 76, 1, '2021-07-30');
INSERT INTO inscription (id, joueur_id, equipe_id, saison_id, date) VALUES (478, 162, 85, 3, '2020-09-22');
INSERT INTO inscription (id, joueur_id, equipe_id, saison_id, date) VALUES (479, 380, 18, 5, '2022-02-06');
INSERT INTO inscription (id, joueur_id, equipe_id, saison_id, date) VALUES (480, 44, 50, 2, '2020-07-14');
INSERT INTO inscription (id, joueur_id, equipe_id, saison_id, date) VALUES (481, 138, 62, 1, '2021-05-24');
INSERT INTO inscription (id, joueur_id, equipe_id, saison_id, date) VALUES (482, 416, 20, 7, '2021-10-15');
INSERT INTO inscription (id, joueur_id, equipe_id, saison_id, date) VALUES (483, 414, 65, 5, '2021-12-28');
INSERT INTO inscription (id, joueur_id, equipe_id, saison_id, date) VALUES (484, 358, 17, 6, '2021-12-27');
INSERT INTO inscription (id, joueur_id, equipe_id, saison_id, date) VALUES (485, 422, 53, 2, '2021-10-23');
INSERT INTO inscription (id, joueur_id, equipe_id, saison_id, date) VALUES (486, 278, 42, 5, '2021-05-21');
INSERT INTO inscription (id, joueur_id, equipe_id, saison_id, date) VALUES (487, 108, 98, 4, '2020-12-20');
INSERT INTO inscription (id, joueur_id, equipe_id, saison_id, date) VALUES (488, 206, 9, 5, '2022-05-27');
INSERT INTO inscription (id, joueur_id, equipe_id, saison_id, date) VALUES (489, 334, 15, 4, '2020-07-21');
INSERT INTO inscription (id, joueur_id, equipe_id, saison_id, date) VALUES (490, 484, 92, 1, '2021-11-18');
INSERT INTO inscription (id, joueur_id, equipe_id, saison_id, date) VALUES (491, 17, 41, 3, '2021-04-23');
INSERT INTO inscription (id, joueur_id, equipe_id, saison_id, date) VALUES (492, 167, 35, 2, '2021-11-08');
INSERT INTO inscription (id, joueur_id, equipe_id, saison_id, date) VALUES (493, 436, 1, 6, '2022-07-18');
INSERT INTO inscription (id, joueur_id, equipe_id, saison_id, date) VALUES (494, 165, 81, 1, '2022-10-08');
INSERT INTO inscription (id, joueur_id, equipe_id, saison_id, date) VALUES (495, 273, 57, 7, '2022-12-30');
INSERT INTO inscription (id, joueur_id, equipe_id, saison_id, date) VALUES (496, 377, 28, 1, '2021-01-02');
INSERT INTO inscription (id, joueur_id, equipe_id, saison_id, date) VALUES (497, 440, 73, 2, '2021-10-15');
INSERT INTO inscription (id, joueur_id, equipe_id, saison_id, date) VALUES (498, 367, 77, 3, '2020-04-09');
INSERT INTO inscription (id, joueur_id, equipe_id, saison_id, date) VALUES (499, 398, 51, 6, '2021-10-15');
INSERT INTO inscription (id, joueur_id, equipe_id, saison_id, date) VALUES (500, 200, 1, 5, '2022-10-05');

-- Data for officiel
INSERT INTO officiel (id, nom, prenom, role) VALUES (1, 'Reed', 'Christopher', 'Assistant');
INSERT INTO officiel (id, nom, prenom, role) VALUES (2, 'Cruz', 'Susan', 'Coach');
INSERT INTO officiel (id, nom, prenom, role) VALUES (3, 'Gordon', 'David', 'Coach');
INSERT INTO officiel (id, nom, prenom, role) VALUES (4, 'Booker', 'Elizabeth', 'Assistant');
INSERT INTO officiel (id, nom, prenom, role) VALUES (5, 'Simmons', 'Martin', 'Assistant');
INSERT INTO officiel (id, nom, prenom, role) VALUES (6, 'Garcia', 'Christopher', 'Coach');
INSERT INTO officiel (id, nom, prenom, role) VALUES (7, 'Davis', 'Angela', 'Assistant');
INSERT INTO officiel (id, nom, prenom, role) VALUES (8, 'Coleman', 'Jesse', 'Médecin');
INSERT INTO officiel (id, nom, prenom, role) VALUES (9, 'Ortiz', 'Jeffery', 'Médecin');
INSERT INTO officiel (id, nom, prenom, role) VALUES (10, 'Rodriguez', 'Randall', 'Médecin');
INSERT INTO officiel (id, nom, prenom, role) VALUES (11, 'Evans', 'Sarah', 'Médecin');
INSERT INTO officiel (id, nom, prenom, role) VALUES (12, 'Carter', 'Patrick', 'Coach');
INSERT INTO officiel (id, nom, prenom, role) VALUES (13, 'Freeman', 'Sarah', 'Assistant');
INSERT INTO officiel (id, nom, prenom, role) VALUES (14, 'Williams', 'Peter', 'Assistant');
INSERT INTO officiel (id, nom, prenom, role) VALUES (15, 'Holmes', 'Christine', 'Assistant');
INSERT INTO officiel (id, nom, prenom, role) VALUES (16, 'Shepard', 'Stephanie', 'Coach');
INSERT INTO officiel (id, nom, prenom, role) VALUES (17, 'Powers', 'Daniel', 'Coach');
INSERT INTO officiel (id, nom, prenom, role) VALUES (18, 'Watkins', 'Betty', 'Médecin');
INSERT INTO officiel (id, nom, prenom, role) VALUES (19, 'Mason', 'Paul', 'Assistant');
INSERT INTO officiel (id, nom, prenom, role) VALUES (20, 'Bishop', 'John', 'Médecin');
INSERT INTO officiel (id, nom, prenom, role) VALUES (21, 'Ortiz', 'John', 'Assistant');
INSERT INTO officiel (id, nom, prenom, role) VALUES (22, 'Cooper', 'Brittany', 'Coach');
INSERT INTO officiel (id, nom, prenom, role) VALUES (23, 'Landry', 'Michael', 'Assistant');
INSERT INTO officiel (id, nom, prenom, role) VALUES (24, 'West', 'Alejandra', 'Coach');
INSERT INTO officiel (id, nom, prenom, role) VALUES (25, 'Walker', 'Phillip', 'Médecin');
INSERT INTO officiel (id, nom, prenom, role) VALUES (26, 'Harris', 'Pam', 'Médecin');
INSERT INTO officiel (id, nom, prenom, role) VALUES (27, 'Jackson', 'James', 'Médecin');
INSERT INTO officiel (id, nom, prenom, role) VALUES (28, 'Gallagher', 'Luke', 'Médecin');
INSERT INTO officiel (id, nom, prenom, role) VALUES (29, 'Ramirez', 'William', 'Médecin');
INSERT INTO officiel (id, nom, prenom, role) VALUES (30, 'Garcia', 'James', 'Médecin');
INSERT INTO officiel (id, nom, prenom, role) VALUES (31, 'Williams', 'Summer', 'Assistant');
INSERT INTO officiel (id, nom, prenom, role) VALUES (32, 'Garcia', 'Marvin', 'Assistant');
INSERT INTO officiel (id, nom, prenom, role) VALUES (33, 'Smith', 'Katie', 'Coach');
INSERT INTO officiel (id, nom, prenom, role) VALUES (34, 'Gonzalez', 'Theresa', 'Assistant');
INSERT INTO officiel (id, nom, prenom, role) VALUES (35, 'Johnson', 'Natalie', 'Assistant');
INSERT INTO officiel (id, nom, prenom, role) VALUES (36, 'Mcdonald', 'Sara', 'Assistant');
INSERT INTO officiel (id, nom, prenom, role) VALUES (37, 'Clay', 'Roberto', 'Coach');
INSERT INTO officiel (id, nom, prenom, role) VALUES (38, 'Smith', 'Mary', 'Coach');
INSERT INTO officiel (id, nom, prenom, role) VALUES (39, 'Ray', 'Melinda', 'Médecin');
INSERT INTO officiel (id, nom, prenom, role) VALUES (40, 'Cooper', 'Karen', 'Médecin');
INSERT INTO officiel (id, nom, prenom, role) VALUES (41, 'Baker', 'John', 'Assistant');
INSERT INTO officiel (id, nom, prenom, role) VALUES (42, 'Hall', 'Abigail', 'Médecin');
INSERT INTO officiel (id, nom, prenom, role) VALUES (43, 'Robinson', 'John', 'Assistant');
INSERT INTO officiel (id, nom, prenom, role) VALUES (44, 'Wood', 'Keith', 'Coach');
INSERT INTO officiel (id, nom, prenom, role) VALUES (45, 'Butler', 'Michael', 'Médecin');
INSERT INTO officiel (id, nom, prenom, role) VALUES (46, 'Gonzalez', 'Melissa', 'Assistant');
INSERT INTO officiel (id, nom, prenom, role) VALUES (47, 'Hardy', 'Victoria', 'Assistant');
INSERT INTO officiel (id, nom, prenom, role) VALUES (48, 'Waters', 'Leroy', 'Assistant');
INSERT INTO officiel (id, nom, prenom, role) VALUES (49, 'Clark', 'Alexander', 'Médecin');
INSERT INTO officiel (id, nom, prenom, role) VALUES (50, 'Walters', 'Brian', 'Assistant');
INSERT INTO officiel (id, nom, prenom, role) VALUES (51, 'Lopez', 'Ryan', 'Assistant');
INSERT INTO officiel (id, nom, prenom, role) VALUES (52, 'May', 'Taylor', 'Médecin');
INSERT INTO officiel (id, nom, prenom, role) VALUES (53, 'Hoffman', 'Rebecca', 'Coach');
INSERT INTO officiel (id, nom, prenom, role) VALUES (54, 'Fox', 'Anthony', 'Assistant');
INSERT INTO officiel (id, nom, prenom, role) VALUES (55, 'Sellers', 'Lauren', 'Médecin');
INSERT INTO officiel (id, nom, prenom, role) VALUES (56, 'Allen', 'Brittney', 'Médecin');
INSERT INTO officiel (id, nom, prenom, role) VALUES (57, 'Mckinney', 'Kendra', 'Assistant');
INSERT INTO officiel (id, nom, prenom, role) VALUES (58, 'Smith', 'Judith', 'Médecin');
INSERT INTO officiel (id, nom, prenom, role) VALUES (59, 'Moss', 'Emily', 'Coach');
INSERT INTO officiel (id, nom, prenom, role) VALUES (60, 'Gomez', 'Joseph', 'Coach');
INSERT INTO officiel (id, nom, prenom, role) VALUES (61, 'Turner', 'Joseph', 'Assistant');
INSERT INTO officiel (id, nom, prenom, role) VALUES (62, 'Ferguson', 'Kristi', 'Médecin');
INSERT INTO officiel (id, nom, prenom, role) VALUES (63, 'Flowers', 'Stephanie', 'Coach');
INSERT INTO officiel (id, nom, prenom, role) VALUES (64, 'Lucas', 'Jennifer', 'Coach');
INSERT INTO officiel (id, nom, prenom, role) VALUES (65, 'Miles', 'Darlene', 'Médecin');
INSERT INTO officiel (id, nom, prenom, role) VALUES (66, 'Owen', 'Shelly', 'Coach');
INSERT INTO officiel (id, nom, prenom, role) VALUES (67, 'Griffin', 'Elizabeth', 'Coach');
INSERT INTO officiel (id, nom, prenom, role) VALUES (68, 'Thomas', 'Tracey', 'Médecin');
INSERT INTO officiel (id, nom, prenom, role) VALUES (69, 'Willis', 'Robin', 'Coach');
INSERT INTO officiel (id, nom, prenom, role) VALUES (70, 'Mcintosh', 'Jonathan', 'Coach');
INSERT INTO officiel (id, nom, prenom, role) VALUES (71, 'Ferguson', 'Kelly', 'Médecin');
INSERT INTO officiel (id, nom, prenom, role) VALUES (72, 'Carpenter', 'Jessica', 'Coach');
INSERT INTO officiel (id, nom, prenom, role) VALUES (73, 'Lee', 'Stephanie', 'Assistant');
INSERT INTO officiel (id, nom, prenom, role) VALUES (74, 'Hunt', 'Sarah', 'Médecin');
INSERT INTO officiel (id, nom, prenom, role) VALUES (75, 'Irwin', 'Elizabeth', 'Assistant');
INSERT INTO officiel (id, nom, prenom, role) VALUES (76, 'Jenkins', 'Christopher', 'Assistant');
INSERT INTO officiel (id, nom, prenom, role) VALUES (77, 'Mclean', 'Theresa', 'Assistant');
INSERT INTO officiel (id, nom, prenom, role) VALUES (78, 'Flores', 'Todd', 'Médecin');
INSERT INTO officiel (id, nom, prenom, role) VALUES (79, 'Gonzalez', 'Jason', 'Assistant');
INSERT INTO officiel (id, nom, prenom, role) VALUES (80, 'Doyle', 'Cody', 'Médecin');
INSERT INTO officiel (id, nom, prenom, role) VALUES (81, 'Barrett', 'Paul', 'Coach');
INSERT INTO officiel (id, nom, prenom, role) VALUES (82, 'Jones', 'Justin', 'Médecin');
INSERT INTO officiel (id, nom, prenom, role) VALUES (83, 'Miller', 'Rhonda', 'Assistant');
INSERT INTO officiel (id, nom, prenom, role) VALUES (84, 'Hansen', 'Douglas', 'Médecin');
INSERT INTO officiel (id, nom, prenom, role) VALUES (85, 'Brown', 'Daniel', 'Assistant');
INSERT INTO officiel (id, nom, prenom, role) VALUES (86, 'Ortiz', 'Robert', 'Coach');
INSERT INTO officiel (id, nom, prenom, role) VALUES (87, 'David', 'Jonathan', 'Médecin');
INSERT INTO officiel (id, nom, prenom, role) VALUES (88, 'Oliver', 'Darryl', 'Coach');
INSERT INTO officiel (id, nom, prenom, role) VALUES (89, 'Moreno', 'Teresa', 'Coach');
INSERT INTO officiel (id, nom, prenom, role) VALUES (90, 'Franco', 'Melissa', 'Médecin');
INSERT INTO officiel (id, nom, prenom, role) VALUES (91, 'Zimmerman', 'Ryan', 'Coach');
INSERT INTO officiel (id, nom, prenom, role) VALUES (92, 'Bentley', 'Vanessa', 'Médecin');
INSERT INTO officiel (id, nom, prenom, role) VALUES (93, 'Arias', 'Jennifer', 'Médecin');
INSERT INTO officiel (id, nom, prenom, role) VALUES (94, 'Howard', 'Rachel', 'Médecin');
INSERT INTO officiel (id, nom, prenom, role) VALUES (95, 'Turner', 'Gregory', 'Assistant');
INSERT INTO officiel (id, nom, prenom, role) VALUES (96, 'Medina', 'Lauren', 'Assistant');
INSERT INTO officiel (id, nom, prenom, role) VALUES (97, 'Adams', 'Steven', 'Assistant');
INSERT INTO officiel (id, nom, prenom, role) VALUES (98, 'Smith', 'Renee', 'Coach');
INSERT INTO officiel (id, nom, prenom, role) VALUES (99, 'Keller', 'Shelley', 'Coach');
INSERT INTO officiel (id, nom, prenom, role) VALUES (100, 'Smith', 'Troy', 'Coach');

-- Data for inscription_officiel
INSERT INTO inscription_officiel (id, officiel_id, equipe_id, saison_id, nb_officiel, date, date_fin) VALUES (1, 29, 91, 6, 5, '2020-08-03','2020-12-03' );
INSERT INTO inscription_officiel (id, officiel_id, equipe_id, saison_id, nb_officiel, date, date_fin) VALUES (2, 48, 80, 3, 2, '2021-04-29', '2021-08-29');
INSERT INTO inscription_officiel (id, officiel_id, equipe_id, saison_id, nb_officiel, date, date_fin) VALUES (3, 76, 81, 1, 5, '2022-01-02', '2022-05-02');
INSERT INTO inscription_officiel (id, officiel_id, equipe_id, saison_id, nb_officiel, date, date_fin) VALUES (4, 41, 2, 3, 4, '2020-07-07', '2020-12-07');
INSERT INTO inscription_officiel (id, officiel_id, equipe_id, saison_id, nb_officiel, date, date_fin) VALUES (5, 67, 74, 6, 1, '2021-03-05', '2021-08-05');
INSERT INTO inscription_officiel (id, officiel_id, equipe_id, saison_id, nb_officiel, date, date_fin) VALUES (6, 21, 78, 2, 2, '2022-02-14', '2022-07-14');
INSERT INTO inscription_officiel (id, officiel_id, equipe_id, saison_id, nb_officiel, date, date_fin) VALUES (7, 98, 70, 3, 3, '2022-12-22', '2023-05-22');
INSERT INTO inscription_officiel (id, officiel_id, equipe_id, saison_id, nb_officiel, date, date_fin) VALUES (8, 69, 71, 5, 4, '2022-02-05', '2022-07-05');
INSERT INTO inscription_officiel (id, officiel_id, equipe_id, saison_id, nb_officiel, date, date_fin) VALUES (9, 23, 55, 2, 1, '2020-01-10', '2020-06-10');
INSERT INTO inscription_officiel (id, officiel_id, equipe_id, saison_id, nb_officiel, date, date_fin) VALUES (10, 7, 38, 5, 4, '2020-03-14', '2020-08-14');
INSERT INTO inscription_officiel (id, officiel_id, equipe_id, saison_id, nb_officiel, date, date_fin) VALUES (11, 2, 41, 5, 1, '2021-05-17', '2021-10-17');
INSERT INTO inscription_officiel (id, officiel_id, equipe_id, saison_id, nb_officiel, date, date_fin) VALUES (12, 99, 70, 6, 5, '2021-10-10', '2022-03-10');
INSERT INTO inscription_officiel (id, officiel_id, equipe_id, saison_id, nb_officiel, date, date_fin) VALUES (13, 83, 82, 7, 2, '2022-03-11', '2022-08-11');
INSERT INTO inscription_officiel (id, officiel_id, equipe_id, saison_id, nb_officiel, date, date_fin) VALUES (14, 4, 93, 4, 4, '2022-01-12', '2022-06-12');
INSERT INTO inscription_officiel (id, officiel_id, equipe_id, saison_id, nb_officiel, date, date_fin) VALUES (15, 47, 48, 4, 3, '2021-04-28', '2021-09-28');
INSERT INTO inscription_officiel (id, officiel_id, equipe_id, saison_id, nb_officiel, date, date_fin) VALUES (16, 57, 20, 7, 3, '2022-12-26', '2023-05-26');
INSERT INTO inscription_officiel (id, officiel_id, equipe_id, saison_id, nb_officiel, date, date_fin) VALUES (17, 25, 11, 5, 5, '2020-04-09', '2020-09-09');
INSERT INTO inscription_officiel (id, officiel_id, equipe_id, saison_id, nb_officiel, date, date_fin) VALUES (18, 77, 72, 3, 1, '2022-06-06', '2022-11-06');
INSERT INTO inscription_officiel (id, officiel_id, equipe_id, saison_id, nb_officiel, date, date_fin) VALUES (19, 45, 49, 4, 3, '2021-12-31', '2022-05-31');
INSERT INTO inscription_officiel (id, officiel_id, equipe_id, saison_id, nb_officiel, date, date_fin) VALUES (20, 21, 34, 4, 4, '2020-01-31', '2020-06-30');
INSERT INTO inscription_officiel (id, officiel_id, equipe_id, saison_id, nb_officiel, date, date_fin) VALUES (21, 23, 91, 4, 3, '2021-12-22', '2022-05-22');
INSERT INTO inscription_officiel (id, officiel_id, equipe_id, saison_id, nb_officiel, date, date_fin) VALUES (22, 66, 64, 1, 4, '2022-08-03', '2023-01-03');
INSERT INTO inscription_officiel (id, officiel_id, equipe_id, saison_id, nb_officiel, date, date_fin) VALUES (23, 36, 67, 2, 2, '2021-01-17', '2021-06-17');
INSERT INTO inscription_officiel (id, officiel_id, equipe_id, saison_id, nb_officiel, date, date_fin) VALUES (24, 51, 98, 5, 5, '2022-04-26', '2022-09-26');
INSERT INTO inscription_officiel (id, officiel_id, equipe_id, saison_id, nb_officiel, date, date_fin) VALUES (25, 3, 80, 1, 3, '2022-11-27', '2023-04-27');
INSERT INTO inscription_officiel (id, officiel_id, equipe_id, saison_id, nb_officiel, date, date_fin) VALUES (26, 32, 66, 3, 4, '2022-11-07', '2023-04-07');
INSERT INTO inscription_officiel (id, officiel_id, equipe_id, saison_id, nb_officiel, date, date_fin) VALUES (27, 79, 6, 3, 5, '2021-09-05', '2022-02-05');
INSERT INTO inscription_officiel (id, officiel_id, equipe_id, saison_id, nb_officiel, date, date_fin) VALUES (28, 45, 77, 6, 3, '2022-12-11', '2023-05-11');
INSERT INTO inscription_officiel (id, officiel_id, equipe_id, saison_id, nb_officiel, date, date_fin) VALUES (29, 28, 49, 1, 3, '2022-11-20', '2023-04-20');
INSERT INTO inscription_officiel (id, officiel_id, equipe_id, saison_id, nb_officiel, date, date_fin) VALUES (30, 90, 18, 3, 5, '2021-02-23', '2021-05-23');
INSERT INTO inscription_officiel (id, officiel_id, equipe_id, saison_id, nb_officiel, date, date_fin) VALUES (31, 99, 25, 7, 4, '2021-12-01', '2022-03-01');
INSERT INTO inscription_officiel (id, officiel_id, equipe_id, saison_id, nb_officiel, date, date_fin) VALUES (32, 11, 51, 5, 5, '2021-04-04', '2021-07-04');
INSERT INTO inscription_officiel (id, officiel_id, equipe_id, saison_id, nb_officiel, date, date_fin) VALUES (33, 7, 15, 6, 4, '2022-05-24', '2022-08-24');
INSERT INTO inscription_officiel (id, officiel_id, equipe_id, saison_id, nb_officiel, date, date_fin) VALUES (34, 41, 79, 5, 3, '2022-10-10', '2023-01-10');
INSERT INTO inscription_officiel (id, officiel_id, equipe_id, saison_id, nb_officiel, date, date_fin) VALUES (35, 80, 47, 4, 4, '2021-09-21', '2021-12-21');
INSERT INTO inscription_officiel (id, officiel_id, equipe_id, saison_id, nb_officiel, date, date_fin) VALUES (36, 53, 41, 7, 4, '2022-11-21', '2023-02-21');
INSERT INTO inscription_officiel (id, officiel_id, equipe_id, saison_id, nb_officiel, date, date_fin) VALUES (37, 66, 21, 1, 2, '2020-06-12', '2020-09-12');
INSERT INTO inscription_officiel (id, officiel_id, equipe_id, saison_id, nb_officiel, date, date_fin) VALUES (38, 76, 62, 3, 4, '2022-04-25', '2022-07-25');
INSERT INTO inscription_officiel (id, officiel_id, equipe_id, saison_id, nb_officiel, date, date_fin) VALUES (39, 65, 70, 4, 2, '2022-06-04', '2022-09-04');
INSERT INTO inscription_officiel (id, officiel_id, equipe_id, saison_id, nb_officiel, date, date_fin) VALUES (40, 29, 92, 6, 2, '2022-03-31', '2022-06-30');
INSERT INTO inscription_officiel (id, officiel_id, equipe_id, saison_id, nb_officiel, date, date_fin) VALUES (41, 4, 14, 5, 4, '2021-07-28', '2021-10-28');
INSERT INTO inscription_officiel (id, officiel_id, equipe_id, saison_id, nb_officiel, date, date_fin) VALUES (42, 57, 49, 1, 4, '2020-10-08', '2021-01-08');
INSERT INTO inscription_officiel (id, officiel_id, equipe_id, saison_id, nb_officiel, date, date_fin) VALUES (43, 99, 43, 2, 2, '2020-06-26', '2020-09-26');
INSERT INTO inscription_officiel (id, officiel_id, equipe_id, saison_id, nb_officiel, date, date_fin) VALUES (44, 100, 76, 3, 5, '2021-06-08', '2021-09-08');
INSERT INTO inscription_officiel (id, officiel_id, equipe_id, saison_id, nb_officiel, date, date_fin) VALUES (45, 18, 55, 1, 1, '2020-06-04', '2020-09-04');
INSERT INTO inscription_officiel (id, officiel_id, equipe_id, saison_id, nb_officiel, date, date_fin) VALUES (46, 95, 11, 2, 3, '2020-10-25', '2021-01-25');
INSERT INTO inscription_officiel (id, officiel_id, equipe_id, saison_id, nb_officiel, date, date_fin) VALUES (47, 70, 70, 7, 2, '2020-04-14', '2020-07-14');
INSERT INTO inscription_officiel (id, officiel_id, equipe_id, saison_id, nb_officiel, date, date_fin) VALUES (48, 89, 30, 4, 5, '2020-04-03', '2020-07-03');
INSERT INTO inscription_officiel (id, officiel_id, equipe_id, saison_id, nb_officiel, date, date_fin) VALUES (49, 100, 98, 2, 5, '2021-07-14', '2021-10-14');
INSERT INTO inscription_officiel (id, officiel_id, equipe_id, saison_id, nb_officiel, date, date_fin) VALUES (50, 80, 10, 3, 1, '2021-11-02', '2022-02-02');
INSERT INTO inscription_officiel (id, officiel_id, equipe_id, saison_id, nb_officiel, date, date_fin) VALUES (51, 43, 55, 5, 3, '2022-04-11', '2022-07-11');
INSERT INTO inscription_officiel (id, officiel_id, equipe_id, saison_id, nb_officiel, date, date_fin) VALUES (52, 35, 100, 4, 1, '2022-07-09', '2022-10-09');
INSERT INTO inscription_officiel (id, officiel_id, equipe_id, saison_id, nb_officiel, date, date_fin) VALUES (53, 37, 60, 1, 2, '2021-04-17', '2021-07-17');
INSERT INTO inscription_officiel (id, officiel_id, equipe_id, saison_id, nb_officiel, date, date_fin) VALUES (54, 68, 78, 4, 5, '2020-12-05', '2021-03-05');
INSERT INTO inscription_officiel (id, officiel_id, equipe_id, saison_id, nb_officiel, date, date_fin) VALUES (55, 65, 72, 3, 3, '2021-12-26', '2022-03-26');
INSERT INTO inscription_officiel (id, officiel_id, equipe_id, saison_id, nb_officiel, date, date_fin) VALUES (56, 23, 43, 5, 1, '2021-10-13', '2022-01-13');
INSERT INTO inscription_officiel (id, officiel_id, equipe_id, saison_id, nb_officiel, date, date_fin) VALUES (57, 68, 85, 7, 1, '2022-02-03', '2022-05-03');
INSERT INTO inscription_officiel (id, officiel_id, equipe_id, saison_id, nb_officiel, date, date_fin) VALUES (58, 65, 7, 6, 5, '2022-11-09', '2023-02-09');
INSERT INTO inscription_officiel (id, officiel_id, equipe_id, saison_id, nb_officiel, date, date_fin) VALUES (59, 67, 73, 6, 1, '2020-10-19', '2021-01-19');
INSERT INTO inscription_officiel (id, officiel_id, equipe_id, saison_id, nb_officiel, date, date_fin) VALUES (60, 85, 36, 4, 3, '2022-02-04', '2022-05-04');
INSERT INTO inscription_officiel (id, officiel_id, equipe_id, saison_id, nb_officiel, date, date_fin) VALUES (61, 46, 51, 1, 2, '2022-04-03', '2022-07-03');
INSERT INTO inscription_officiel (id, officiel_id, equipe_id, saison_id, nb_officiel, date, date_fin) VALUES (62, 81, 84, 5, 2, '2022-05-10', '2022-08-10');
INSERT INTO inscription_officiel (id, officiel_id, equipe_id, saison_id, nb_officiel, date, date_fin) VALUES (63, 85, 2, 3, 4, '2021-04-14', '2021-07-14');
INSERT INTO inscription_officiel (id, officiel_id, equipe_id, saison_id, nb_officiel, date, date_fin) VALUES (64, 4, 89, 7, 5, '2020-08-02', '2020-11-02');
INSERT INTO inscription_officiel (id, officiel_id, equipe_id, saison_id, nb_officiel, date, date_fin) VALUES (65, 2, 48, 1, 1, '2022-04-20', '2022-07-20');
INSERT INTO inscription_officiel (id, officiel_id, equipe_id, saison_id, nb_officiel, date, date_fin) VALUES (66, 64, 67, 3, 1, '2021-02-24', '2021-05-24');
INSERT INTO inscription_officiel (id, officiel_id, equipe_id, saison_id, nb_officiel, date, date_fin) VALUES (67, 76, 21, 3, 5, '2020-03-06', '2020-06-06');
INSERT INTO inscription_officiel (id, officiel_id, equipe_id, saison_id, nb_officiel, date, date_fin) VALUES (68, 35, 48, 7, 3, '2022-04-16', '2022-07-16');
INSERT INTO inscription_officiel (id, officiel_id, equipe_id, saison_id, nb_officiel, date, date_fin) VALUES (69, 24, 99, 2, 4, '2020-12-29', '2021-03-29');
INSERT INTO inscription_officiel (id, officiel_id, equipe_id, saison_id, nb_officiel, date, date_fin) VALUES (70, 61, 10, 7, 3, '2020-07-26', '2020-10-26');
INSERT INTO inscription_officiel (id, officiel_id, equipe_id, saison_id, nb_officiel, date, date_fin) VALUES (71, 43, 48, 1, 3, '2020-02-10', '2020-05-10');
INSERT INTO inscription_officiel (id, officiel_id, equipe_id, saison_id, nb_officiel, date, date_fin) VALUES (72, 54, 11, 6, 2, '2021-12-19', '2022-03-19');
INSERT INTO inscription_officiel (id, officiel_id, equipe_id, saison_id, nb_officiel, date, date_fin) VALUES (73, 5, 2, 2, 2, '2020-11-15', '2021-02-15');
INSERT INTO inscription_officiel (id, officiel_id, equipe_id, saison_id, nb_officiel, date, date_fin) VALUES (74, 3, 35, 5, 5, '2022-07-27', '2022-10-27');
INSERT INTO inscription_officiel (id, officiel_id, equipe_id, saison_id, nb_officiel, date, date_fin) VALUES (75, 35, 62, 2, 4, '2021-06-01', '2021-09-01');
INSERT INTO inscription_officiel (id, officiel_id, equipe_id, saison_id, nb_officiel, date, date_fin) VALUES (76, 82, 87, 3, 1, '2020-06-18', '2020-09-18');
INSERT INTO inscription_officiel (id, officiel_id, equipe_id, saison_id, nb_officiel, date, date_fin) VALUES (77, 36, 10, 3, 2, '2020-12-13', '2021-03-13');
INSERT INTO inscription_officiel (id, officiel_id, equipe_id, saison_id, nb_officiel, date, date_fin) VALUES (78, 46, 24, 7, 2, '2020-03-10', '2020-06-10');
INSERT INTO inscription_officiel (id, officiel_id, equipe_id, saison_id, nb_officiel, date, date_fin) VALUES (79, 83, 19, 3, 2, '2022-02-07', '2022-05-07');
INSERT INTO inscription_officiel (id, officiel_id, equipe_id, saison_id, nb_officiel, date, date_fin) VALUES (80, 23, 43, 4, 4, '2021-06-16', '2021-09-16');
INSERT INTO inscription_officiel (id, officiel_id, equipe_id, saison_id, nb_officiel, date, date_fin) VALUES (81, 45, 84, 5, 1, '2020-11-03', '2021-02-03');
INSERT INTO inscription_officiel (id, officiel_id, equipe_id, saison_id, nb_officiel, date, date_fin) VALUES (82, 94, 56, 1, 2, '2021-10-01', '2022-01-01');
INSERT INTO inscription_officiel (id, officiel_id, equipe_id, saison_id, nb_officiel, date, date_fin) VALUES (83, 12, 62, 3, 5, '2022-06-09', '2022-09-09');
INSERT INTO inscription_officiel (id, officiel_id, equipe_id, saison_id, nb_officiel, date, date_fin) VALUES (84, 30, 97, 4, 4, '2022-08-21', '2022-11-21');
INSERT INTO inscription_officiel (id, officiel_id, equipe_id, saison_id, nb_officiel, date, date_fin) VALUES (85, 10, 70, 7, 4, '2021-04-20', '2021-07-20');
INSERT INTO inscription_officiel (id, officiel_id, equipe_id, saison_id, nb_officiel, date, date_fin) VALUES (86, 38, 17, 1, 4, '2022-02-26', '2022-05-26');
INSERT INTO inscription_officiel (id, officiel_id, equipe_id, saison_id, nb_officiel, date, date_fin) VALUES (87, 74, 8, 2, 4, '2020-12-30', '2021-03-30');
INSERT INTO inscription_officiel (id, officiel_id, equipe_id, saison_id, nb_officiel, date, date_fin) VALUES (88, 16, 99, 5, 2, '2022-10-30', '2023-01-30');
INSERT INTO inscription_officiel (id, officiel_id, equipe_id, saison_id, nb_officiel, date, date_fin) VALUES (89, 50, 9, 7, 3, '2023-01-01', '2023-04-01');
INSERT INTO inscription_officiel (id, officiel_id, equipe_id, saison_id, nb_officiel, date, date_fin) VALUES (90, 25, 95, 6, 4, '2021-07-07', '2021-10-07');
INSERT INTO inscription_officiel (id, officiel_id, equipe_id, saison_id, nb_officiel, date, date_fin) VALUES (91, 8, 9, 1, 1, '2020-01-23', '2020-04-23');
INSERT INTO inscription_officiel (id, officiel_id, equipe_id, saison_id, nb_officiel, date, date_fin) VALUES (92, 90, 79, 7, 5, '2022-04-28', '2022-07-28');
INSERT INTO inscription_officiel (id, officiel_id, equipe_id, saison_id, nb_officiel, date, date_fin) VALUES (93, 52, 50, 2, 2, '2020-06-07', '2020-09-07');
INSERT INTO inscription_officiel (id, officiel_id, equipe_id, saison_id, nb_officiel, date, date_fin) VALUES (94, 28, 71, 2, 3, '2020-02-20', '2020-05-20');
INSERT INTO inscription_officiel (id, officiel_id, equipe_id, saison_id, nb_officiel, date, date_fin) VALUES (95, 69, 53, 7, 3, '2022-06-01', '2022-09-01');
INSERT INTO inscription_officiel (id, officiel_id, equipe_id, saison_id, nb_officiel, date, date_fin) VALUES (96, 75, 100, 5, 4, '2021-08-10', '2021-11-10');
INSERT INTO inscription_officiel (id, officiel_id, equipe_id, saison_id, nb_officiel, date, date_fin) VALUES (97, 43, 80, 7, 2, '2021-11-06', '2022-02-06');
INSERT INTO inscription_officiel (id, officiel_id, equipe_id, saison_id, nb_officiel, date, date_fin) VALUES (98, 50, 5, 7, 1, '2022-10-28', '2023-01-28');
INSERT INTO inscription_officiel (id, officiel_id, equipe_id, saison_id, nb_officiel, date, date_fin) VALUES (99, 5, 28, 1, 4, '2020-08-31', '2020-11-30');
INSERT INTO inscription_officiel (id, officiel_id, equipe_id, saison_id, nb_officiel, date, date_fin) VALUES (100, 64, 48, 2, 3, '2022-06-10', '2022-09-10');
INSERT INTO inscription_officiel (id, officiel_id, equipe_id, saison_id, nb_officiel, date, date_fin) VALUES (101, 97, 33, 1, 4, '2020-04-07', '2020-07-07');
INSERT INTO inscription_officiel (id, officiel_id, equipe_id, saison_id, nb_officiel, date, date_fin) VALUES (102, 21, 59, 6, 3, '2022-04-24', '2022-07-24');
INSERT INTO inscription_officiel (id, officiel_id, equipe_id, saison_id, nb_officiel, date, date_fin) VALUES (103, 75, 52, 3, 4, '2020-01-10', '2020-04-10');
INSERT INTO inscription_officiel (id, officiel_id, equipe_id, saison_id, nb_officiel, date, date_fin) VALUES (104, 49, 18, 5, 5, '2020-12-11', '2021-03-11');
INSERT INTO inscription_officiel (id, officiel_id, equipe_id, saison_id, nb_officiel, date, date_fin) VALUES (105, 46, 65, 4, 5, '2022-02-11', '2022-05-11');
INSERT INTO inscription_officiel (id, officiel_id, equipe_id, saison_id, nb_officiel, date, date_fin) VALUES (106, 58, 63, 3, 4, '2020-10-14', '2021-01-14');
INSERT INTO inscription_officiel (id, officiel_id, equipe_id, saison_id, nb_officiel, date, date_fin) VALUES (107, 59, 72, 2, 3, '2020-02-03', '2020-05-03');
INSERT INTO inscription_officiel (id, officiel_id, equipe_id, saison_id, nb_officiel, date, date_fin) VALUES (108, 48, 30, 7, 5, '2021-10-27', '2022-01-27');
INSERT INTO inscription_officiel (id, officiel_id, equipe_id, saison_id, nb_officiel, date, date_fin) VALUES (109, 83, 67, 2, 5, '2022-08-02', '2022-11-02');
INSERT INTO inscription_officiel (id, officiel_id, equipe_id, saison_id, nb_officiel, date, date_fin) VALUES (110, 89, 89, 5, 4, '2022-03-01', '2022-06-01');
INSERT INTO inscription_officiel (id, officiel_id, equipe_id, saison_id, nb_officiel, date, date_fin) VALUES (111, 72, 47, 7, 4, '2022-04-02', '2022-07-02');
INSERT INTO inscription_officiel (id, officiel_id, equipe_id, saison_id, nb_officiel, date, date_fin) VALUES (112, 20, 65, 5, 1, '2022-09-06', '2022-12-06');
INSERT INTO inscription_officiel (id, officiel_id, equipe_id, saison_id, nb_officiel, date, date_fin) VALUES (113, 85, 23, 2, 2, '2021-08-22', '2021-11-22');
INSERT INTO inscription_officiel (id, officiel_id, equipe_id, saison_id, nb_officiel, date, date_fin) VALUES (114, 70, 99, 4, 3, '2020-02-24', '2020-05-24');
INSERT INTO inscription_officiel (id, officiel_id, equipe_id, saison_id, nb_officiel, date, date_fin) VALUES (115, 99, 9, 1, 3, '2022-04-11', '2022-07-11');
INSERT INTO inscription_officiel (id, officiel_id, equipe_id, saison_id, nb_officiel, date, date_fin) VALUES (116, 35, 65, 3, 4, '2022-02-04', '2022-05-04');
INSERT INTO inscription_officiel (id, officiel_id, equipe_id, saison_id, nb_officiel, date, date_fin) VALUES (117, 64, 32, 5, 2, '2022-06-25', '2022-09-25');
INSERT INTO inscription_officiel (id, officiel_id, equipe_id, saison_id, nb_officiel, date, date_fin) VALUES (118, 68, 94, 5, 3, '2021-11-22', '2022-02-22');
INSERT INTO inscription_officiel (id, officiel_id, equipe_id, saison_id, nb_officiel, date, date_fin) VALUES (119, 68, 27, 6, 3, '2021-11-18', '2022-02-18');
INSERT INTO inscription_officiel (id, officiel_id, equipe_id, saison_id, nb_officiel, date, date_fin) VALUES (120, 96, 55, 2, 1, '2022-06-16', '2022-09-16');
INSERT INTO inscription_officiel (id, officiel_id, equipe_id, saison_id, nb_officiel, date, date_fin) VALUES (121, 12, 51, 3, 2, '2021-08-08', '2021-11-08');
INSERT INTO inscription_officiel (id, officiel_id, equipe_id, saison_id, nb_officiel, date, date_fin) VALUES (122, 25, 67, 5, 2, '2020-02-22', '2020-05-22');
INSERT INTO inscription_officiel (id, officiel_id, equipe_id, saison_id, nb_officiel, date, date_fin) VALUES (123, 16, 3, 4, 3, '2022-07-21', '2022-10-21');
INSERT INTO inscription_officiel (id, officiel_id, equipe_id, saison_id, nb_officiel, date, date_fin) VALUES (124, 43, 2, 5, 3, '2021-08-14', '2021-11-14');
INSERT INTO inscription_officiel (id, officiel_id, equipe_id, saison_id, nb_officiel, date, date_fin) VALUES (125, 72, 74, 7, 5, '2021-05-24', '2021-08-24');
INSERT INTO inscription_officiel (id, officiel_id, equipe_id, saison_id, nb_officiel, date, date_fin) VALUES (126, 9, 81, 2, 5, '2022-09-07', '2022-12-07');
INSERT INTO inscription_officiel (id, officiel_id, equipe_id, saison_id, nb_officiel, date, date_fin) VALUES (127, 41, 63, 2, 5, '2021-11-26', '2022-02-26');
INSERT INTO inscription_officiel (id, officiel_id, equipe_id, saison_id, nb_officiel, date, date_fin) VALUES (128, 62, 61, 7, 3, '2021-12-05', '2022-03-05');
INSERT INTO inscription_officiel (id, officiel_id, equipe_id, saison_id, nb_officiel, date, date_fin) VALUES (129, 72, 98, 4, 1, '2020-06-19', '2020-09-19');
INSERT INTO inscription_officiel (id, officiel_id, equipe_id, saison_id, nb_officiel, date, date_fin) VALUES (130, 18, 78, 4, 3, '2020-02-13', '2020-05-13');
INSERT INTO inscription_officiel (id, officiel_id, equipe_id, saison_id, nb_officiel, date, date_fin) VALUES (131, 53, 78, 7, 4, '2020-11-28', '2021-02-28');
INSERT INTO inscription_officiel (id, officiel_id, equipe_id, saison_id, nb_officiel, date, date_fin) VALUES (132, 100, 49, 5, 5, '2022-12-10', '2023-03-10');
INSERT INTO inscription_officiel (id, officiel_id, equipe_id, saison_id, nb_officiel, date, date_fin) VALUES (133, 70, 38, 3, 1, '2021-11-25', '2022-02-25');
INSERT INTO inscription_officiel (id, officiel_id, equipe_id, saison_id, nb_officiel, date, date_fin) VALUES (134, 2, 23, 6, 3, '2021-11-29', '2022-02-29');
INSERT INTO inscription_officiel (id, officiel_id, equipe_id, saison_id, nb_officiel, date, date_fin) VALUES (135, 74, 93, 5, 3, '2020-01-27', '2020-04-27');
INSERT INTO inscription_officiel (id, officiel_id, equipe_id, saison_id, nb_officiel, date, date_fin) VALUES (136, 60, 49, 3, 3, '2020-01-11', '2020-04-11');
INSERT INTO inscription_officiel (id, officiel_id, equipe_id, saison_id, nb_officiel, date, date_fin) VALUES (137, 41, 20, 3, 5, '2020-01-12', '2020-04-12');
INSERT INTO inscription_officiel (id, officiel_id, equipe_id, saison_id, nb_officiel, date, date_fin) VALUES (138, 88, 91, 6, 2, '2022-02-03', '2022-05-03');
INSERT INTO inscription_officiel (id, officiel_id, equipe_id, saison_id, nb_officiel, date, date_fin) VALUES (139, 16, 18, 2, 2, '2021-03-31', '2021-06-30');
INSERT INTO inscription_officiel (id, officiel_id, equipe_id, saison_id, nb_officiel, date, date_fin) VALUES (140, 40, 71, 1, 4, '2021-09-24', '2021-12-24');
INSERT INTO inscription_officiel (id, officiel_id, equipe_id, saison_id, nb_officiel, date, date_fin) VALUES (141, 77, 8, 6, 1, '2020-02-10', '2020-05-10');
INSERT INTO inscription_officiel (id, officiel_id, equipe_id, saison_id, nb_officiel, date, date_fin) VALUES (142, 98, 24, 6, 2, '2021-02-11', '2021-05-11');
INSERT INTO inscription_officiel (id, officiel_id, equipe_id, saison_id, nb_officiel, date, date_fin) VALUES (143, 64, 55, 4, 3, '2020-11-21', '2021-02-21');
INSERT INTO inscription_officiel (id, officiel_id, equipe_id, saison_id, nb_officiel, date, date_fin) VALUES (144, 66, 98, 1, 1, '2022-07-03', '2022-10-03');
INSERT INTO inscription_officiel (id, officiel_id, equipe_id, saison_id, nb_officiel, date, date_fin) VALUES (145, 57, 17, 2, 3, '2021-03-24', '2021-06-24');
INSERT INTO inscription_officiel (id, officiel_id, equipe_id, saison_id, nb_officiel, date, date_fin) VALUES (146, 96, 98, 6, 2, '2022-08-04', '2022-11-04');
INSERT INTO inscription_officiel (id, officiel_id, equipe_id, saison_id, nb_officiel, date, date_fin) VALUES (147, 60, 39, 3, 3, '2022-09-14', '2022-12-14');
INSERT INTO inscription_officiel (id, officiel_id, equipe_id, saison_id, nb_officiel, date, date_fin) VALUES (148, 12, 24, 3, 2, '2020-12-14', '2021-03-14');
INSERT INTO inscription_officiel (id, officiel_id, equipe_id, saison_id, nb_officiel, date, date_fin) VALUES (149, 50, 84, 2, 5, '2020-11-22', '2021-02-22');
INSERT INTO inscription_officiel (id, officiel_id, equipe_id, saison_id, nb_officiel, date, date_fin) VALUES (150, 84, 3, 1, 2, '2022-04-28', '2022-07-28');
INSERT INTO inscription_officiel (id, officiel_id, equipe_id, saison_id, nb_officiel, date, date_fin) VALUES (151, 34, 92, 7, 1, '2022-07-17', '2022-10-17');
INSERT INTO inscription_officiel (id, officiel_id, equipe_id, saison_id, nb_officiel, date, date_fin) VALUES (152, 18, 10, 7, 3, '2022-02-20', '2022-05-20');
INSERT INTO inscription_officiel (id, officiel_id, equipe_id, saison_id, nb_officiel, date, date_fin) VALUES (153, 27, 68, 4, 1, '2021-10-16', '2022-01-16');
INSERT INTO inscription_officiel (id, officiel_id, equipe_id, saison_id, nb_officiel, date, date_fin) VALUES (154, 21, 84, 6, 1, '2021-08-30', '2021-11-30');
INSERT INTO inscription_officiel (id, officiel_id, equipe_id, saison_id, nb_officiel, date, date_fin) VALUES (155, 28, 12, 1, 1, '2022-01-19', '2022-04-19');
INSERT INTO inscription_officiel (id, officiel_id, equipe_id, saison_id, nb_officiel, date, date_fin) VALUES (156, 51, 70, 5, 5, '2020-10-04', '2021-01-04');
INSERT INTO inscription_officiel (id, officiel_id, equipe_id, saison_id, nb_officiel, date, date_fin) VALUES (157, 82, 56, 2, 5, '2020-05-23', '2020-08-23');
INSERT INTO inscription_officiel (id, officiel_id, equipe_id, saison_id, nb_officiel, date, date_fin) VALUES (158, 76, 7, 4, 2, '2020-07-24', '2020-10-24');
INSERT INTO inscription_officiel (id, officiel_id, equipe_id, saison_id, nb_officiel, date, date_fin) VALUES (159, 97, 88, 6, 4, '2021-01-31', '2021-04-30');
INSERT INTO inscription_officiel (id, officiel_id, equipe_id, saison_id, nb_officiel, date, date_fin) VALUES (160, 20, 26, 5, 5, '2021-03-28', '2021-06-28');
INSERT INTO inscription_officiel (id, officiel_id, equipe_id, saison_id, nb_officiel, date, date_fin) VALUES (161, 93, 30, 3, 2, '2022-05-01', '2022-08-01');
INSERT INTO inscription_officiel (id, officiel_id, equipe_id, saison_id, nb_officiel, date, date_fin) VALUES (162, 2, 82, 4, 5, '2020-10-18', '2021-01-18');
INSERT INTO inscription_officiel (id, officiel_id, equipe_id, saison_id, nb_officiel, date, date_fin) VALUES (163, 5, 87, 4, 1, '2021-01-20', '2021-04-20');
INSERT INTO inscription_officiel (id, officiel_id, equipe_id, saison_id, nb_officiel, date, date_fin) VALUES (164, 77, 66, 1, 4, '2022-11-25', '2023-02-25');
INSERT INTO inscription_officiel (id, officiel_id, equipe_id, saison_id, nb_officiel, date, date_fin) VALUES (165, 52, 51, 6, 1, '2020-06-02', '2020-09-02');
INSERT INTO inscription_officiel (id, officiel_id, equipe_id, saison_id, nb_officiel, date, date_fin) VALUES (166, 99, 64, 4, 1, '2022-01-10', '2022-04-10');
INSERT INTO inscription_officiel (id, officiel_id, equipe_id, saison_id, nb_officiel, date, date_fin) VALUES (167, 98, 89, 1, 4, '2022-10-28', '2023-01-28');
INSERT INTO inscription_officiel (id, officiel_id, equipe_id, saison_id, nb_officiel, date, date_fin) VALUES (168, 74, 44, 6, 1, '2022-04-05', '2022-07-05');
INSERT INTO inscription_officiel (id, officiel_id, equipe_id, saison_id, nb_officiel, date, date_fin) VALUES (169, 52, 93, 3, 5, '2020-01-18', '2020-04-18');
INSERT INTO inscription_officiel (id, officiel_id, equipe_id, saison_id, nb_officiel, date, date_fin) VALUES (170, 28, 4, 2, 5, '2020-01-26', '2020-04-26');
INSERT INTO inscription_officiel (id, officiel_id, equipe_id, saison_id, nb_officiel, date, date_fin) VALUES (171, 45, 83, 3, 4, '2021-04-17', '2021-07-17');
INSERT INTO inscription_officiel (id, officiel_id, equipe_id, saison_id, nb_officiel, date, date_fin) VALUES (172, 27, 17, 5, 1, '2022-12-03', '2023-03-03');
INSERT INTO inscription_officiel (id, officiel_id, equipe_id, saison_id, nb_officiel, date, date_fin) VALUES (173, 23, 97, 6, 5, '2020-12-30', '2021-03-30');
INSERT INTO inscription_officiel (id, officiel_id, equipe_id, saison_id, nb_officiel, date, date_fin) VALUES (174, 91, 20, 5, 4, '2021-09-11', '2021-12-11');
INSERT INTO inscription_officiel (id, officiel_id, equipe_id, saison_id, nb_officiel, date, date_fin) VALUES (175, 85, 38, 1, 2, '2020-11-04', '2021-02-04');
INSERT INTO inscription_officiel (id, officiel_id, equipe_id, saison_id, nb_officiel, date, date_fin) VALUES (176, 88, 84, 2, 2, '2021-09-30', '2021-12-30');
INSERT INTO inscription_officiel (id, officiel_id, equipe_id, saison_id, nb_officiel, date, date_fin) VALUES (177, 4, 29, 4, 2, '2020-09-25', '2020-12-25');
INSERT INTO inscription_officiel (id, officiel_id, equipe_id, saison_id, nb_officiel, date, date_fin) VALUES (178, 86, 47, 5, 1, '2021-06-16', '2021-09-16');
INSERT INTO inscription_officiel (id, officiel_id, equipe_id, saison_id, nb_officiel, date, date_fin) VALUES (179, 50, 7, 3, 1, '2021-01-23', '2021-04-23');
INSERT INTO inscription_officiel (id, officiel_id, equipe_id, saison_id, nb_officiel, date, date_fin) VALUES (180, 29, 73, 2, 4, '2022-03-28', '2022-06-28');
INSERT INTO inscription_officiel (id, officiel_id, equipe_id, saison_id, nb_officiel, date, date_fin) VALUES (181, 5, 37, 1, 4, '2020-11-14', '2021-02-14');
INSERT INTO inscription_officiel (id, officiel_id, equipe_id, saison_id, nb_officiel, date, date_fin) VALUES (182, 45, 9, 6, 1, '2021-02-15', '2021-05-15');
INSERT INTO inscription_officiel (id, officiel_id, equipe_id, saison_id, nb_officiel, date, date_fin) VALUES (183, 96, 94, 1, 3, '2021-07-03', '2021-10-03');
INSERT INTO inscription_officiel (id, officiel_id, equipe_id, saison_id, nb_officiel, date, date_fin) VALUES (184, 37, 63, 7, 5, '2020-05-18', '2020-08-18');
INSERT INTO inscription_officiel (id, officiel_id, equipe_id, saison_id, nb_officiel, date, date_fin) VALUES (185, 12, 96, 1, 3, '2022-12-22', '2023-03-22');
INSERT INTO inscription_officiel (id, officiel_id, equipe_id, saison_id, nb_officiel, date, date_fin) VALUES (186, 35, 65, 4, 3, '2021-07-17', '2021-10-17');
INSERT INTO inscription_officiel (id, officiel_id, equipe_id, saison_id, nb_officiel, date, date_fin) VALUES (187, 1, 40, 5, 5, '2021-11-27', '2022-02-27');
INSERT INTO inscription_officiel (id, officiel_id, equipe_id, saison_id, nb_officiel, date, date_fin) VALUES (188, 92, 86, 4, 1, '2020-03-29', '2020-06-29');
INSERT INTO inscription_officiel (id, officiel_id, equipe_id, saison_id, nb_officiel, date, date_fin) VALUES (189, 94, 20, 2, 4, '2021-09-27', '2021-12-27');
INSERT INTO inscription_officiel (id, officiel_id, equipe_id, saison_id, nb_officiel, date, date_fin) VALUES (190, 60, 29, 1, 2, '2022-04-08', '2022-07-08');
INSERT INTO inscription_officiel (id, officiel_id, equipe_id, saison_id, nb_officiel, date, date_fin) VALUES (191, 75, 99, 1, 5, '2020-01-25', '2020-04-25');
INSERT INTO inscription_officiel (id, officiel_id, equipe_id, saison_id, nb_officiel, date, date_fin) VALUES (192, 37, 52, 5, 4, '2021-08-20', '2021-11-20');
INSERT INTO inscription_officiel (id, officiel_id, equipe_id, saison_id, nb_officiel, date, date_fin) VALUES (193, 83, 38, 6, 4, '2021-08-26', '2021-11-26');
INSERT INTO inscription_officiel (id, officiel_id, equipe_id, saison_id, nb_officiel, date, date_fin) VALUES (194, 68, 44, 5, 3, '2020-05-29', '2020-08-29');
INSERT INTO inscription_officiel (id, officiel_id, equipe_id, saison_id, nb_officiel, date, date_fin) VALUES (195, 95, 3, 4, 4, '2020-08-03', '2020-11-03');
INSERT INTO inscription_officiel (id, officiel_id, equipe_id, saison_id, nb_officiel, date, date_fin) VALUES (196, 94, 65, 3, 2, '2022-04-09', '2022-07-09');
INSERT INTO inscription_officiel (id, officiel_id, equipe_id, saison_id, nb_officiel, date, date_fin) VALUES (197, 62, 84, 2, 4, '2022-06-16', '2022-09-16');
INSERT INTO inscription_officiel (id, officiel_id, equipe_id, saison_id, nb_officiel, date, date_fin) VALUES (198, 7, 59, 3, 5, '2022-02-13', '2022-05-13');
INSERT INTO inscription_officiel (id, officiel_id, equipe_id, saison_id, nb_officiel, date, date_fin) VALUES (199, 7, 79, 6, 5, '2021-04-15', '2021-07-15');
INSERT INTO inscription_officiel (id, officiel_id, equipe_id, saison_id, nb_officiel, date, date_fin) VALUES (200, 55, 72, 5, 5, '2021-04-08', '2021-07-08');
INSERT INTO inscription_officiel (id, officiel_id, equipe_id, saison_id, nb_officiel, date, date_fin) VALUES (201, 49, 84, 7, 5, '2022-05-09', '2022-08-09');
INSERT INTO inscription_officiel (id, officiel_id, equipe_id, saison_id, nb_officiel, date, date_fin) VALUES (202, 71, 50, 4, 3, '2020-04-17', '2020-07-17');
INSERT INTO inscription_officiel (id, officiel_id, equipe_id, saison_id, nb_officiel, date, date_fin) VALUES (203, 72, 65, 6, 5, '2020-08-28', '2020-11-28');
INSERT INTO inscription_officiel (id, officiel_id, equipe_id, saison_id, nb_officiel, date, date_fin) VALUES (204, 85, 85, 7, 1, '2020-12-23', '2021-03-23');
INSERT INTO inscription_officiel (id, officiel_id, equipe_id, saison_id, nb_officiel, date, date_fin) VALUES (205, 25, 94, 2, 2, '2021-01-17', '2021-04-17');
INSERT INTO inscription_officiel (id, officiel_id, equipe_id, saison_id, nb_officiel, date, date_fin) VALUES (206, 65, 94, 6, 1, '2021-12-15', '2022-03-15');
INSERT INTO inscription_officiel (id, officiel_id, equipe_id, saison_id, nb_officiel, date, date_fin) VALUES (207, 11, 9, 6, 2, '2020-06-12', '2020-09-12');
INSERT INTO inscription_officiel (id, officiel_id, equipe_id, saison_id, nb_officiel, date, date_fin) VALUES (208, 73, 50, 7, 5, '2020-06-13', '2020-09-13');
INSERT INTO inscription_officiel (id, officiel_id, equipe_id, saison_id, nb_officiel, date, date_fin) VALUES (209, 64, 10, 3, 4, '2020-09-07', '2020-12-07');
INSERT INTO inscription_officiel (id, officiel_id, equipe_id, saison_id, nb_officiel, date, date_fin) VALUES (210, 83, 33, 4, 5, '2020-09-06', '2020-12-06');
INSERT INTO inscription_officiel (id, officiel_id, equipe_id, saison_id, nb_officiel, date, date_fin) VALUES (211, 91, 21, 1, 1, '2022-10-19', '2023-01-19');
INSERT INTO inscription_officiel (id, officiel_id, equipe_id, saison_id, nb_officiel, date, date_fin) VALUES (212, 87, 29, 1, 2, '2022-12-09', '2023-03-09');
INSERT INTO inscription_officiel (id, officiel_id, equipe_id, saison_id, nb_officiel, date, date_fin) VALUES (213, 23, 54, 2, 3, '2022-06-01', '2022-09-01');
INSERT INTO inscription_officiel (id, officiel_id, equipe_id, saison_id, nb_officiel, date, date_fin) VALUES (214, 25, 13, 4, 1, '2021-03-24', '2021-06-24');
INSERT INTO inscription_officiel (id, officiel_id, equipe_id, saison_id, nb_officiel, date, date_fin) VALUES (215, 70, 35, 6, 2, '2021-03-23', '2021-06-23');
INSERT INTO inscription_officiel (id, officiel_id, equipe_id, saison_id, nb_officiel, date, date_fin) VALUES (216, 28, 17, 5, 3, '2022-05-22', '2022-08-22');
INSERT INTO inscription_officiel (id, officiel_id, equipe_id, saison_id, nb_officiel, date, date_fin) VALUES (217, 28, 38, 3, 3, '2021-03-02', '2021-06-02');
INSERT INTO inscription_officiel (id, officiel_id, equipe_id, saison_id, nb_officiel, date, date_fin) VALUES (218, 46, 78, 2, 5, '2022-08-20', '2022-11-20');
INSERT INTO inscription_officiel (id, officiel_id, equipe_id, saison_id, nb_officiel, date, date_fin) VALUES (219, 65, 68, 6, 1, '2020-07-22', '2020-10-22');
INSERT INTO inscription_officiel (id, officiel_id, equipe_id, saison_id, nb_officiel, date, date_fin) VALUES (220, 75, 92, 3, 3, '2022-05-04', '2022-08-04');
INSERT INTO inscription_officiel (id, officiel_id, equipe_id, saison_id, nb_officiel, date, date_fin) VALUES (221, 24, 16, 5, 4, '2020-12-23', '2021-03-23');
INSERT INTO inscription_officiel (id, officiel_id, equipe_id, saison_id, nb_officiel, date, date_fin) VALUES (222, 66, 34, 2, 2, '2020-04-12', '2020-07-12');
INSERT INTO inscription_officiel (id, officiel_id, equipe_id, saison_id, nb_officiel, date, date_fin) VALUES (223, 5, 76, 6, 3, '2022-11-16', '2023-02-16');
INSERT INTO inscription_officiel (id, officiel_id, equipe_id, saison_id, nb_officiel, date, date_fin) VALUES (224, 92, 80, 3, 1, '2022-09-18', '2022-12-18');
INSERT INTO inscription_officiel (id, officiel_id, equipe_id, saison_id, nb_officiel, date, date_fin) VALUES (225, 83, 86, 7, 4, '2022-02-15', '2022-05-15');
INSERT INTO inscription_officiel (id, officiel_id, equipe_id, saison_id, nb_officiel, date, date_fin) VALUES (226, 12, 80, 1, 3, '2022-12-29', '2023-03-29');
INSERT INTO inscription_officiel (id, officiel_id, equipe_id, saison_id, nb_officiel, date, date_fin) VALUES (227, 23, 92, 6, 4, '2021-06-12', '2021-09-12');
INSERT INTO inscription_officiel (id, officiel_id, equipe_id, saison_id, nb_officiel, date, date_fin) VALUES (228, 12, 6, 3, 4, '2021-05-11', '2021-08-11');
INSERT INTO inscription_officiel (id, officiel_id, equipe_id, saison_id, nb_officiel, date, date_fin) VALUES (229, 98, 19, 3, 4, '2021-08-31', '2021-11-31');
INSERT INTO inscription_officiel (id, officiel_id, equipe_id, saison_id, nb_officiel, date, date_fin) VALUES (230, 18, 66, 5, 3, '2021-03-28', '2021-06-28');
INSERT INTO inscription_officiel (id, officiel_id, equipe_id, saison_id, nb_officiel, date, date_fin) VALUES (231, 8, 81, 7, 4, '2021-06-29', '2021-09-29');
INSERT INTO inscription_officiel (id, officiel_id, equipe_id, saison_id, nb_officiel, date, date_fin) VALUES (232, 22, 6, 7, 2, '2021-12-15', '2022-03-15');
INSERT INTO inscription_officiel (id, officiel_id, equipe_id, saison_id, nb_officiel, date, date_fin) VALUES (233, 11, 14, 6, 1, '2022-08-16', '2022-11-16');
INSERT INTO inscription_officiel (id, officiel_id, equipe_id, saison_id, nb_officiel, date, date_fin) VALUES (234, 36, 13, 4, 3, '2021-02-13', '2021-05-13');
INSERT INTO inscription_officiel (id, officiel_id, equipe_id, saison_id, nb_officiel, date, date_fin) VALUES (235, 38, 61, 3, 1, '2020-02-02', '2020-05-02');
INSERT INTO inscription_officiel (id, officiel_id, equipe_id, saison_id, nb_officiel, date, date_fin) VALUES (236, 14, 99, 2, 2, '2020-02-26', '2020-05-26');
INSERT INTO inscription_officiel (id, officiel_id, equipe_id, saison_id, nb_officiel, date, date_fin) VALUES (237, 26, 68, 1, 3, '2022-02-10', '2022-05-10');
INSERT INTO inscription_officiel (id, officiel_id, equipe_id, saison_id, nb_officiel, date, date_fin) VALUES (238, 67, 84, 5, 2, '2021-03-23', '2021-06-23');
INSERT INTO inscription_officiel (id, officiel_id, equipe_id, saison_id, nb_officiel, date, date_fin) VALUES (239, 96, 44, 5, 3, '2020-04-19', '2020-07-19');
INSERT INTO inscription_officiel (id, officiel_id, equipe_id, saison_id, nb_officiel, date, date_fin) VALUES (240, 94, 61, 5, 1, '2020-09-25', '2020-12-25');
INSERT INTO inscription_officiel (id, officiel_id, equipe_id, saison_id, nb_officiel, date, date_fin) VALUES (241, 6, 92, 5, 4, '2020-05-01', '2020-08-01');
INSERT INTO inscription_officiel (id, officiel_id, equipe_id, saison_id, nb_officiel, date, date_fin) VALUES (242, 26, 58, 6, 2, '2022-05-04', '2022-08-04');
INSERT INTO inscription_officiel (id, officiel_id, equipe_id, saison_id, nb_officiel, date, date_fin) VALUES (243, 81, 72, 5, 3, '2020-03-21', '2020-06-21');
INSERT INTO inscription_officiel (id, officiel_id, equipe_id, saison_id, nb_officiel, date, date_fin) VALUES (244, 41, 67, 7, 5, '2022-02-11', '2022-05-11');
INSERT INTO inscription_officiel (id, officiel_id, equipe_id, saison_id, nb_officiel, date, date_fin) VALUES (245, 69, 52, 4, 1, '2022-12-24', '2023-03-24');
INSERT INTO inscription_officiel (id, officiel_id, equipe_id, saison_id, nb_officiel, date, date_fin) VALUES (246, 41, 30, 6, 4, '2020-05-24', '2020-08-24');
INSERT INTO inscription_officiel (id, officiel_id, equipe_id, saison_id, nb_officiel, date, date_fin) VALUES (247, 7, 5, 6, 1, '2022-09-18', '2022-12-18');
INSERT INTO inscription_officiel (id, officiel_id, equipe_id, saison_id, nb_officiel, date, date_fin) VALUES (248, 25, 88, 6, 3, '2022-03-01', '2022-06-01');
INSERT INTO inscription_officiel (id, officiel_id, equipe_id, saison_id, nb_officiel, date, date_fin) VALUES (249, 75, 53, 5, 3, '2020-04-13', '2020-07-13');
INSERT INTO inscription_officiel (id, officiel_id, equipe_id, saison_id, nb_officiel, date, date_fin) VALUES (250, 32, 55, 1, 3, '2020-11-02', '2021-02-02');
INSERT INTO inscription_officiel (id, officiel_id, equipe_id, saison_id, nb_officiel, date, date_fin) VALUES (251, 54, 12, 4, 1, '2021-09-08', '2021-12-08');
INSERT INTO inscription_officiel (id, officiel_id, equipe_id, saison_id, nb_officiel, date, date_fin) VALUES (252, 64, 70, 2, 5, '2022-12-02', '2023-03-02');
INSERT INTO inscription_officiel (id, officiel_id, equipe_id, saison_id, nb_officiel, date, date_fin) VALUES (253, 90, 3, 3, 4, '2020-05-27', '2020-08-27');
INSERT INTO inscription_officiel (id, officiel_id, equipe_id, saison_id, nb_officiel, date, date_fin) VALUES (254, 73, 32, 3, 3, '2021-06-02', '2021-09-02');
INSERT INTO inscription_officiel (id, officiel_id, equipe_id, saison_id, nb_officiel, date, date_fin) VALUES (255, 94, 9, 2, 5, '2022-08-09', '2022-11-09');
INSERT INTO inscription_officiel (id, officiel_id, equipe_id, saison_id, nb_officiel, date, date_fin) VALUES (256, 13, 93, 2, 4, '2021-10-21', '2022-01-21');
INSERT INTO inscription_officiel (id, officiel_id, equipe_id, saison_id, nb_officiel, date, date_fin) VALUES (257, 98, 16, 6, 3, '2022-11-28', '2023-02-28');
INSERT INTO inscription_officiel (id, officiel_id, equipe_id, saison_id, nb_officiel, date, date_fin) VALUES (258, 34, 8, 7, 5, '2020-06-04', '2020-09-04');
INSERT INTO inscription_officiel (id, officiel_id, equipe_id, saison_id, nb_officiel, date, date_fin) VALUES (259, 54, 76, 7, 1, '2022-01-23', '2022-04-23');
INSERT INTO inscription_officiel (id, officiel_id, equipe_id, saison_id, nb_officiel, date, date_fin) VALUES (260, 87, 73, 6, 2, '2022-01-16', '2022-04-16');
INSERT INTO inscription_officiel (id, officiel_id, equipe_id, saison_id, nb_officiel, date, date_fin) VALUES (261, 44, 18, 3, 1, '2021-04-27', '2021-07-27');
INSERT INTO inscription_officiel (id, officiel_id, equipe_id, saison_id, nb_officiel, date, date_fin) VALUES (262, 17, 56, 7, 5, '2021-08-02', '2021-11-02');
INSERT INTO inscription_officiel (id, officiel_id, equipe_id, saison_id, nb_officiel, date, date_fin) VALUES (263, 69, 55, 5, 1, '2022-11-28', '2023-02-28');
INSERT INTO inscription_officiel (id, officiel_id, equipe_id, saison_id, nb_officiel, date, date_fin) VALUES (264, 95, 59, 2, 1, '2020-05-01', '2020-08-01');
INSERT INTO inscription_officiel (id, officiel_id, equipe_id, saison_id, nb_officiel, date, date_fin) VALUES (265, 88, 30, 2, 5, '2020-05-19', '2020-08-19');
INSERT INTO inscription_officiel (id, officiel_id, equipe_id, saison_id, nb_officiel, date, date_fin) VALUES (266, 40, 84, 7, 2, '2020-11-21', '2021-02-21');
INSERT INTO inscription_officiel (id, officiel_id, equipe_id, saison_id, nb_officiel, date, date_fin) VALUES (267, 76, 76, 4, 5, '2021-10-06', '2022-01-06');
INSERT INTO inscription_officiel (id, officiel_id, equipe_id, saison_id, nb_officiel, date, date_fin) VALUES (268, 43, 76, 2, 5, '2022-02-15', '2022-05-15');
INSERT INTO inscription_officiel (id, officiel_id, equipe_id, saison_id, nb_officiel, date, date_fin) VALUES (269, 94, 67, 7, 3, '2020-07-29', '2020-10-29');
INSERT INTO inscription_officiel (id, officiel_id, equipe_id, saison_id, nb_officiel, date, date_fin) VALUES (270, 82, 55, 4, 5, '2021-07-14', '2021-10-14');
INSERT INTO inscription_officiel (id, officiel_id, equipe_id, saison_id, nb_officiel, date, date_fin) VALUES (271, 100, 82, 3, 5, '2020-04-24', '2020-07-24');
INSERT INTO inscription_officiel (id, officiel_id, equipe_id, saison_id, nb_officiel, date, date_fin) VALUES (272, 11, 82, 2, 1, '2022-05-08', '2022-08-08');
INSERT INTO inscription_officiel (id, officiel_id, equipe_id, saison_id, nb_officiel, date, date_fin) VALUES (273, 93, 62, 4, 3, '2021-04-04', '2021-07-04');
INSERT INTO inscription_officiel (id, officiel_id, equipe_id, saison_id, nb_officiel, date, date_fin) VALUES (274, 38, 39, 1, 2, '2022-12-14', '2023-03-14');
INSERT INTO inscription_officiel (id, officiel_id, equipe_id, saison_id, nb_officiel, date, date_fin) VALUES (275, 91, 2, 3, 2, '2021-10-11', '2022-01-11');
INSERT INTO inscription_officiel (id, officiel_id, equipe_id, saison_id, nb_officiel, date, date_fin) VALUES (276, 86, 50, 7, 1, '2022-06-19', '2022-09-19');
INSERT INTO inscription_officiel (id, officiel_id, equipe_id, saison_id, nb_officiel, date, date_fin) VALUES (277, 47, 61, 4, 3, '2020-01-28', '2020-04-28');
INSERT INTO inscription_officiel (id, officiel_id, equipe_id, saison_id, nb_officiel, date, date_fin) VALUES (278, 53, 48, 6, 1, '2020-07-29', '2020-10-29');
INSERT INTO inscription_officiel (id, officiel_id, equipe_id, saison_id, nb_officiel, date, date_fin) VALUES (279, 73, 33, 5, 3, '2022-01-22', '2022-04-22');
INSERT INTO inscription_officiel (id, officiel_id, equipe_id, saison_id, nb_officiel, date, date_fin) VALUES (280, 13, 31, 6, 4, '2021-01-21', '2021-04-21');
INSERT INTO inscription_officiel (id, officiel_id, equipe_id, saison_id, nb_officiel, date, date_fin) VALUES (281, 55, 39, 5, 2, '2020-03-03', '2020-06-03');
INSERT INTO inscription_officiel (id, officiel_id, equipe_id, saison_id, nb_officiel, date, date_fin) VALUES (282, 41, 5, 6, 2, '2021-01-04', '2021-04-04');
INSERT INTO inscription_officiel (id, officiel_id, equipe_id, saison_id, nb_officiel, date, date_fin) VALUES (283, 56, 67, 3, 4, '2022-11-19', '2023-02-19');
INSERT INTO inscription_officiel (id, officiel_id, equipe_id, saison_id, nb_officiel, date, date_fin) VALUES (284, 63, 7, 4, 5, '2020-10-06', '2021-01-06');
INSERT INTO inscription_officiel (id, officiel_id, equipe_id, saison_id, nb_officiel, date, date_fin) VALUES (285, 6, 44, 3, 1, '2022-12-22', '2023-03-22');
INSERT INTO inscription_officiel (id, officiel_id, equipe_id, saison_id, nb_officiel, date, date_fin) VALUES (286, 98, 68, 4, 3, '2021-12-14', '2022-03-14');
INSERT INTO inscription_officiel (id, officiel_id, equipe_id, saison_id, nb_officiel, date, date_fin) VALUES (287, 38, 70, 4, 5, '2021-08-25', '2021-11-25');
INSERT INTO inscription_officiel (id, officiel_id, equipe_id, saison_id, nb_officiel, date, date_fin) VALUES (288, 76, 17, 2, 2, '2021-08-26', '2021-11-26');
INSERT INTO inscription_officiel (id, officiel_id, equipe_id, saison_id, nb_officiel, date, date_fin) VALUES (289, 36, 10, 7, 4, '2022-10-21', '2023-01-21');
INSERT INTO inscription_officiel (id, officiel_id, equipe_id, saison_id, nb_officiel, date, date_fin) VALUES (290, 93, 12, 3, 3, '2021-11-17', '2022-02-17');
INSERT INTO inscription_officiel (id, officiel_id, equipe_id, saison_id, nb_officiel, date, date_fin) VALUES (291, 56, 96, 5, 3, '2021-04-30', '2021-07-30');
INSERT INTO inscription_officiel (id, officiel_id, equipe_id, saison_id, nb_officiel, date, date_fin) VALUES (292, 5, 94, 5, 5, '2020-10-14', '2021-01-14');
INSERT INTO inscription_officiel (id, officiel_id, equipe_id, saison_id, nb_officiel, date, date_fin) VALUES (293, 20, 41, 6, 3, '2020-07-06', '2020-10-06');
INSERT INTO inscription_officiel (id, officiel_id, equipe_id, saison_id, nb_officiel, date, date_fin) VALUES (294, 67, 63, 1, 1, '2020-06-20', '2020-09-20');
INSERT INTO inscription_officiel (id, officiel_id, equipe_id, saison_id, nb_officiel, date, date_fin) VALUES (295, 84, 1, 5, 2, '2021-12-27', '2022-03-27');
INSERT INTO inscription_officiel (id, officiel_id, equipe_id, saison_id, nb_officiel, date, date_fin) VALUES (296, 33, 13, 1, 5, '2022-05-27', '2022-08-27');
INSERT INTO inscription_officiel (id, officiel_id, equipe_id, saison_id, nb_officiel, date, date_fin) VALUES (297, 44, 15, 7, 2, '2020-05-27', '2020-08-27');
INSERT INTO inscription_officiel (id, officiel_id, equipe_id, saison_id, nb_officiel, date, date_fin) VALUES (298, 45, 54, 1, 5, '2022-08-14', '2022-11-14');
INSERT INTO inscription_officiel (id, officiel_id, equipe_id, saison_id, nb_officiel, date, date_fin) VALUES (299, 95, 14, 7, 4, '2021-10-01', '2022-01-01');
INSERT INTO inscription_officiel (id, officiel_id, equipe_id, saison_id, nb_officiel, date, date_fin) VALUES (300, 41, 26, 5, 5, '2021-07-11', '2021-10-11');


-- Data for match_arbitre
INSERT INTO match_arbitre (id, match_id, arbitre_id) VALUES (1, 37, 10);
INSERT INTO match_arbitre (id, match_id, arbitre_id) VALUES (2, 125, 7);
INSERT INTO match_arbitre (id, match_id, arbitre_id) VALUES (3, 267, 58);
INSERT INTO match_arbitre (id, match_id, arbitre_id) VALUES (4, 192, 19);
INSERT INTO match_arbitre (id, match_id, arbitre_id) VALUES (5, 14, 97);
INSERT INTO match_arbitre (id, match_id, arbitre_id) VALUES (6, 170, 74);
INSERT INTO match_arbitre (id, match_id, arbitre_id) VALUES (7, 243, 75);
INSERT INTO match_arbitre (id, match_id, arbitre_id) VALUES (8, 275, 45);
INSERT INTO match_arbitre (id, match_id, arbitre_id) VALUES (9, 24, 73);
INSERT INTO match_arbitre (id, match_id, arbitre_id) VALUES (10, 101, 56);
INSERT INTO match_arbitre (id, match_id, arbitre_id) VALUES (11, 125, 7);
INSERT INTO match_arbitre (id, match_id, arbitre_id) VALUES (12, 156, 51);
INSERT INTO match_arbitre (id, match_id, arbitre_id) VALUES (13, 66, 70);
INSERT INTO match_arbitre (id, match_id, arbitre_id) VALUES (14, 130, 66);
INSERT INTO match_arbitre (id, match_id, arbitre_id) VALUES (15, 216, 48);
INSERT INTO match_arbitre (id, match_id, arbitre_id) VALUES (16, 16, 71);
INSERT INTO match_arbitre (id, match_id, arbitre_id) VALUES (17, 25, 84);
INSERT INTO match_arbitre (id, match_id, arbitre_id) VALUES (18, 135, 1);
INSERT INTO match_arbitre (id, match_id, arbitre_id) VALUES (19, 190, 97);
INSERT INTO match_arbitre (id, match_id, arbitre_id) VALUES (20, 192, 40);
INSERT INTO match_arbitre (id, match_id, arbitre_id) VALUES (21, 282, 7);
INSERT INTO match_arbitre (id, match_id, arbitre_id) VALUES (22, 149, 89);
INSERT INTO match_arbitre (id, match_id, arbitre_id) VALUES (23, 39, 87);
INSERT INTO match_arbitre (id, match_id, arbitre_id) VALUES (24, 250, 15);
INSERT INTO match_arbitre (id, match_id, arbitre_id) VALUES (25, 207, 35);
INSERT INTO match_arbitre (id, match_id, arbitre_id) VALUES (26, 49, 36);
INSERT INTO match_arbitre (id, match_id, arbitre_id) VALUES (27, 243, 8);
INSERT INTO match_arbitre (id, match_id, arbitre_id) VALUES (28, 179, 70);
INSERT INTO match_arbitre (id, match_id, arbitre_id) VALUES (29, 98, 100);
INSERT INTO match_arbitre (id, match_id, arbitre_id) VALUES (30, 33, 54);
INSERT INTO match_arbitre (id, match_id, arbitre_id) VALUES (31, 289, 8);
INSERT INTO match_arbitre (id, match_id, arbitre_id) VALUES (32, 99, 94);
INSERT INTO match_arbitre (id, match_id, arbitre_id) VALUES (33, 91, 57);
INSERT INTO match_arbitre (id, match_id, arbitre_id) VALUES (34, 144, 96);
INSERT INTO match_arbitre (id, match_id, arbitre_id) VALUES (35, 7, 44);
INSERT INTO match_arbitre (id, match_id, arbitre_id) VALUES (36, 46, 75);
INSERT INTO match_arbitre (id, match_id, arbitre_id) VALUES (37, 100, 33);
INSERT INTO match_arbitre (id, match_id, arbitre_id) VALUES (38, 210, 31);
INSERT INTO match_arbitre (id, match_id, arbitre_id) VALUES (39, 185, 69);
INSERT INTO match_arbitre (id, match_id, arbitre_id) VALUES (40, 258, 25);
INSERT INTO match_arbitre (id, match_id, arbitre_id) VALUES (41, 276, 86);
INSERT INTO match_arbitre (id, match_id, arbitre_id) VALUES (42, 201, 18);
INSERT INTO match_arbitre (id, match_id, arbitre_id) VALUES (43, 61, 22);
INSERT INTO match_arbitre (id, match_id, arbitre_id) VALUES (44, 23, 53);
INSERT INTO match_arbitre (id, match_id, arbitre_id) VALUES (45, 49, 81);
INSERT INTO match_arbitre (id, match_id, arbitre_id) VALUES (46, 86, 11);
INSERT INTO match_arbitre (id, match_id, arbitre_id) VALUES (47, 240, 35);
INSERT INTO match_arbitre (id, match_id, arbitre_id) VALUES (48, 34, 28);
INSERT INTO match_arbitre (id, match_id, arbitre_id) VALUES (49, 27, 37);
INSERT INTO match_arbitre (id, match_id, arbitre_id) VALUES (50, 79, 38);
INSERT INTO match_arbitre (id, match_id, arbitre_id) VALUES (51, 261, 52);
INSERT INTO match_arbitre (id, match_id, arbitre_id) VALUES (52, 153, 29);
INSERT INTO match_arbitre (id, match_id, arbitre_id) VALUES (53, 57, 37);
INSERT INTO match_arbitre (id, match_id, arbitre_id) VALUES (54, 31, 6);
INSERT INTO match_arbitre (id, match_id, arbitre_id) VALUES (55, 16, 73);
INSERT INTO match_arbitre (id, match_id, arbitre_id) VALUES (56, 84, 68);
INSERT INTO match_arbitre (id, match_id, arbitre_id) VALUES (57, 84, 25);
INSERT INTO match_arbitre (id, match_id, arbitre_id) VALUES (58, 185, 22);
INSERT INTO match_arbitre (id, match_id, arbitre_id) VALUES (59, 270, 42);
INSERT INTO match_arbitre (id, match_id, arbitre_id) VALUES (60, 100, 5);
INSERT INTO match_arbitre (id, match_id, arbitre_id) VALUES (61, 38, 47);
INSERT INTO match_arbitre (id, match_id, arbitre_id) VALUES (62, 248, 60);
INSERT INTO match_arbitre (id, match_id, arbitre_id) VALUES (63, 244, 58);
INSERT INTO match_arbitre (id, match_id, arbitre_id) VALUES (64, 86, 79);
INSERT INTO match_arbitre (id, match_id, arbitre_id) VALUES (65, 232, 90);
INSERT INTO match_arbitre (id, match_id, arbitre_id) VALUES (66, 182, 35);
INSERT INTO match_arbitre (id, match_id, arbitre_id) VALUES (67, 111, 9);
INSERT INTO match_arbitre (id, match_id, arbitre_id) VALUES (68, 104, 50);
INSERT INTO match_arbitre (id, match_id, arbitre_id) VALUES (69, 259, 3);
INSERT INTO match_arbitre (id, match_id, arbitre_id) VALUES (70, 20, 20);
INSERT INTO match_arbitre (id, match_id, arbitre_id) VALUES (71, 246, 46);
INSERT INTO match_arbitre (id, match_id, arbitre_id) VALUES (72, 213, 35);
INSERT INTO match_arbitre (id, match_id, arbitre_id) VALUES (73, 122, 58);
INSERT INTO match_arbitre (id, match_id, arbitre_id) VALUES (74, 17, 68);
INSERT INTO match_arbitre (id, match_id, arbitre_id) VALUES (75, 41, 34);
INSERT INTO match_arbitre (id, match_id, arbitre_id) VALUES (76, 131, 42);
INSERT INTO match_arbitre (id, match_id, arbitre_id) VALUES (77, 138, 49);
INSERT INTO match_arbitre (id, match_id, arbitre_id) VALUES (78, 199, 36);
INSERT INTO match_arbitre (id, match_id, arbitre_id) VALUES (79, 223, 68);
INSERT INTO match_arbitre (id, match_id, arbitre_id) VALUES (80, 252, 22);
INSERT INTO match_arbitre (id, match_id, arbitre_id) VALUES (81, 172, 7);
INSERT INTO match_arbitre (id, match_id, arbitre_id) VALUES (82, 253, 68);
INSERT INTO match_arbitre (id, match_id, arbitre_id) VALUES (83, 70, 92);
INSERT INTO match_arbitre (id, match_id, arbitre_id) VALUES (84, 247, 60);
INSERT INTO match_arbitre (id, match_id, arbitre_id) VALUES (85, 131, 98);
INSERT INTO match_arbitre (id, match_id, arbitre_id) VALUES (86, 101, 50);
INSERT INTO match_arbitre (id, match_id, arbitre_id) VALUES (87, 2, 87);
INSERT INTO match_arbitre (id, match_id, arbitre_id) VALUES (88, 172, 51);
INSERT INTO match_arbitre (id, match_id, arbitre_id) VALUES (89, 182, 1);
INSERT INTO match_arbitre (id, match_id, arbitre_id) VALUES (90, 94, 21);
INSERT INTO match_arbitre (id, match_id, arbitre_id) VALUES (91, 269, 100);
INSERT INTO match_arbitre (id, match_id, arbitre_id) VALUES (92, 230, 45);
INSERT INTO match_arbitre (id, match_id, arbitre_id) VALUES (93, 121, 26);
INSERT INTO match_arbitre (id, match_id, arbitre_id) VALUES (94, 241, 70);
INSERT INTO match_arbitre (id, match_id, arbitre_id) VALUES (95, 267, 79);
INSERT INTO match_arbitre (id, match_id, arbitre_id) VALUES (96, 88, 3);
INSERT INTO match_arbitre (id, match_id, arbitre_id) VALUES (97, 39, 19);
INSERT INTO match_arbitre (id, match_id, arbitre_id) VALUES (98, 160, 4);
INSERT INTO match_arbitre (id, match_id, arbitre_id) VALUES (99, 176, 57);
INSERT INTO match_arbitre (id, match_id, arbitre_id) VALUES (100, 6, 29);
INSERT INTO match_arbitre (id, match_id, arbitre_id) VALUES (101, 63, 66);
INSERT INTO match_arbitre (id, match_id, arbitre_id) VALUES (102, 11, 76);
INSERT INTO match_arbitre (id, match_id, arbitre_id) VALUES (103, 141, 50);
INSERT INTO match_arbitre (id, match_id, arbitre_id) VALUES (104, 112, 91);
INSERT INTO match_arbitre (id, match_id, arbitre_id) VALUES (105, 170, 10);
INSERT INTO match_arbitre (id, match_id, arbitre_id) VALUES (106, 5, 11);
INSERT INTO match_arbitre (id, match_id, arbitre_id) VALUES (107, 51, 55);
INSERT INTO match_arbitre (id, match_id, arbitre_id) VALUES (108, 278, 19);
INSERT INTO match_arbitre (id, match_id, arbitre_id) VALUES (109, 256, 59);
INSERT INTO match_arbitre (id, match_id, arbitre_id) VALUES (110, 12, 36);
INSERT INTO match_arbitre (id, match_id, arbitre_id) VALUES (111, 150, 18);
INSERT INTO match_arbitre (id, match_id, arbitre_id) VALUES (112, 205, 92);
INSERT INTO match_arbitre (id, match_id, arbitre_id) VALUES (113, 115, 97);
INSERT INTO match_arbitre (id, match_id, arbitre_id) VALUES (114, 39, 31);
INSERT INTO match_arbitre (id, match_id, arbitre_id) VALUES (115, 73, 78);
INSERT INTO match_arbitre (id, match_id, arbitre_id) VALUES (116, 285, 68);
INSERT INTO match_arbitre (id, match_id, arbitre_id) VALUES (117, 129, 25);
INSERT INTO match_arbitre (id, match_id, arbitre_id) VALUES (118, 231, 2);
INSERT INTO match_arbitre (id, match_id, arbitre_id) VALUES (119, 207, 51);
INSERT INTO match_arbitre (id, match_id, arbitre_id) VALUES (120, 261, 9);
INSERT INTO match_arbitre (id, match_id, arbitre_id) VALUES (121, 84, 86);
INSERT INTO match_arbitre (id, match_id, arbitre_id) VALUES (122, 33, 36);
INSERT INTO match_arbitre (id, match_id, arbitre_id) VALUES (123, 124, 33);
INSERT INTO match_arbitre (id, match_id, arbitre_id) VALUES (124, 51, 9);
INSERT INTO match_arbitre (id, match_id, arbitre_id) VALUES (125, 102, 41);
INSERT INTO match_arbitre (id, match_id, arbitre_id) VALUES (126, 222, 90);
INSERT INTO match_arbitre (id, match_id, arbitre_id) VALUES (127, 48, 20);
INSERT INTO match_arbitre (id, match_id, arbitre_id) VALUES (128, 233, 94);
INSERT INTO match_arbitre (id, match_id, arbitre_id) VALUES (129, 274, 82);
INSERT INTO match_arbitre (id, match_id, arbitre_id) VALUES (130, 77, 89);
INSERT INTO match_arbitre (id, match_id, arbitre_id) VALUES (131, 205, 89);
INSERT INTO match_arbitre (id, match_id, arbitre_id) VALUES (132, 220, 29);
INSERT INTO match_arbitre (id, match_id, arbitre_id) VALUES (133, 115, 67);
INSERT INTO match_arbitre (id, match_id, arbitre_id) VALUES (134, 236, 18);
INSERT INTO match_arbitre (id, match_id, arbitre_id) VALUES (135, 131, 27);
INSERT INTO match_arbitre (id, match_id, arbitre_id) VALUES (136, 190, 63);
INSERT INTO match_arbitre (id, match_id, arbitre_id) VALUES (137, 175, 55);
INSERT INTO match_arbitre (id, match_id, arbitre_id) VALUES (138, 47, 15);
INSERT INTO match_arbitre (id, match_id, arbitre_id) VALUES (139, 84, 28);
INSERT INTO match_arbitre (id, match_id, arbitre_id) VALUES (140, 94, 91);
INSERT INTO match_arbitre (id, match_id, arbitre_id) VALUES (141, 213, 21);
INSERT INTO match_arbitre (id, match_id, arbitre_id) VALUES (142, 261, 74);
INSERT INTO match_arbitre (id, match_id, arbitre_id) VALUES (143, 186, 98);
INSERT INTO match_arbitre (id, match_id, arbitre_id) VALUES (144, 244, 73);
INSERT INTO match_arbitre (id, match_id, arbitre_id) VALUES (145, 76, 12);
INSERT INTO match_arbitre (id, match_id, arbitre_id) VALUES (146, 263, 88);
INSERT INTO match_arbitre (id, match_id, arbitre_id) VALUES (147, 198, 77);
INSERT INTO match_arbitre (id, match_id, arbitre_id) VALUES (148, 266, 15);
INSERT INTO match_arbitre (id, match_id, arbitre_id) VALUES (149, 12, 48);
INSERT INTO match_arbitre (id, match_id, arbitre_id) VALUES (150, 209, 83);
INSERT INTO match_arbitre (id, match_id, arbitre_id) VALUES (151, 266, 12);
INSERT INTO match_arbitre (id, match_id, arbitre_id) VALUES (152, 232, 82);
INSERT INTO match_arbitre (id, match_id, arbitre_id) VALUES (153, 58, 20);
INSERT INTO match_arbitre (id, match_id, arbitre_id) VALUES (154, 81, 55);
INSERT INTO match_arbitre (id, match_id, arbitre_id) VALUES (155, 160, 6);
INSERT INTO match_arbitre (id, match_id, arbitre_id) VALUES (156, 244, 59);
INSERT INTO match_arbitre (id, match_id, arbitre_id) VALUES (157, 33, 62);
INSERT INTO match_arbitre (id, match_id, arbitre_id) VALUES (158, 42, 10);
INSERT INTO match_arbitre (id, match_id, arbitre_id) VALUES (159, 141, 27);
INSERT INTO match_arbitre (id, match_id, arbitre_id) VALUES (160, 187, 93);
INSERT INTO match_arbitre (id, match_id, arbitre_id) VALUES (161, 298, 16);
INSERT INTO match_arbitre (id, match_id, arbitre_id) VALUES (162, 186, 59);
INSERT INTO match_arbitre (id, match_id, arbitre_id) VALUES (163, 218, 67);
INSERT INTO match_arbitre (id, match_id, arbitre_id) VALUES (164, 168, 51);
INSERT INTO match_arbitre (id, match_id, arbitre_id) VALUES (165, 170, 20);
INSERT INTO match_arbitre (id, match_id, arbitre_id) VALUES (166, 276, 42);
INSERT INTO match_arbitre (id, match_id, arbitre_id) VALUES (167, 267, 35);
INSERT INTO match_arbitre (id, match_id, arbitre_id) VALUES (168, 50, 52);
INSERT INTO match_arbitre (id, match_id, arbitre_id) VALUES (169, 128, 59);
INSERT INTO match_arbitre (id, match_id, arbitre_id) VALUES (170, 198, 32);
INSERT INTO match_arbitre (id, match_id, arbitre_id) VALUES (171, 48, 4);
INSERT INTO match_arbitre (id, match_id, arbitre_id) VALUES (172, 28, 47);
INSERT INTO match_arbitre (id, match_id, arbitre_id) VALUES (173, 193, 34);
INSERT INTO match_arbitre (id, match_id, arbitre_id) VALUES (174, 65, 10);
INSERT INTO match_arbitre (id, match_id, arbitre_id) VALUES (175, 70, 93);
INSERT INTO match_arbitre (id, match_id, arbitre_id) VALUES (176, 252, 8);
INSERT INTO match_arbitre (id, match_id, arbitre_id) VALUES (177, 133, 71);
INSERT INTO match_arbitre (id, match_id, arbitre_id) VALUES (178, 127, 19);
INSERT INTO match_arbitre (id, match_id, arbitre_id) VALUES (179, 170, 27);
INSERT INTO match_arbitre (id, match_id, arbitre_id) VALUES (180, 297, 79);
INSERT INTO match_arbitre (id, match_id, arbitre_id) VALUES (181, 58, 20);
INSERT INTO match_arbitre (id, match_id, arbitre_id) VALUES (182, 99, 86);
INSERT INTO match_arbitre (id, match_id, arbitre_id) VALUES (183, 120, 83);
INSERT INTO match_arbitre (id, match_id, arbitre_id) VALUES (184, 259, 80);
INSERT INTO match_arbitre (id, match_id, arbitre_id) VALUES (185, 213, 42);
INSERT INTO match_arbitre (id, match_id, arbitre_id) VALUES (186, 46, 47);
INSERT INTO match_arbitre (id, match_id, arbitre_id) VALUES (187, 143, 6);
INSERT INTO match_arbitre (id, match_id, arbitre_id) VALUES (188, 126, 38);
INSERT INTO match_arbitre (id, match_id, arbitre_id) VALUES (189, 286, 31);
INSERT INTO match_arbitre (id, match_id, arbitre_id) VALUES (190, 255, 97);
INSERT INTO match_arbitre (id, match_id, arbitre_id) VALUES (191, 43, 92);
INSERT INTO match_arbitre (id, match_id, arbitre_id) VALUES (192, 11, 94);
INSERT INTO match_arbitre (id, match_id, arbitre_id) VALUES (193, 255, 32);
INSERT INTO match_arbitre (id, match_id, arbitre_id) VALUES (194, 156, 46);
INSERT INTO match_arbitre (id, match_id, arbitre_id) VALUES (195, 13, 43);
INSERT INTO match_arbitre (id, match_id, arbitre_id) VALUES (196, 289, 65);
INSERT INTO match_arbitre (id, match_id, arbitre_id) VALUES (197, 39, 56);
INSERT INTO match_arbitre (id, match_id, arbitre_id) VALUES (198, 51, 68);
INSERT INTO match_arbitre (id, match_id, arbitre_id) VALUES (199, 171, 60);
INSERT INTO match_arbitre (id, match_id, arbitre_id) VALUES (200, 17, 100);
INSERT INTO match_arbitre (id, match_id, arbitre_id) VALUES (201, 242, 22);
INSERT INTO match_arbitre (id, match_id, arbitre_id) VALUES (202, 243, 28);
INSERT INTO match_arbitre (id, match_id, arbitre_id) VALUES (203, 234, 78);
INSERT INTO match_arbitre (id, match_id, arbitre_id) VALUES (204, 58, 29);
INSERT INTO match_arbitre (id, match_id, arbitre_id) VALUES (205, 260, 4);
INSERT INTO match_arbitre (id, match_id, arbitre_id) VALUES (206, 27, 36);
INSERT INTO match_arbitre (id, match_id, arbitre_id) VALUES (207, 28, 39);
INSERT INTO match_arbitre (id, match_id, arbitre_id) VALUES (208, 241, 4);
INSERT INTO match_arbitre (id, match_id, arbitre_id) VALUES (209, 223, 65);
INSERT INTO match_arbitre (id, match_id, arbitre_id) VALUES (210, 85, 78);
INSERT INTO match_arbitre (id, match_id, arbitre_id) VALUES (211, 222, 89);
INSERT INTO match_arbitre (id, match_id, arbitre_id) VALUES (212, 67, 20);
INSERT INTO match_arbitre (id, match_id, arbitre_id) VALUES (213, 115, 43);
INSERT INTO match_arbitre (id, match_id, arbitre_id) VALUES (214, 299, 69);
INSERT INTO match_arbitre (id, match_id, arbitre_id) VALUES (215, 131, 41);
INSERT INTO match_arbitre (id, match_id, arbitre_id) VALUES (216, 144, 51);
INSERT INTO match_arbitre (id, match_id, arbitre_id) VALUES (217, 249, 88);
INSERT INTO match_arbitre (id, match_id, arbitre_id) VALUES (218, 86, 74);
INSERT INTO match_arbitre (id, match_id, arbitre_id) VALUES (219, 19, 16);
INSERT INTO match_arbitre (id, match_id, arbitre_id) VALUES (220, 10, 79);
INSERT INTO match_arbitre (id, match_id, arbitre_id) VALUES (221, 298, 83);
INSERT INTO match_arbitre (id, match_id, arbitre_id) VALUES (222, 28, 18);
INSERT INTO match_arbitre (id, match_id, arbitre_id) VALUES (223, 103, 12);
INSERT INTO match_arbitre (id, match_id, arbitre_id) VALUES (224, 288, 36);
INSERT INTO match_arbitre (id, match_id, arbitre_id) VALUES (225, 109, 18);
INSERT INTO match_arbitre (id, match_id, arbitre_id) VALUES (226, 208, 59);
INSERT INTO match_arbitre (id, match_id, arbitre_id) VALUES (227, 92, 47);
INSERT INTO match_arbitre (id, match_id, arbitre_id) VALUES (228, 170, 30);
INSERT INTO match_arbitre (id, match_id, arbitre_id) VALUES (229, 159, 32);
INSERT INTO match_arbitre (id, match_id, arbitre_id) VALUES (230, 75, 77);
INSERT INTO match_arbitre (id, match_id, arbitre_id) VALUES (231, 205, 93);
INSERT INTO match_arbitre (id, match_id, arbitre_id) VALUES (232, 17, 31);
INSERT INTO match_arbitre (id, match_id, arbitre_id) VALUES (233, 27, 5);
INSERT INTO match_arbitre (id, match_id, arbitre_id) VALUES (234, 16, 71);
INSERT INTO match_arbitre (id, match_id, arbitre_id) VALUES (235, 28, 15);
INSERT INTO match_arbitre (id, match_id, arbitre_id) VALUES (236, 220, 40);
INSERT INTO match_arbitre (id, match_id, arbitre_id) VALUES (237, 3, 91);
INSERT INTO match_arbitre (id, match_id, arbitre_id) VALUES (238, 222, 14);
INSERT INTO match_arbitre (id, match_id, arbitre_id) VALUES (239, 65, 8);
INSERT INTO match_arbitre (id, match_id, arbitre_id) VALUES (240, 270, 34);
INSERT INTO match_arbitre (id, match_id, arbitre_id) VALUES (241, 7, 68);
INSERT INTO match_arbitre (id, match_id, arbitre_id) VALUES (242, 7, 28);
INSERT INTO match_arbitre (id, match_id, arbitre_id) VALUES (243, 213, 2);
INSERT INTO match_arbitre (id, match_id, arbitre_id) VALUES (244, 208, 30);
INSERT INTO match_arbitre (id, match_id, arbitre_id) VALUES (245, 258, 42);
INSERT INTO match_arbitre (id, match_id, arbitre_id) VALUES (246, 163, 80);
INSERT INTO match_arbitre (id, match_id, arbitre_id) VALUES (247, 206, 67);
INSERT INTO match_arbitre (id, match_id, arbitre_id) VALUES (248, 167, 28);
INSERT INTO match_arbitre (id, match_id, arbitre_id) VALUES (249, 225, 10);
INSERT INTO match_arbitre (id, match_id, arbitre_id) VALUES (250, 111, 23);
INSERT INTO match_arbitre (id, match_id, arbitre_id) VALUES (251, 122, 27);
INSERT INTO match_arbitre (id, match_id, arbitre_id) VALUES (252, 211, 2);
INSERT INTO match_arbitre (id, match_id, arbitre_id) VALUES (253, 20, 89);
INSERT INTO match_arbitre (id, match_id, arbitre_id) VALUES (254, 19, 59);
INSERT INTO match_arbitre (id, match_id, arbitre_id) VALUES (255, 75, 36);
INSERT INTO match_arbitre (id, match_id, arbitre_id) VALUES (256, 193, 22);
INSERT INTO match_arbitre (id, match_id, arbitre_id) VALUES (257, 131, 97);
INSERT INTO match_arbitre (id, match_id, arbitre_id) VALUES (258, 59, 63);
INSERT INTO match_arbitre (id, match_id, arbitre_id) VALUES (259, 294, 85);
INSERT INTO match_arbitre (id, match_id, arbitre_id) VALUES (260, 253, 69);
INSERT INTO match_arbitre (id, match_id, arbitre_id) VALUES (261, 32, 63);
INSERT INTO match_arbitre (id, match_id, arbitre_id) VALUES (262, 141, 9);
INSERT INTO match_arbitre (id, match_id, arbitre_id) VALUES (263, 96, 60);
INSERT INTO match_arbitre (id, match_id, arbitre_id) VALUES (264, 214, 71);
INSERT INTO match_arbitre (id, match_id, arbitre_id) VALUES (265, 244, 19);
INSERT INTO match_arbitre (id, match_id, arbitre_id) VALUES (266, 82, 91);
INSERT INTO match_arbitre (id, match_id, arbitre_id) VALUES (267, 239, 31);
INSERT INTO match_arbitre (id, match_id, arbitre_id) VALUES (268, 2, 18);
INSERT INTO match_arbitre (id, match_id, arbitre_id) VALUES (269, 270, 94);
INSERT INTO match_arbitre (id, match_id, arbitre_id) VALUES (270, 6, 32);
INSERT INTO match_arbitre (id, match_id, arbitre_id) VALUES (271, 293, 40);
INSERT INTO match_arbitre (id, match_id, arbitre_id) VALUES (272, 294, 91);
INSERT INTO match_arbitre (id, match_id, arbitre_id) VALUES (273, 159, 100);
INSERT INTO match_arbitre (id, match_id, arbitre_id) VALUES (274, 33, 67);
INSERT INTO match_arbitre (id, match_id, arbitre_id) VALUES (275, 169, 24);
INSERT INTO match_arbitre (id, match_id, arbitre_id) VALUES (276, 58, 18);
INSERT INTO match_arbitre (id, match_id, arbitre_id) VALUES (277, 8, 95);
INSERT INTO match_arbitre (id, match_id, arbitre_id) VALUES (278, 295, 18);
INSERT INTO match_arbitre (id, match_id, arbitre_id) VALUES (279, 28, 12);
INSERT INTO match_arbitre (id, match_id, arbitre_id) VALUES (280, 240, 44);
INSERT INTO match_arbitre (id, match_id, arbitre_id) VALUES (281, 270, 46);
INSERT INTO match_arbitre (id, match_id, arbitre_id) VALUES (282, 181, 5);
INSERT INTO match_arbitre (id, match_id, arbitre_id) VALUES (283, 33, 86);
INSERT INTO match_arbitre (id, match_id, arbitre_id) VALUES (284, 146, 66);
INSERT INTO match_arbitre (id, match_id, arbitre_id) VALUES (285, 68, 26);
INSERT INTO match_arbitre (id, match_id, arbitre_id) VALUES (286, 146, 62);
INSERT INTO match_arbitre (id, match_id, arbitre_id) VALUES (287, 81, 11);
INSERT INTO match_arbitre (id, match_id, arbitre_id) VALUES (288, 28, 72);
INSERT INTO match_arbitre (id, match_id, arbitre_id) VALUES (289, 160, 91);
INSERT INTO match_arbitre (id, match_id, arbitre_id) VALUES (290, 151, 62);
INSERT INTO match_arbitre (id, match_id, arbitre_id) VALUES (291, 173, 70);
INSERT INTO match_arbitre (id, match_id, arbitre_id) VALUES (292, 171, 4);
INSERT INTO match_arbitre (id, match_id, arbitre_id) VALUES (293, 99, 61);
INSERT INTO match_arbitre (id, match_id, arbitre_id) VALUES (294, 121, 30);
INSERT INTO match_arbitre (id, match_id, arbitre_id) VALUES (295, 299, 6);
INSERT INTO match_arbitre (id, match_id, arbitre_id) VALUES (296, 276, 59);
INSERT INTO match_arbitre (id, match_id, arbitre_id) VALUES (297, 240, 56);
INSERT INTO match_arbitre (id, match_id, arbitre_id) VALUES (298, 142, 34);
INSERT INTO match_arbitre (id, match_id, arbitre_id) VALUES (299, 70, 88);
INSERT INTO match_arbitre (id, match_id, arbitre_id) VALUES (300, 26, 81);

-- Data for saison_arbitre
INSERT INTO saison_arbitre (id, arbitre_id, saison_id, date) VALUES (1, 18, 4, '2021-09-10');
INSERT INTO saison_arbitre (id, arbitre_id, saison_id, date) VALUES (2, 33, 6, '2021-04-23');
INSERT INTO saison_arbitre (id, arbitre_id, saison_id, date) VALUES (3, 51, 1, '2020-05-02');
INSERT INTO saison_arbitre (id, arbitre_id, saison_id, date) VALUES (4, 9, 5, '2020-07-28');
INSERT INTO saison_arbitre (id, arbitre_id, saison_id, date) VALUES (5, 9, 6, '2022-09-27');
INSERT INTO saison_arbitre (id, arbitre_id, saison_id, date) VALUES (6, 88, 6, '2021-12-14');
INSERT INTO saison_arbitre (id, arbitre_id, saison_id, date) VALUES (7, 65, 3, '2022-01-22');
INSERT INTO saison_arbitre (id, arbitre_id, saison_id, date) VALUES (8, 50, 1, '2022-05-31');
INSERT INTO saison_arbitre (id, arbitre_id, saison_id, date) VALUES (9, 62, 6, '2022-06-02');
INSERT INTO saison_arbitre (id, arbitre_id, saison_id, date) VALUES (10, 92, 5, '2022-10-06');
INSERT INTO saison_arbitre (id, arbitre_id, saison_id, date) VALUES (11, 20, 4, '2022-06-26');
INSERT INTO saison_arbitre (id, arbitre_id, saison_id, date) VALUES (12, 96, 6, '2020-04-24');
INSERT INTO saison_arbitre (id, arbitre_id, saison_id, date) VALUES (13, 34, 5, '2020-11-04');
INSERT INTO saison_arbitre (id, arbitre_id, saison_id, date) VALUES (14, 41, 1, '2020-12-14');
INSERT INTO saison_arbitre (id, arbitre_id, saison_id, date) VALUES (15, 66, 7, '2020-05-02');
INSERT INTO saison_arbitre (id, arbitre_id, saison_id, date) VALUES (16, 27, 6, '2020-10-05');
INSERT INTO saison_arbitre (id, arbitre_id, saison_id, date) VALUES (17, 26, 2, '2022-12-12');
INSERT INTO saison_arbitre (id, arbitre_id, saison_id, date) VALUES (18, 4, 5, '2021-05-17');
INSERT INTO saison_arbitre (id, arbitre_id, saison_id, date) VALUES (19, 36, 7, '2020-11-23');
INSERT INTO saison_arbitre (id, arbitre_id, saison_id, date) VALUES (20, 95, 6, '2020-07-24');
INSERT INTO saison_arbitre (id, arbitre_id, saison_id, date) VALUES (21, 73, 5, '2020-06-20');
INSERT INTO saison_arbitre (id, arbitre_id, saison_id, date) VALUES (22, 31, 5, '2020-08-18');
INSERT INTO saison_arbitre (id, arbitre_id, saison_id, date) VALUES (23, 95, 2, '2022-10-16');
INSERT INTO saison_arbitre (id, arbitre_id, saison_id, date) VALUES (24, 22, 5, '2020-06-19');
INSERT INTO saison_arbitre (id, arbitre_id, saison_id, date) VALUES (25, 54, 1, '2022-08-17');
INSERT INTO saison_arbitre (id, arbitre_id, saison_id, date) VALUES (26, 23, 3, '2020-03-06');
INSERT INTO saison_arbitre (id, arbitre_id, saison_id, date) VALUES (27, 63, 2, '2022-06-01');
INSERT INTO saison_arbitre (id, arbitre_id, saison_id, date) VALUES (28, 54, 4, '2021-04-30');
INSERT INTO saison_arbitre (id, arbitre_id, saison_id, date) VALUES (29, 3, 1, '2021-06-03');
INSERT INTO saison_arbitre (id, arbitre_id, saison_id, date) VALUES (30, 97, 4, '2020-01-24');
INSERT INTO saison_arbitre (id, arbitre_id, saison_id, date) VALUES (31, 16, 2, '2020-03-24');
INSERT INTO saison_arbitre (id, arbitre_id, saison_id, date) VALUES (32, 40, 7, '2021-09-12');
INSERT INTO saison_arbitre (id, arbitre_id, saison_id, date) VALUES (33, 60, 7, '2022-11-02');
INSERT INTO saison_arbitre (id, arbitre_id, saison_id, date) VALUES (34, 3, 7, '2020-03-17');
INSERT INTO saison_arbitre (id, arbitre_id, saison_id, date) VALUES (35, 54, 3, '2022-10-07');
INSERT INTO saison_arbitre (id, arbitre_id, saison_id, date) VALUES (36, 42, 1, '2022-04-18');
INSERT INTO saison_arbitre (id, arbitre_id, saison_id, date) VALUES (37, 63, 4, '2022-03-11');
INSERT INTO saison_arbitre (id, arbitre_id, saison_id, date) VALUES (38, 32, 7, '2021-05-19');
INSERT INTO saison_arbitre (id, arbitre_id, saison_id, date) VALUES (39, 27, 2, '2022-12-12');
INSERT INTO saison_arbitre (id, arbitre_id, saison_id, date) VALUES (40, 24, 6, '2022-08-25');
INSERT INTO saison_arbitre (id, arbitre_id, saison_id, date) VALUES (41, 63, 4, '2021-03-25');
INSERT INTO saison_arbitre (id, arbitre_id, saison_id, date) VALUES (42, 20, 1, '2021-10-27');
INSERT INTO saison_arbitre (id, arbitre_id, saison_id, date) VALUES (43, 35, 6, '2021-01-07');
INSERT INTO saison_arbitre (id, arbitre_id, saison_id, date) VALUES (44, 36, 3, '2022-06-06');
INSERT INTO saison_arbitre (id, arbitre_id, saison_id, date) VALUES (45, 58, 1, '2022-05-24');
INSERT INTO saison_arbitre (id, arbitre_id, saison_id, date) VALUES (46, 57, 2, '2020-02-02');
INSERT INTO saison_arbitre (id, arbitre_id, saison_id, date) VALUES (47, 49, 1, '2020-05-20');
INSERT INTO saison_arbitre (id, arbitre_id, saison_id, date) VALUES (48, 87, 2, '2022-07-04');
INSERT INTO saison_arbitre (id, arbitre_id, saison_id, date) VALUES (49, 19, 1, '2020-01-05');
INSERT INTO saison_arbitre (id, arbitre_id, saison_id, date) VALUES (50, 29, 4, '2022-08-29');
INSERT INTO saison_arbitre (id, arbitre_id, saison_id, date) VALUES (51, 75, 1, '2022-01-23');
INSERT INTO saison_arbitre (id, arbitre_id, saison_id, date) VALUES (52, 70, 1, '2020-06-17');
INSERT INTO saison_arbitre (id, arbitre_id, saison_id, date) VALUES (53, 76, 7, '2022-01-14');
INSERT INTO saison_arbitre (id, arbitre_id, saison_id, date) VALUES (54, 48, 6, '2020-12-20');
INSERT INTO saison_arbitre (id, arbitre_id, saison_id, date) VALUES (55, 9, 5, '2022-08-20');
INSERT INTO saison_arbitre (id, arbitre_id, saison_id, date) VALUES (56, 17, 5, '2022-01-28');
INSERT INTO saison_arbitre (id, arbitre_id, saison_id, date) VALUES (57, 66, 3, '2021-09-22');
INSERT INTO saison_arbitre (id, arbitre_id, saison_id, date) VALUES (58, 84, 4, '2021-03-13');
INSERT INTO saison_arbitre (id, arbitre_id, saison_id, date) VALUES (59, 73, 2, '2021-09-16');
INSERT INTO saison_arbitre (id, arbitre_id, saison_id, date) VALUES (60, 49, 4, '2020-01-31');
INSERT INTO saison_arbitre (id, arbitre_id, saison_id, date) VALUES (61, 44, 3, '2022-02-19');
INSERT INTO saison_arbitre (id, arbitre_id, saison_id, date) VALUES (62, 9, 4, '2021-08-17');
INSERT INTO saison_arbitre (id, arbitre_id, saison_id, date) VALUES (63, 40, 1, '2020-09-22');
INSERT INTO saison_arbitre (id, arbitre_id, saison_id, date) VALUES (64, 44, 4, '2020-07-27');
INSERT INTO saison_arbitre (id, arbitre_id, saison_id, date) VALUES (65, 93, 2, '2020-03-17');
INSERT INTO saison_arbitre (id, arbitre_id, saison_id, date) VALUES (66, 80, 5, '2020-07-27');
INSERT INTO saison_arbitre (id, arbitre_id, saison_id, date) VALUES (67, 8, 2, '2020-07-05');
INSERT INTO saison_arbitre (id, arbitre_id, saison_id, date) VALUES (68, 9, 4, '2020-05-13');
INSERT INTO saison_arbitre (id, arbitre_id, saison_id, date) VALUES (69, 84, 6, '2022-01-15');
INSERT INTO saison_arbitre (id, arbitre_id, saison_id, date) VALUES (70, 51, 2, '2022-07-06');
INSERT INTO saison_arbitre (id, arbitre_id, saison_id, date) VALUES (71, 11, 5, '2022-04-07');
INSERT INTO saison_arbitre (id, arbitre_id, saison_id, date) VALUES (72, 28, 4, '2022-07-20');
INSERT INTO saison_arbitre (id, arbitre_id, saison_id, date) VALUES (73, 11, 2, '2020-09-08');
INSERT INTO saison_arbitre (id, arbitre_id, saison_id, date) VALUES (74, 65, 1, '2020-06-22');
INSERT INTO saison_arbitre (id, arbitre_id, saison_id, date) VALUES (75, 2, 6, '2022-10-05');
INSERT INTO saison_arbitre (id, arbitre_id, saison_id, date) VALUES (76, 65, 5, '2020-08-13');
INSERT INTO saison_arbitre (id, arbitre_id, saison_id, date) VALUES (77, 45, 5, '2022-01-02');
INSERT INTO saison_arbitre (id, arbitre_id, saison_id, date) VALUES (78, 99, 2, '2020-12-26');
INSERT INTO saison_arbitre (id, arbitre_id, saison_id, date) VALUES (79, 37, 4, '2020-10-03');
INSERT INTO saison_arbitre (id, arbitre_id, saison_id, date) VALUES (80, 91, 5, '2022-06-14');
INSERT INTO saison_arbitre (id, arbitre_id, saison_id, date) VALUES (81, 57, 5, '2020-08-23');
INSERT INTO saison_arbitre (id, arbitre_id, saison_id, date) VALUES (82, 97, 4, '2022-11-09');
INSERT INTO saison_arbitre (id, arbitre_id, saison_id, date) VALUES (83, 15, 4, '2022-12-11');
INSERT INTO saison_arbitre (id, arbitre_id, saison_id, date) VALUES (84, 58, 7, '2022-06-04');
INSERT INTO saison_arbitre (id, arbitre_id, saison_id, date) VALUES (85, 28, 3, '2021-07-16');
INSERT INTO saison_arbitre (id, arbitre_id, saison_id, date) VALUES (86, 94, 5, '2022-12-02');
INSERT INTO saison_arbitre (id, arbitre_id, saison_id, date) VALUES (87, 64, 5, '2021-08-22');
INSERT INTO saison_arbitre (id, arbitre_id, saison_id, date) VALUES (88, 41, 1, '2021-02-20');
INSERT INTO saison_arbitre (id, arbitre_id, saison_id, date) VALUES (89, 82, 2, '2020-10-28');
INSERT INTO saison_arbitre (id, arbitre_id, saison_id, date) VALUES (90, 79, 2, '2020-02-02');
INSERT INTO saison_arbitre (id, arbitre_id, saison_id, date) VALUES (91, 73, 3, '2022-01-20');
INSERT INTO saison_arbitre (id, arbitre_id, saison_id, date) VALUES (92, 39, 1, '2021-04-09');
INSERT INTO saison_arbitre (id, arbitre_id, saison_id, date) VALUES (93, 90, 4, '2021-01-07');
INSERT INTO saison_arbitre (id, arbitre_id, saison_id, date) VALUES (94, 55, 5, '2022-01-17');
INSERT INTO saison_arbitre (id, arbitre_id, saison_id, date) VALUES (95, 87, 1, '2022-11-04');
INSERT INTO saison_arbitre (id, arbitre_id, saison_id, date) VALUES (96, 4, 2, '2022-01-05');
INSERT INTO saison_arbitre (id, arbitre_id, saison_id, date) VALUES (97, 64, 4, '2021-02-07');
INSERT INTO saison_arbitre (id, arbitre_id, saison_id, date) VALUES (98, 71, 4, '2021-12-13');
INSERT INTO saison_arbitre (id, arbitre_id, saison_id, date) VALUES (99, 83, 4, '2021-03-07');
INSERT INTO saison_arbitre (id, arbitre_id, saison_id, date) VALUES (100, 56, 7, '2020-06-28');
INSERT INTO saison_arbitre (id, arbitre_id, saison_id, date) VALUES (101, 52, 4, '2022-07-08');
INSERT INTO saison_arbitre (id, arbitre_id, saison_id, date) VALUES (102, 91, 5, '2021-12-14');
INSERT INTO saison_arbitre (id, arbitre_id, saison_id, date) VALUES (103, 87, 6, '2022-10-09');
INSERT INTO saison_arbitre (id, arbitre_id, saison_id, date) VALUES (104, 53, 2, '2020-07-30');
INSERT INTO saison_arbitre (id, arbitre_id, saison_id, date) VALUES (105, 21, 1, '2021-11-25');
INSERT INTO saison_arbitre (id, arbitre_id, saison_id, date) VALUES (106, 73, 3, '2022-01-07');
INSERT INTO saison_arbitre (id, arbitre_id, saison_id, date) VALUES (107, 37, 3, '2021-10-08');
INSERT INTO saison_arbitre (id, arbitre_id, saison_id, date) VALUES (108, 37, 6, '2021-03-26');
INSERT INTO saison_arbitre (id, arbitre_id, saison_id, date) VALUES (109, 80, 1, '2022-03-25');
INSERT INTO saison_arbitre (id, arbitre_id, saison_id, date) VALUES (110, 50, 1, '2021-01-17');
INSERT INTO saison_arbitre (id, arbitre_id, saison_id, date) VALUES (111, 43, 4, '2021-09-26');
INSERT INTO saison_arbitre (id, arbitre_id, saison_id, date) VALUES (112, 19, 3, '2021-12-20');
INSERT INTO saison_arbitre (id, arbitre_id, saison_id, date) VALUES (113, 50, 5, '2022-10-29');
INSERT INTO saison_arbitre (id, arbitre_id, saison_id, date) VALUES (114, 66, 2, '2021-06-19');
INSERT INTO saison_arbitre (id, arbitre_id, saison_id, date) VALUES (115, 8, 6, '2022-01-07');
INSERT INTO saison_arbitre (id, arbitre_id, saison_id, date) VALUES (116, 17, 6, '2020-05-19');
INSERT INTO saison_arbitre (id, arbitre_id, saison_id, date) VALUES (117, 43, 5, '2022-03-25');
INSERT INTO saison_arbitre (id, arbitre_id, saison_id, date) VALUES (118, 61, 7, '2020-02-21');
INSERT INTO saison_arbitre (id, arbitre_id, saison_id, date) VALUES (119, 6, 5, '2021-07-04');
INSERT INTO saison_arbitre (id, arbitre_id, saison_id, date) VALUES (120, 3, 1, '2020-05-15');
INSERT INTO saison_arbitre (id, arbitre_id, saison_id, date) VALUES (121, 91, 5, '2022-05-22');
INSERT INTO saison_arbitre (id, arbitre_id, saison_id, date) VALUES (122, 42, 4, '2022-02-27');
INSERT INTO saison_arbitre (id, arbitre_id, saison_id, date) VALUES (123, 38, 5, '2021-04-06');
INSERT INTO saison_arbitre (id, arbitre_id, saison_id, date) VALUES (124, 95, 7, '2022-03-25');
INSERT INTO saison_arbitre (id, arbitre_id, saison_id, date) VALUES (125, 77, 3, '2021-08-29');
INSERT INTO saison_arbitre (id, arbitre_id, saison_id, date) VALUES (126, 11, 4, '2021-01-02');
INSERT INTO saison_arbitre (id, arbitre_id, saison_id, date) VALUES (127, 29, 7, '2022-02-26');
INSERT INTO saison_arbitre (id, arbitre_id, saison_id, date) VALUES (128, 43, 4, '2021-02-15');
INSERT INTO saison_arbitre (id, arbitre_id, saison_id, date) VALUES (129, 68, 2, '2021-11-28');
INSERT INTO saison_arbitre (id, arbitre_id, saison_id, date) VALUES (130, 70, 1, '2022-02-13');
INSERT INTO saison_arbitre (id, arbitre_id, saison_id, date) VALUES (131, 69, 3, '2021-06-28');
INSERT INTO saison_arbitre (id, arbitre_id, saison_id, date) VALUES (132, 59, 4, '2022-01-06');
INSERT INTO saison_arbitre (id, arbitre_id, saison_id, date) VALUES (133, 30, 1, '2021-05-30');
INSERT INTO saison_arbitre (id, arbitre_id, saison_id, date) VALUES (134, 77, 3, '2022-01-20');
INSERT INTO saison_arbitre (id, arbitre_id, saison_id, date) VALUES (135, 97, 5, '2022-10-13');
INSERT INTO saison_arbitre (id, arbitre_id, saison_id, date) VALUES (136, 91, 1, '2021-10-01');
INSERT INTO saison_arbitre (id, arbitre_id, saison_id, date) VALUES (137, 92, 1, '2022-11-04');
INSERT INTO saison_arbitre (id, arbitre_id, saison_id, date) VALUES (138, 49, 7, '2020-03-06');
INSERT INTO saison_arbitre (id, arbitre_id, saison_id, date) VALUES (139, 92, 5, '2023-01-01');
INSERT INTO saison_arbitre (id, arbitre_id, saison_id, date) VALUES (140, 2, 1, '2021-07-08');
INSERT INTO saison_arbitre (id, arbitre_id, saison_id, date) VALUES (141, 69, 5, '2020-11-26');
INSERT INTO saison_arbitre (id, arbitre_id, saison_id, date) VALUES (142, 65, 6, '2022-07-07');
INSERT INTO saison_arbitre (id, arbitre_id, saison_id, date) VALUES (143, 51, 5, '2020-07-07');
INSERT INTO saison_arbitre (id, arbitre_id, saison_id, date) VALUES (144, 73, 4, '2022-07-07');
INSERT INTO saison_arbitre (id, arbitre_id, saison_id, date) VALUES (145, 68, 3, '2022-10-10');
INSERT INTO saison_arbitre (id, arbitre_id, saison_id, date) VALUES (146, 42, 3, '2020-07-31');
INSERT INTO saison_arbitre (id, arbitre_id, saison_id, date) VALUES (147, 100, 4, '2022-11-27');
INSERT INTO saison_arbitre (id, arbitre_id, saison_id, date) VALUES (148, 99, 3, '2020-01-27');
INSERT INTO saison_arbitre (id, arbitre_id, saison_id, date) VALUES (149, 59, 5, '2020-03-24');
INSERT INTO saison_arbitre (id, arbitre_id, saison_id, date) VALUES (150, 69, 2, '2021-08-23');
INSERT INTO saison_arbitre (id, arbitre_id, saison_id, date) VALUES (151, 12, 1, '2022-07-12');
INSERT INTO saison_arbitre (id, arbitre_id, saison_id, date) VALUES (152, 36, 2, '2020-06-22');
INSERT INTO saison_arbitre (id, arbitre_id, saison_id, date) VALUES (153, 11, 6, '2021-12-30');
INSERT INTO saison_arbitre (id, arbitre_id, saison_id, date) VALUES (154, 29, 4, '2022-05-13');
INSERT INTO saison_arbitre (id, arbitre_id, saison_id, date) VALUES (155, 95, 1, '2022-10-08');
INSERT INTO saison_arbitre (id, arbitre_id, saison_id, date) VALUES (156, 95, 7, '2021-03-14');
INSERT INTO saison_arbitre (id, arbitre_id, saison_id, date) VALUES (157, 71, 3, '2022-07-03');
INSERT INTO saison_arbitre (id, arbitre_id, saison_id, date) VALUES (158, 19, 2, '2022-03-02');
INSERT INTO saison_arbitre (id, arbitre_id, saison_id, date) VALUES (159, 40, 6, '2020-06-10');
INSERT INTO saison_arbitre (id, arbitre_id, saison_id, date) VALUES (160, 24, 4, '2022-11-24');
INSERT INTO saison_arbitre (id, arbitre_id, saison_id, date) VALUES (161, 94, 4, '2021-01-27');
INSERT INTO saison_arbitre (id, arbitre_id, saison_id, date) VALUES (162, 19, 6, '2022-12-14');
INSERT INTO saison_arbitre (id, arbitre_id, saison_id, date) VALUES (163, 27, 3, '2020-10-11');
INSERT INTO saison_arbitre (id, arbitre_id, saison_id, date) VALUES (164, 32, 5, '2022-07-23');
INSERT INTO saison_arbitre (id, arbitre_id, saison_id, date) VALUES (165, 41, 1, '2022-06-05');
INSERT INTO saison_arbitre (id, arbitre_id, saison_id, date) VALUES (166, 47, 4, '2020-09-17');
INSERT INTO saison_arbitre (id, arbitre_id, saison_id, date) VALUES (167, 34, 2, '2022-09-26');
INSERT INTO saison_arbitre (id, arbitre_id, saison_id, date) VALUES (168, 37, 5, '2021-06-26');
INSERT INTO saison_arbitre (id, arbitre_id, saison_id, date) VALUES (169, 76, 3, '2020-03-23');
INSERT INTO saison_arbitre (id, arbitre_id, saison_id, date) VALUES (170, 98, 1, '2021-07-21');
INSERT INTO saison_arbitre (id, arbitre_id, saison_id, date) VALUES (171, 6, 3, '2022-03-01');
INSERT INTO saison_arbitre (id, arbitre_id, saison_id, date) VALUES (172, 29, 4, '2021-04-06');
INSERT INTO saison_arbitre (id, arbitre_id, saison_id, date) VALUES (173, 94, 4, '2021-09-02');
INSERT INTO saison_arbitre (id, arbitre_id, saison_id, date) VALUES (174, 12, 2, '2020-02-26');
INSERT INTO saison_arbitre (id, arbitre_id, saison_id, date) VALUES (175, 31, 2, '2021-02-27');
INSERT INTO saison_arbitre (id, arbitre_id, saison_id, date) VALUES (176, 83, 1, '2022-11-02');
INSERT INTO saison_arbitre (id, arbitre_id, saison_id, date) VALUES (177, 95, 4, '2022-07-13');
INSERT INTO saison_arbitre (id, arbitre_id, saison_id, date) VALUES (178, 95, 3, '2021-09-16');
INSERT INTO saison_arbitre (id, arbitre_id, saison_id, date) VALUES (179, 96, 7, '2020-08-03');
INSERT INTO saison_arbitre (id, arbitre_id, saison_id, date) VALUES (180, 65, 1, '2022-02-04');
INSERT INTO saison_arbitre (id, arbitre_id, saison_id, date) VALUES (181, 38, 4, '2020-11-20');
INSERT INTO saison_arbitre (id, arbitre_id, saison_id, date) VALUES (182, 27, 4, '2022-07-22');
INSERT INTO saison_arbitre (id, arbitre_id, saison_id, date) VALUES (183, 22, 1, '2022-08-13');
INSERT INTO saison_arbitre (id, arbitre_id, saison_id, date) VALUES (184, 75, 2, '2022-02-24');
INSERT INTO saison_arbitre (id, arbitre_id, saison_id, date) VALUES (185, 81, 2, '2021-07-06');
INSERT INTO saison_arbitre (id, arbitre_id, saison_id, date) VALUES (186, 94, 3, '2021-01-26');
INSERT INTO saison_arbitre (id, arbitre_id, saison_id, date) VALUES (187, 59, 3, '2021-10-10');
INSERT INTO saison_arbitre (id, arbitre_id, saison_id, date) VALUES (188, 96, 7, '2021-10-18');
INSERT INTO saison_arbitre (id, arbitre_id, saison_id, date) VALUES (189, 16, 5, '2021-06-25');
INSERT INTO saison_arbitre (id, arbitre_id, saison_id, date) VALUES (190, 63, 6, '2020-08-10');
INSERT INTO saison_arbitre (id, arbitre_id, saison_id, date) VALUES (191, 18, 7, '2021-02-07');
INSERT INTO saison_arbitre (id, arbitre_id, saison_id, date) VALUES (192, 63, 3, '2022-12-06');
INSERT INTO saison_arbitre (id, arbitre_id, saison_id, date) VALUES (193, 76, 4, '2022-01-06');
INSERT INTO saison_arbitre (id, arbitre_id, saison_id, date) VALUES (194, 27, 6, '2022-10-04');
INSERT INTO saison_arbitre (id, arbitre_id, saison_id, date) VALUES (195, 10, 3, '2020-07-10');
INSERT INTO saison_arbitre (id, arbitre_id, saison_id, date) VALUES (196, 100, 2, '2020-09-11');
INSERT INTO saison_arbitre (id, arbitre_id, saison_id, date) VALUES (197, 81, 2, '2020-09-04');
INSERT INTO saison_arbitre (id, arbitre_id, saison_id, date) VALUES (198, 56, 3, '2021-10-11');
INSERT INTO saison_arbitre (id, arbitre_id, saison_id, date) VALUES (199, 11, 5, '2022-07-08');
INSERT INTO saison_arbitre (id, arbitre_id, saison_id, date) VALUES (200, 46, 2, '2022-08-05');
INSERT INTO saison_arbitre (id, arbitre_id, saison_id, date) VALUES (201, 49, 3, '2021-11-18');
INSERT INTO saison_arbitre (id, arbitre_id, saison_id, date) VALUES (202, 22, 6, '2020-10-17');
INSERT INTO saison_arbitre (id, arbitre_id, saison_id, date) VALUES (203, 77, 4, '2022-09-03');
INSERT INTO saison_arbitre (id, arbitre_id, saison_id, date) VALUES (204, 34, 4, '2020-04-03');
INSERT INTO saison_arbitre (id, arbitre_id, saison_id, date) VALUES (205, 91, 6, '2020-06-10');
INSERT INTO saison_arbitre (id, arbitre_id, saison_id, date) VALUES (206, 12, 7, '2022-08-10');
INSERT INTO saison_arbitre (id, arbitre_id, saison_id, date) VALUES (207, 87, 3, '2021-05-30');
INSERT INTO saison_arbitre (id, arbitre_id, saison_id, date) VALUES (208, 49, 1, '2020-08-23');
INSERT INTO saison_arbitre (id, arbitre_id, saison_id, date) VALUES (209, 55, 7, '2020-11-25');
INSERT INTO saison_arbitre (id, arbitre_id, saison_id, date) VALUES (210, 74, 3, '2020-05-17');
INSERT INTO saison_arbitre (id, arbitre_id, saison_id, date) VALUES (211, 52, 3, '2022-03-15');
INSERT INTO saison_arbitre (id, arbitre_id, saison_id, date) VALUES (212, 27, 4, '2020-11-09');
INSERT INTO saison_arbitre (id, arbitre_id, saison_id, date) VALUES (213, 48, 1, '2021-09-29');
INSERT INTO saison_arbitre (id, arbitre_id, saison_id, date) VALUES (214, 79, 7, '2021-07-14');
INSERT INTO saison_arbitre (id, arbitre_id, saison_id, date) VALUES (215, 75, 6, '2022-11-13');
INSERT INTO saison_arbitre (id, arbitre_id, saison_id, date) VALUES (216, 89, 5, '2020-05-14');
INSERT INTO saison_arbitre (id, arbitre_id, saison_id, date) VALUES (217, 74, 3, '2021-11-27');
INSERT INTO saison_arbitre (id, arbitre_id, saison_id, date) VALUES (218, 44, 6, '2020-11-23');
INSERT INTO saison_arbitre (id, arbitre_id, saison_id, date) VALUES (219, 95, 1, '2021-12-06');
INSERT INTO saison_arbitre (id, arbitre_id, saison_id, date) VALUES (220, 10, 2, '2021-10-20');
INSERT INTO saison_arbitre (id, arbitre_id, saison_id, date) VALUES (221, 8, 3, '2022-08-17');
INSERT INTO saison_arbitre (id, arbitre_id, saison_id, date) VALUES (222, 88, 6, '2021-09-19');
INSERT INTO saison_arbitre (id, arbitre_id, saison_id, date) VALUES (223, 85, 5, '2021-01-08');
INSERT INTO saison_arbitre (id, arbitre_id, saison_id, date) VALUES (224, 36, 4, '2021-03-14');
INSERT INTO saison_arbitre (id, arbitre_id, saison_id, date) VALUES (225, 40, 4, '2020-02-28');
INSERT INTO saison_arbitre (id, arbitre_id, saison_id, date) VALUES (226, 28, 6, '2020-07-10');
INSERT INTO saison_arbitre (id, arbitre_id, saison_id, date) VALUES (227, 73, 6, '2020-03-17');
INSERT INTO saison_arbitre (id, arbitre_id, saison_id, date) VALUES (228, 14, 5, '2022-12-06');
INSERT INTO saison_arbitre (id, arbitre_id, saison_id, date) VALUES (229, 17, 1, '2020-06-09');
INSERT INTO saison_arbitre (id, arbitre_id, saison_id, date) VALUES (230, 7, 3, '2022-03-08');
INSERT INTO saison_arbitre (id, arbitre_id, saison_id, date) VALUES (231, 8, 7, '2022-04-30');
INSERT INTO saison_arbitre (id, arbitre_id, saison_id, date) VALUES (232, 11, 6, '2021-03-15');
INSERT INTO saison_arbitre (id, arbitre_id, saison_id, date) VALUES (233, 82, 7, '2021-07-15');
INSERT INTO saison_arbitre (id, arbitre_id, saison_id, date) VALUES (234, 30, 1, '2020-10-31');
INSERT INTO saison_arbitre (id, arbitre_id, saison_id, date) VALUES (235, 19, 5, '2022-12-26');
INSERT INTO saison_arbitre (id, arbitre_id, saison_id, date) VALUES (236, 81, 6, '2021-07-05');
INSERT INTO saison_arbitre (id, arbitre_id, saison_id, date) VALUES (237, 48, 1, '2021-04-14');
INSERT INTO saison_arbitre (id, arbitre_id, saison_id, date) VALUES (238, 27, 5, '2022-07-28');
INSERT INTO saison_arbitre (id, arbitre_id, saison_id, date) VALUES (239, 64, 4, '2022-07-11');
INSERT INTO saison_arbitre (id, arbitre_id, saison_id, date) VALUES (240, 34, 3, '2021-11-08');
INSERT INTO saison_arbitre (id, arbitre_id, saison_id, date) VALUES (241, 2, 3, '2020-10-13');
INSERT INTO saison_arbitre (id, arbitre_id, saison_id, date) VALUES (242, 86, 2, '2020-11-08');
INSERT INTO saison_arbitre (id, arbitre_id, saison_id, date) VALUES (243, 81, 7, '2022-03-27');
INSERT INTO saison_arbitre (id, arbitre_id, saison_id, date) VALUES (244, 58, 2, '2021-03-23');
INSERT INTO saison_arbitre (id, arbitre_id, saison_id, date) VALUES (245, 2, 1, '2022-11-17');
INSERT INTO saison_arbitre (id, arbitre_id, saison_id, date) VALUES (246, 42, 4, '2022-11-19');
INSERT INTO saison_arbitre (id, arbitre_id, saison_id, date) VALUES (247, 46, 2, '2021-08-31');
INSERT INTO saison_arbitre (id, arbitre_id, saison_id, date) VALUES (248, 10, 6, '2022-10-22');
INSERT INTO saison_arbitre (id, arbitre_id, saison_id, date) VALUES (249, 8, 1, '2022-02-21');
INSERT INTO saison_arbitre (id, arbitre_id, saison_id, date) VALUES (250, 78, 3, '2021-08-16');
INSERT INTO saison_arbitre (id, arbitre_id, saison_id, date) VALUES (251, 1, 5, '2022-07-28');
INSERT INTO saison_arbitre (id, arbitre_id, saison_id, date) VALUES (252, 68, 7, '2022-11-22');
INSERT INTO saison_arbitre (id, arbitre_id, saison_id, date) VALUES (253, 81, 1, '2022-08-29');
INSERT INTO saison_arbitre (id, arbitre_id, saison_id, date) VALUES (254, 30, 3, '2021-09-01');
INSERT INTO saison_arbitre (id, arbitre_id, saison_id, date) VALUES (255, 17, 7, '2020-08-14');
INSERT INTO saison_arbitre (id, arbitre_id, saison_id, date) VALUES (256, 8, 5, '2022-08-12');
INSERT INTO saison_arbitre (id, arbitre_id, saison_id, date) VALUES (257, 29, 3, '2021-12-01');
INSERT INTO saison_arbitre (id, arbitre_id, saison_id, date) VALUES (258, 12, 4, '2022-10-29');
INSERT INTO saison_arbitre (id, arbitre_id, saison_id, date) VALUES (259, 93, 5, '2022-05-11');
INSERT INTO saison_arbitre (id, arbitre_id, saison_id, date) VALUES (260, 13, 7, '2021-09-20');
INSERT INTO saison_arbitre (id, arbitre_id, saison_id, date) VALUES (261, 34, 4, '2022-07-06');
INSERT INTO saison_arbitre (id, arbitre_id, saison_id, date) VALUES (262, 83, 4, '2020-08-17');
INSERT INTO saison_arbitre (id, arbitre_id, saison_id, date) VALUES (263, 22, 7, '2021-09-27');
INSERT INTO saison_arbitre (id, arbitre_id, saison_id, date) VALUES (264, 70, 3, '2022-10-19');
INSERT INTO saison_arbitre (id, arbitre_id, saison_id, date) VALUES (265, 63, 3, '2022-10-13');
INSERT INTO saison_arbitre (id, arbitre_id, saison_id, date) VALUES (266, 56, 4, '2021-10-03');
INSERT INTO saison_arbitre (id, arbitre_id, saison_id, date) VALUES (267, 86, 1, '2020-10-03');
INSERT INTO saison_arbitre (id, arbitre_id, saison_id, date) VALUES (268, 8, 6, '2022-09-24');
INSERT INTO saison_arbitre (id, arbitre_id, saison_id, date) VALUES (269, 80, 6, '2022-08-07');
INSERT INTO saison_arbitre (id, arbitre_id, saison_id, date) VALUES (270, 55, 5, '2021-12-03');
INSERT INTO saison_arbitre (id, arbitre_id, saison_id, date) VALUES (271, 75, 1, '2022-02-05');
INSERT INTO saison_arbitre (id, arbitre_id, saison_id, date) VALUES (272, 2, 2, '2020-04-25');
INSERT INTO saison_arbitre (id, arbitre_id, saison_id, date) VALUES (273, 62, 6, '2020-04-13');
INSERT INTO saison_arbitre (id, arbitre_id, saison_id, date) VALUES (274, 4, 4, '2021-07-03');
INSERT INTO saison_arbitre (id, arbitre_id, saison_id, date) VALUES (275, 35, 4, '2022-10-24');
INSERT INTO saison_arbitre (id, arbitre_id, saison_id, date) VALUES (276, 37, 5, '2022-10-30');
INSERT INTO saison_arbitre (id, arbitre_id, saison_id, date) VALUES (277, 21, 2, '2020-03-10');
INSERT INTO saison_arbitre (id, arbitre_id, saison_id, date) VALUES (278, 73, 5, '2021-12-17');
INSERT INTO saison_arbitre (id, arbitre_id, saison_id, date) VALUES (279, 84, 7, '2021-11-07');
INSERT INTO saison_arbitre (id, arbitre_id, saison_id, date) VALUES (280, 51, 5, '2022-08-31');
INSERT INTO saison_arbitre (id, arbitre_id, saison_id, date) VALUES (281, 48, 7, '2022-11-20');
INSERT INTO saison_arbitre (id, arbitre_id, saison_id, date) VALUES (282, 73, 7, '2021-03-13');
INSERT INTO saison_arbitre (id, arbitre_id, saison_id, date) VALUES (283, 2, 5, '2022-10-04');
INSERT INTO saison_arbitre (id, arbitre_id, saison_id, date) VALUES (284, 88, 1, '2021-01-08');
INSERT INTO saison_arbitre (id, arbitre_id, saison_id, date) VALUES (285, 61, 6, '2021-08-22');
INSERT INTO saison_arbitre (id, arbitre_id, saison_id, date) VALUES (286, 13, 5, '2020-06-28');
INSERT INTO saison_arbitre (id, arbitre_id, saison_id, date) VALUES (287, 21, 3, '2022-07-22');
INSERT INTO saison_arbitre (id, arbitre_id, saison_id, date) VALUES (288, 5, 6, '2020-07-17');
INSERT INTO saison_arbitre (id, arbitre_id, saison_id, date) VALUES (289, 42, 2, '2021-10-29');
INSERT INTO saison_arbitre (id, arbitre_id, saison_id, date) VALUES (290, 75, 7, '2020-10-14');
INSERT INTO saison_arbitre (id, arbitre_id, saison_id, date) VALUES (291, 45, 3, '2020-11-29');
INSERT INTO saison_arbitre (id, arbitre_id, saison_id, date) VALUES (292, 94, 4, '2021-05-10');
INSERT INTO saison_arbitre (id, arbitre_id, saison_id, date) VALUES (293, 44, 1, '2020-10-19');
INSERT INTO saison_arbitre (id, arbitre_id, saison_id, date) VALUES (294, 82, 6, '2021-05-14');
INSERT INTO saison_arbitre (id, arbitre_id, saison_id, date) VALUES (295, 95, 7, '2021-09-03');
INSERT INTO saison_arbitre (id, arbitre_id, saison_id, date) VALUES (296, 31, 7, '2022-11-24');
INSERT INTO saison_arbitre (id, arbitre_id, saison_id, date) VALUES (297, 93, 4, '2020-09-06');
INSERT INTO saison_arbitre (id, arbitre_id, saison_id, date) VALUES (298, 27, 5, '2021-08-24');
INSERT INTO saison_arbitre (id, arbitre_id, saison_id, date) VALUES (299, 96, 3, '2020-01-20');
INSERT INTO saison_arbitre (id, arbitre_id, saison_id, date) VALUES (300, 12, 3, '2022-10-10');

-- Data for selection
INSERT INTO selection (id, match_id, joueur_id, equipe_id, type, but, passe, carton_jaune, carton_rouge, post) VALUES (1, 9, 437, 90, 'Titulaire', 3, 1, 0, 0, 'Attaquant');
INSERT INTO selection (id, match_id, joueur_id, equipe_id, type, but, passe, carton_jaune, carton_rouge, post) VALUES (2, 35, 361, 76, 'Titulaire', 1, 0, 1, 1, 'Attaquant');
INSERT INTO selection (id, match_id, joueur_id, equipe_id, type, but, passe, carton_jaune, carton_rouge, post) VALUES (3, 58, 17, 14, 'Titulaire', 0, 0, 1, 1, 'Milieu');
INSERT INTO selection (id, match_id, joueur_id, equipe_id, type, but, passe, carton_jaune, carton_rouge, post) VALUES (4, 299, 30, 77, 'Titulaire', 3, 2, 0, 0, 'Défenseur');
INSERT INTO selection (id, match_id, joueur_id, equipe_id, type, but, passe, carton_jaune, carton_rouge, post) VALUES (5, 143, 379, 9, 'Titulaire', 3, 0, 1, 1, 'Défenseur');
INSERT INTO selection (id, match_id, joueur_id, equipe_id, type, but, passe, carton_jaune, carton_rouge, post) VALUES (6, 191, 317, 48, 'Titulaire', 0, 0, 1, 1, 'Gardien');
INSERT INTO selection (id, match_id, joueur_id, equipe_id, type, but, passe, carton_jaune, carton_rouge, post) VALUES (7, 248, 345, 68, 'Titulaire', 1, 1, 0, 1, 'Attaquant');
INSERT INTO selection (id, match_id, joueur_id, equipe_id, type, but, passe, carton_jaune, carton_rouge, post) VALUES (8, 72, 423, 60, 'Titulaire', 0, 1, 1, 1, 'Défenseur');
INSERT INTO selection (id, match_id, joueur_id, equipe_id, type, but, passe, carton_jaune, carton_rouge, post) VALUES (9, 151, 26, 47, 'Titulaire', 0, 0, 0, 1, 'Attaquant');
INSERT INTO selection (id, match_id, joueur_id, equipe_id, type, but, passe, carton_jaune, carton_rouge, post) VALUES (10, 24, 248, 56, 'Titulaire', 0, 2, 1, 1, 'Défenseur');
INSERT INTO selection (id, match_id, joueur_id, equipe_id, type, but, passe, carton_jaune, carton_rouge, post) VALUES (11, 75, 77, 25, 'Titulaire', 0, 3, 0, 1, 'Attaquant');
INSERT INTO selection (id, match_id, joueur_id, equipe_id, type, but, passe, carton_jaune, carton_rouge, post) VALUES (12, 59, 389, 54, 'Titulaire', 2, 3, 1, 0, 'Défenseur');
INSERT INTO selection (id, match_id, joueur_id, equipe_id, type, but, passe, carton_jaune, carton_rouge, post) VALUES (13, 300, 86, 47, 'Titulaire', 3, 1, 1, 0, 'Attaquant');
INSERT INTO selection (id, match_id, joueur_id, equipe_id, type, but, passe, carton_jaune, carton_rouge, post) VALUES (14, 297, 154, 52, 'Titulaire', 2, 0, 1, 0, 'Milieu');
INSERT INTO selection (id, match_id, joueur_id, equipe_id, type, but, passe, carton_jaune, carton_rouge, post) VALUES (15, 128, 211, 84, 'Titulaire', 0, 0, 1, 1, 'Milieu');
INSERT INTO selection (id, match_id, joueur_id, equipe_id, type, but, passe, carton_jaune, carton_rouge, post) VALUES (16, 236, 16, 12, 'Titulaire', 1, 0, 1, 1, 'Gardien');
INSERT INTO selection (id, match_id, joueur_id, equipe_id, type, but, passe, carton_jaune, carton_rouge, post) VALUES (17, 118, 434, 13, 'Titulaire', 2, 0, 1, 0, 'Gardien');
INSERT INTO selection (id, match_id, joueur_id, equipe_id, type, but, passe, carton_jaune, carton_rouge, post) VALUES (18, 204, 140, 93, 'Titulaire', 1, 0, 0, 0, 'Défenseur');
INSERT INTO selection (id, match_id, joueur_id, equipe_id, type, but, passe, carton_jaune, carton_rouge, post) VALUES (19, 228, 423, 56, 'Titulaire', 2, 2, 0, 0, 'Milieu');
INSERT INTO selection (id, match_id, joueur_id, equipe_id, type, but, passe, carton_jaune, carton_rouge, post) VALUES (20, 19, 100, 36, 'Titulaire', 2, 1, 1, 1, 'Attaquant');
INSERT INTO selection (id, match_id, joueur_id, equipe_id, type, but, passe, carton_jaune, carton_rouge, post) VALUES (21, 11, 194, 17, 'Titulaire', 1, 2, 1, 0, 'Milieu');
INSERT INTO selection (id, match_id, joueur_id, equipe_id, type, but, passe, carton_jaune, carton_rouge, post) VALUES (22, 248, 211, 63, 'Titulaire', 2, 1, 1, 1, 'Défenseur');
INSERT INTO selection (id, match_id, joueur_id, equipe_id, type, but, passe, carton_jaune, carton_rouge, post) VALUES (23, 129, 51, 31, 'Titulaire', 1, 2, 0, 0, 'Milieu');
INSERT INTO selection (id, match_id, joueur_id, equipe_id, type, but, passe, carton_jaune, carton_rouge, post) VALUES (24, 8, 229, 58, 'Titulaire', 1, 1, 1, 0, 'Défenseur');
INSERT INTO selection (id, match_id, joueur_id, equipe_id, type, but, passe, carton_jaune, carton_rouge, post) VALUES (25, 279, 407, 27, 'Titulaire', 0, 3, 0, 0, 'Défenseur');
INSERT INTO selection (id, match_id, joueur_id, equipe_id, type, but, passe, carton_jaune, carton_rouge, post) VALUES (26, 92, 497, 60, 'Titulaire', 0, 0, 0, 1, 'Milieu');
INSERT INTO selection (id, match_id, joueur_id, equipe_id, type, but, passe, carton_jaune, carton_rouge, post) VALUES (27, 107, 73, 9, 'Titulaire', 0, 0, 0, 0, 'Gardien');
INSERT INTO selection (id, match_id, joueur_id, equipe_id, type, but, passe, carton_jaune, carton_rouge, post) VALUES (28, 176, 87, 68, 'Titulaire', 3, 0, 1, 0, 'Attaquant');
INSERT INTO selection (id, match_id, joueur_id, equipe_id, type, but, passe, carton_jaune, carton_rouge, post) VALUES (29, 290, 297, 25, 'Titulaire', 2, 3, 1, 1, 'Attaquant');
INSERT INTO selection (id, match_id, joueur_id, equipe_id, type, but, passe, carton_jaune, carton_rouge, post) VALUES (30, 84, 167, 76, 'Titulaire', 1, 0, 1, 1, 'Défenseur');
INSERT INTO selection (id, match_id, joueur_id, equipe_id, type, but, passe, carton_jaune, carton_rouge, post) VALUES (31, 3, 21, 24, 'Titulaire', 3, 1, 1, 1, 'Milieu');
INSERT INTO selection (id, match_id, joueur_id, equipe_id, type, but, passe, carton_jaune, carton_rouge, post) VALUES (32, 14, 257, 44, 'Titulaire', 2, 0, 0, 1, 'Défenseur');
INSERT INTO selection (id, match_id, joueur_id, equipe_id, type, but, passe, carton_jaune, carton_rouge, post) VALUES (33, 150, 432, 54, 'Titulaire', 2, 0, 0, 1, 'Gardien');
INSERT INTO selection (id, match_id, joueur_id, equipe_id, type, but, passe, carton_jaune, carton_rouge, post) VALUES (34, 267, 477, 70, 'Titulaire', 0, 3, 1, 1, 'Gardien');
INSERT INTO selection (id, match_id, joueur_id, equipe_id, type, but, passe, carton_jaune, carton_rouge, post) VALUES (35, 288, 404, 70, 'Titulaire', 1, 3, 0, 0, 'Milieu');
INSERT INTO selection (id, match_id, joueur_id, equipe_id, type, but, passe, carton_jaune, carton_rouge, post) VALUES (36, 152, 255, 72, 'Titulaire', 2, 3, 1, 1, 'Gardien');
INSERT INTO selection (id, match_id, joueur_id, equipe_id, type, but, passe, carton_jaune, carton_rouge, post) VALUES (37, 161, 56, 84, 'Titulaire', 3, 3, 1, 0, 'Défenseur');
INSERT INTO selection (id, match_id, joueur_id, equipe_id, type, but, passe, carton_jaune, carton_rouge, post) VALUES (38, 177, 331, 23, 'Titulaire', 1, 3, 0, 0, 'Milieu');
INSERT INTO selection (id, match_id, joueur_id, equipe_id, type, but, passe, carton_jaune, carton_rouge, post) VALUES (39, 163, 460, 31, 'Titulaire', 2, 2, 1, 1, 'Milieu');
INSERT INTO selection (id, match_id, joueur_id, equipe_id, type, but, passe, carton_jaune, carton_rouge, post) VALUES (40, 76, 342, 31, 'Titulaire', 3, 0, 1, 1, 'Attaquant');
INSERT INTO selection (id, match_id, joueur_id, equipe_id, type, but, passe, carton_jaune, carton_rouge, post) VALUES (41, 92, 472, 78, 'Titulaire', 1, 2, 0, 0, 'Attaquant');
INSERT INTO selection (id, match_id, joueur_id, equipe_id, type, but, passe, carton_jaune, carton_rouge, post) VALUES (42, 45, 71, 64, 'Titulaire', 1, 0, 0, 0, 'Milieu');
INSERT INTO selection (id, match_id, joueur_id, equipe_id, type, but, passe, carton_jaune, carton_rouge, post) VALUES (43, 274, 193, 70, 'Titulaire', 0, 0, 1, 1, 'Défenseur');
INSERT INTO selection (id, match_id, joueur_id, equipe_id, type, but, passe, carton_jaune, carton_rouge, post) VALUES (44, 287, 500, 24, 'Titulaire', 1, 3, 1, 1, 'Défenseur');
INSERT INTO selection (id, match_id, joueur_id, equipe_id, type, but, passe, carton_jaune, carton_rouge, post) VALUES (45, 272, 196, 19, 'Titulaire', 1, 1, 0, 0, 'Défenseur');
INSERT INTO selection (id, match_id, joueur_id, equipe_id, type, but, passe, carton_jaune, carton_rouge, post) VALUES (46, 164, 43, 76, 'Titulaire', 2, 2, 1, 0, 'Attaquant');
INSERT INTO selection (id, match_id, joueur_id, equipe_id, type, but, passe, carton_jaune, carton_rouge, post) VALUES (47, 198, 439, 92, 'Titulaire', 2, 3, 0, 1, 'Gardien');
INSERT INTO selection (id, match_id, joueur_id, equipe_id, type, but, passe, carton_jaune, carton_rouge, post) VALUES (48, 65, 455, 90, 'Titulaire', 1, 0, 1, 1, 'Milieu');
INSERT INTO selection (id, match_id, joueur_id, equipe_id, type, but, passe, carton_jaune, carton_rouge, post) VALUES (49, 153, 153, 9, 'Titulaire', 1, 0, 1, 0, 'Gardien');
INSERT INTO selection (id, match_id, joueur_id, equipe_id, type, but, passe, carton_jaune, carton_rouge, post) VALUES (50, 218, 274, 22, 'Titulaire', 1, 1, 0, 1, 'Défenseur');
INSERT INTO selection (id, match_id, joueur_id, equipe_id, type, but, passe, carton_jaune, carton_rouge, post) VALUES (51, 138, 410, 13, 'Titulaire', 0, 0, 0, 0, 'Milieu');
INSERT INTO selection (id, match_id, joueur_id, equipe_id, type, but, passe, carton_jaune, carton_rouge, post) VALUES (52, 189, 317, 89, 'Titulaire', 2, 0, 1, 1, 'Attaquant');
INSERT INTO selection (id, match_id, joueur_id, equipe_id, type, but, passe, carton_jaune, carton_rouge, post) VALUES (53, 233, 280, 79, 'Titulaire', 2, 2, 1, 0, 'Gardien');
INSERT INTO selection (id, match_id, joueur_id, equipe_id, type, but, passe, carton_jaune, carton_rouge, post) VALUES (54, 272, 13, 47, 'Titulaire', 1, 3, 1, 1, 'Défenseur');
INSERT INTO selection (id, match_id, joueur_id, equipe_id, type, but, passe, carton_jaune, carton_rouge, post) VALUES (55, 58, 103, 100, 'Titulaire', 2, 3, 1, 0, 'Défenseur');
INSERT INTO selection (id, match_id, joueur_id, equipe_id, type, but, passe, carton_jaune, carton_rouge, post) VALUES (56, 241, 450, 2, 'Titulaire', 2, 1, 1, 0, 'Défenseur');
INSERT INTO selection (id, match_id, joueur_id, equipe_id, type, but, passe, carton_jaune, carton_rouge, post) VALUES (57, 222, 35, 4, 'Titulaire', 3, 2, 1, 1, 'Gardien');
INSERT INTO selection (id, match_id, joueur_id, equipe_id, type, but, passe, carton_jaune, carton_rouge, post) VALUES (58, 32, 123, 32, 'Titulaire', 0, 3, 0, 0, 'Attaquant');
INSERT INTO selection (id, match_id, joueur_id, equipe_id, type, but, passe, carton_jaune, carton_rouge, post) VALUES (59, 164, 79, 74, 'Titulaire', 1, 2, 0, 1, 'Milieu');
INSERT INTO selection (id, match_id, joueur_id, equipe_id, type, but, passe, carton_jaune, carton_rouge, post) VALUES (60, 218, 373, 27, 'Titulaire', 1, 3, 1, 1, 'Défenseur');
INSERT INTO selection (id, match_id, joueur_id, equipe_id, type, but, passe, carton_jaune, carton_rouge, post) VALUES (61, 151, 9, 51, 'Titulaire', 1, 0, 1, 0, 'Attaquant');
INSERT INTO selection (id, match_id, joueur_id, equipe_id, type, but, passe, carton_jaune, carton_rouge, post) VALUES (62, 222, 70, 20, 'Titulaire', 2, 3, 1, 0, 'Défenseur');
INSERT INTO selection (id, match_id, joueur_id, equipe_id, type, but, passe, carton_jaune, carton_rouge, post) VALUES (63, 138, 173, 6, 'Titulaire', 2, 2, 0, 0, 'Attaquant');
INSERT INTO selection (id, match_id, joueur_id, equipe_id, type, but, passe, carton_jaune, carton_rouge, post) VALUES (64, 39, 47, 33, 'Titulaire', 2, 3, 1, 0, 'Défenseur');
INSERT INTO selection (id, match_id, joueur_id, equipe_id, type, but, passe, carton_jaune, carton_rouge, post) VALUES (65, 229, 138, 24, 'Titulaire', 0, 3, 0, 0, 'Gardien');
INSERT INTO selection (id, match_id, joueur_id, equipe_id, type, but, passe, carton_jaune, carton_rouge, post) VALUES (66, 278, 340, 12, 'Titulaire', 1, 2, 1, 0, 'Défenseur');
INSERT INTO selection (id, match_id, joueur_id, equipe_id, type, but, passe, carton_jaune, carton_rouge, post) VALUES (67, 21, 451, 80, 'Titulaire', 1, 1, 0, 1, 'Milieu');
INSERT INTO selection (id, match_id, joueur_id, equipe_id, type, but, passe, carton_jaune, carton_rouge, post) VALUES (68, 203, 461, 80, 'Titulaire', 0, 0, 1, 0, 'Gardien');
INSERT INTO selection (id, match_id, joueur_id, equipe_id, type, but, passe, carton_jaune, carton_rouge, post) VALUES (69, 172, 129, 8, 'Titulaire', 1, 3, 0, 0, 'Attaquant');
INSERT INTO selection (id, match_id, joueur_id, equipe_id, type, but, passe, carton_jaune, carton_rouge, post) VALUES (70, 129, 397, 70, 'Titulaire', 1, 3, 0, 1, 'Attaquant');
INSERT INTO selection (id, match_id, joueur_id, equipe_id, type, but, passe, carton_jaune, carton_rouge, post) VALUES (71, 71, 30, 80, 'Titulaire', 1, 3, 0, 0, 'Gardien');
INSERT INTO selection (id, match_id, joueur_id, equipe_id, type, but, passe, carton_jaune, carton_rouge, post) VALUES (72, 59, 114, 13, 'Titulaire', 0, 3, 0, 1, 'Attaquant');
INSERT INTO selection (id, match_id, joueur_id, equipe_id, type, but, passe, carton_jaune, carton_rouge, post) VALUES (73, 71, 133, 83, 'Titulaire', 2, 2, 0, 0, 'Défenseur');
INSERT INTO selection (id, match_id, joueur_id, equipe_id, type, but, passe, carton_jaune, carton_rouge, post) VALUES (74, 278, 451, 4, 'Titulaire', 2, 1, 0, 1, 'Défenseur');
INSERT INTO selection (id, match_id, joueur_id, equipe_id, type, but, passe, carton_jaune, carton_rouge, post) VALUES (75, 289, 361, 44, 'Titulaire', 1, 3, 1, 1, 'Gardien');
INSERT INTO selection (id, match_id, joueur_id, equipe_id, type, but, passe, carton_jaune, carton_rouge, post) VALUES (76, 84, 204, 20, 'Titulaire', 1, 3, 1, 0, 'Défenseur');
INSERT INTO selection (id, match_id, joueur_id, equipe_id, type, but, passe, carton_jaune, carton_rouge, post) VALUES (77, 38, 469, 91, 'Titulaire', 3, 0, 1, 0, 'Défenseur');
INSERT INTO selection (id, match_id, joueur_id, equipe_id, type, but, passe, carton_jaune, carton_rouge, post) VALUES (78, 107, 366, 66, 'Titulaire', 2, 2, 0, 0, 'Milieu');
INSERT INTO selection (id, match_id, joueur_id, equipe_id, type, but, passe, carton_jaune, carton_rouge, post) VALUES (79, 192, 326, 50, 'Titulaire', 0, 1, 1, 1, 'Défenseur');
INSERT INTO selection (id, match_id, joueur_id, equipe_id, type, but, passe, carton_jaune, carton_rouge, post) VALUES (80, 90, 36, 80, 'Titulaire', 1, 2, 1, 0, 'Défenseur');
INSERT INTO selection (id, match_id, joueur_id, equipe_id, type, but, passe, carton_jaune, carton_rouge, post) VALUES (81, 51, 14, 60, 'Titulaire', 1, 1, 0, 0, 'Défenseur');
INSERT INTO selection (id, match_id, joueur_id, equipe_id, type, but, passe, carton_jaune, carton_rouge, post) VALUES (82, 229, 415, 30, 'Titulaire', 1, 0, 1, 0, 'Milieu');
INSERT INTO selection (id, match_id, joueur_id, equipe_id, type, but, passe, carton_jaune, carton_rouge, post) VALUES (83, 195, 342, 48, 'Titulaire', 0, 1, 0, 1, 'Attaquant');
INSERT INTO selection (id, match_id, joueur_id, equipe_id, type, but, passe, carton_jaune, carton_rouge, post) VALUES (84, 38, 461, 64, 'Titulaire', 2, 0, 0, 0, 'Défenseur');
INSERT INTO selection (id, match_id, joueur_id, equipe_id, type, but, passe, carton_jaune, carton_rouge, post) VALUES (85, 5, 476, 43, 'Titulaire', 1, 2, 1, 0, 'Milieu');
INSERT INTO selection (id, match_id, joueur_id, equipe_id, type, but, passe, carton_jaune, carton_rouge, post) VALUES (86, 222, 195, 44, 'Titulaire', 1, 2, 0, 1, 'Attaquant');
INSERT INTO selection (id, match_id, joueur_id, equipe_id, type, but, passe, carton_jaune, carton_rouge, post) VALUES (87, 23, 239, 3, 'Titulaire', 1, 3, 0, 1, 'Défenseur');
INSERT INTO selection (id, match_id, joueur_id, equipe_id, type, but, passe, carton_jaune, carton_rouge, post) VALUES (88, 142, 328, 83, 'Titulaire', 2, 3, 1, 0, 'Défenseur');
INSERT INTO selection (id, match_id, joueur_id, equipe_id, type, but, passe, carton_jaune, carton_rouge, post) VALUES (89, 14, 270, 39, 'Titulaire', 2, 1, 0, 1, 'Attaquant');
INSERT INTO selection (id, match_id, joueur_id, equipe_id, type, but, passe, carton_jaune, carton_rouge, post) VALUES (90, 88, 22, 65, 'Titulaire', 2, 0, 0, 0, 'Milieu');
INSERT INTO selection (id, match_id, joueur_id, equipe_id, type, but, passe, carton_jaune, carton_rouge, post) VALUES (91, 234, 120, 92, 'Titulaire', 2, 3, 1, 1, 'Défenseur');
INSERT INTO selection (id, match_id, joueur_id, equipe_id, type, but, passe, carton_jaune, carton_rouge, post) VALUES (92, 17, 493, 81, 'Titulaire', 0, 3, 0, 0, 'Gardien');
INSERT INTO selection (id, match_id, joueur_id, equipe_id, type, but, passe, carton_jaune, carton_rouge, post) VALUES (93, 218, 490, 1, 'Titulaire', 2, 1, 1, 1, 'Attaquant');
INSERT INTO selection (id, match_id, joueur_id, equipe_id, type, but, passe, carton_jaune, carton_rouge, post) VALUES (94, 39, 234, 8, 'Titulaire', 3, 0, 1, 0, 'Milieu');
INSERT INTO selection (id, match_id, joueur_id, equipe_id, type, but, passe, carton_jaune, carton_rouge, post) VALUES (95, 241, 257, 59, 'Titulaire', 0, 0, 1, 0, 'Attaquant');
INSERT INTO selection (id, match_id, joueur_id, equipe_id, type, but, passe, carton_jaune, carton_rouge, post) VALUES (96, 106, 492, 22, 'Titulaire', 2, 2, 1, 0, 'Gardien');
INSERT INTO selection (id, match_id, joueur_id, equipe_id, type, but, passe, carton_jaune, carton_rouge, post) VALUES (97, 219, 99, 60, 'Titulaire', 2, 1, 1, 1, 'Milieu');
INSERT INTO selection (id, match_id, joueur_id, equipe_id, type, but, passe, carton_jaune, carton_rouge, post) VALUES (98, 58, 200, 56, 'Titulaire', 2, 3, 1, 1, 'Attaquant');
INSERT INTO selection (id, match_id, joueur_id, equipe_id, type, but, passe, carton_jaune, carton_rouge, post) VALUES (99, 282, 431, 91, 'Titulaire', 3, 2, 0, 1, 'Milieu');
INSERT INTO selection (id, match_id, joueur_id, equipe_id, type, but, passe, carton_jaune, carton_rouge, post) VALUES (100, 128, 478, 52, 'Titulaire', 1, 3, 1, 1, 'Milieu');
INSERT INTO selection (id, match_id, joueur_id, equipe_id, type, but, passe, carton_jaune, carton_rouge, post) VALUES (101, 111, 445, 60, 'Titulaire', 2, 1, 0, 1, 'Attaquant');
INSERT INTO selection (id, match_id, joueur_id, equipe_id, type, but, passe, carton_jaune, carton_rouge, post) VALUES (102, 83, 306, 1, 'Titulaire', 1, 0, 0, 0, 'Attaquant');
INSERT INTO selection (id, match_id, joueur_id, equipe_id, type, but, passe, carton_jaune, carton_rouge, post) VALUES (103, 295, 498, 51, 'Titulaire', 3, 0, 1, 1, 'Milieu');
INSERT INTO selection (id, match_id, joueur_id, equipe_id, type, but, passe, carton_jaune, carton_rouge, post) VALUES (104, 167, 225, 34, 'Titulaire', 3, 1, 0, 0, 'Attaquant');
INSERT INTO selection (id, match_id, joueur_id, equipe_id, type, but, passe, carton_jaune, carton_rouge, post) VALUES (105, 133, 451, 92, 'Titulaire', 1, 2, 1, 0, 'Défenseur');
INSERT INTO selection (id, match_id, joueur_id, equipe_id, type, but, passe, carton_jaune, carton_rouge, post) VALUES (106, 204, 368, 38, 'Titulaire', 2, 3, 1, 0, 'Défenseur');
INSERT INTO selection (id, match_id, joueur_id, equipe_id, type, but, passe, carton_jaune, carton_rouge, post) VALUES (107, 233, 359, 1, 'Titulaire', 2, 0, 0, 0, 'Attaquant');
INSERT INTO selection (id, match_id, joueur_id, equipe_id, type, but, passe, carton_jaune, carton_rouge, post) VALUES (108, 229, 14, 64, 'Titulaire', 2, 2, 1, 1, 'Défenseur');
INSERT INTO selection (id, match_id, joueur_id, equipe_id, type, but, passe, carton_jaune, carton_rouge, post) VALUES (109, 216, 431, 51, 'Titulaire', 1, 1, 1, 1, 'Milieu');
INSERT INTO selection (id, match_id, joueur_id, equipe_id, type, but, passe, carton_jaune, carton_rouge, post) VALUES (110, 65, 68, 41, 'Titulaire', 1, 3, 0, 0, 'Défenseur');
INSERT INTO selection (id, match_id, joueur_id, equipe_id, type, but, passe, carton_jaune, carton_rouge, post) VALUES (111, 131, 7, 26, 'Titulaire', 0, 2, 1, 0, 'Gardien');
INSERT INTO selection (id, match_id, joueur_id, equipe_id, type, but, passe, carton_jaune, carton_rouge, post) VALUES (112, 250, 204, 59, 'Titulaire', 3, 2, 1, 1, 'Attaquant');
INSERT INTO selection (id, match_id, joueur_id, equipe_id, type, but, passe, carton_jaune, carton_rouge, post) VALUES (113, 127, 348, 25, 'Titulaire', 0, 1, 0, 0, 'Attaquant');
INSERT INTO selection (id, match_id, joueur_id, equipe_id, type, but, passe, carton_jaune, carton_rouge, post) VALUES (114, 234, 444, 41, 'Titulaire', 2, 2, 1, 1, 'Attaquant');
INSERT INTO selection (id, match_id, joueur_id, equipe_id, type, but, passe, carton_jaune, carton_rouge, post) VALUES (115, 117, 321, 58, 'Titulaire', 0, 1, 1, 0, 'Gardien');
INSERT INTO selection (id, match_id, joueur_id, equipe_id, type, but, passe, carton_jaune, carton_rouge, post) VALUES (116, 134, 364, 51, 'Titulaire', 0, 0, 1, 1, 'Défenseur');
INSERT INTO selection (id, match_id, joueur_id, equipe_id, type, but, passe, carton_jaune, carton_rouge, post) VALUES (117, 96, 326, 60, 'Titulaire', 3, 1, 0, 0, 'Milieu');
INSERT INTO selection (id, match_id, joueur_id, equipe_id, type, but, passe, carton_jaune, carton_rouge, post) VALUES (118, 182, 282, 36, 'Titulaire', 3, 0, 0, 1, 'Défenseur');
INSERT INTO selection (id, match_id, joueur_id, equipe_id, type, but, passe, carton_jaune, carton_rouge, post) VALUES (119, 165, 11, 91, 'Titulaire', 3, 0, 0, 1, 'Gardien');
INSERT INTO selection (id, match_id, joueur_id, equipe_id, type, but, passe, carton_jaune, carton_rouge, post) VALUES (120, 81, 353, 62, 'Titulaire', 1, 3, 1, 1, 'Gardien');
INSERT INTO selection (id, match_id, joueur_id, equipe_id, type, but, passe, carton_jaune, carton_rouge, post) VALUES (121, 109, 27, 4, 'Titulaire', 2, 3, 1, 0, 'Gardien');
INSERT INTO selection (id, match_id, joueur_id, equipe_id, type, but, passe, carton_jaune, carton_rouge, post) VALUES (122, 108, 350, 88, 'Titulaire', 3, 1, 0, 0, 'Attaquant');
INSERT INTO selection (id, match_id, joueur_id, equipe_id, type, but, passe, carton_jaune, carton_rouge, post) VALUES (123, 67, 266, 70, 'Titulaire', 3, 2, 0, 1, 'Milieu');
INSERT INTO selection (id, match_id, joueur_id, equipe_id, type, but, passe, carton_jaune, carton_rouge, post) VALUES (124, 294, 297, 92, 'Titulaire', 0, 0, 0, 0, 'Attaquant');
INSERT INTO selection (id, match_id, joueur_id, equipe_id, type, but, passe, carton_jaune, carton_rouge, post) VALUES (125, 277, 320, 46, 'Titulaire', 2, 0, 0, 1, 'Gardien');
INSERT INTO selection (id, match_id, joueur_id, equipe_id, type, but, passe, carton_jaune, carton_rouge, post) VALUES (126, 296, 279, 38, 'Titulaire', 3, 2, 1, 1, 'Gardien');
INSERT INTO selection (id, match_id, joueur_id, equipe_id, type, but, passe, carton_jaune, carton_rouge, post) VALUES (127, 131, 95, 5, 'Titulaire', 3, 1, 1, 0, 'Gardien');
INSERT INTO selection (id, match_id, joueur_id, equipe_id, type, but, passe, carton_jaune, carton_rouge, post) VALUES (128, 65, 94, 86, 'Titulaire', 3, 1, 1, 1, 'Attaquant');
INSERT INTO selection (id, match_id, joueur_id, equipe_id, type, but, passe, carton_jaune, carton_rouge, post) VALUES (129, 43, 214, 35, 'Titulaire', 1, 3, 1, 1, 'Attaquant');
INSERT INTO selection (id, match_id, joueur_id, equipe_id, type, but, passe, carton_jaune, carton_rouge, post) VALUES (130, 112, 97, 33, 'Titulaire', 3, 2, 0, 0, 'Défenseur');
INSERT INTO selection (id, match_id, joueur_id, equipe_id, type, but, passe, carton_jaune, carton_rouge, post) VALUES (131, 268, 117, 1, 'Titulaire', 0, 0, 1, 0, 'Milieu');
INSERT INTO selection (id, match_id, joueur_id, equipe_id, type, but, passe, carton_jaune, carton_rouge, post) VALUES (132, 113, 27, 72, 'Titulaire', 1, 0, 0, 0, 'Défenseur');
INSERT INTO selection (id, match_id, joueur_id, equipe_id, type, but, passe, carton_jaune, carton_rouge, post) VALUES (133, 280, 467, 68, 'Titulaire', 0, 3, 1, 0, 'Gardien');
INSERT INTO selection (id, match_id, joueur_id, equipe_id, type, but, passe, carton_jaune, carton_rouge, post) VALUES (134, 207, 159, 8, 'Titulaire', 1, 3, 1, 0, 'Attaquant');
INSERT INTO selection (id, match_id, joueur_id, equipe_id, type, but, passe, carton_jaune, carton_rouge, post) VALUES (135, 71, 346, 32, 'Titulaire', 3, 2, 1, 1, 'Défenseur');
INSERT INTO selection (id, match_id, joueur_id, equipe_id, type, but, passe, carton_jaune, carton_rouge, post) VALUES (136, 108, 361, 92, 'Titulaire', 1, 1, 0, 1, 'Gardien');
INSERT INTO selection (id, match_id, joueur_id, equipe_id, type, but, passe, carton_jaune, carton_rouge, post) VALUES (137, 21, 152, 65, 'Titulaire', 2, 3, 1, 0, 'Milieu');
INSERT INTO selection (id, match_id, joueur_id, equipe_id, type, but, passe, carton_jaune, carton_rouge, post) VALUES (138, 69, 489, 75, 'Titulaire', 2, 3, 1, 1, 'Milieu');
INSERT INTO selection (id, match_id, joueur_id, equipe_id, type, but, passe, carton_jaune, carton_rouge, post) VALUES (139, 114, 169, 9, 'Titulaire', 0, 0, 1, 0, 'Défenseur');
INSERT INTO selection (id, match_id, joueur_id, equipe_id, type, but, passe, carton_jaune, carton_rouge, post) VALUES (140, 224, 23, 38, 'Titulaire', 1, 1, 0, 0, 'Gardien');
INSERT INTO selection (id, match_id, joueur_id, equipe_id, type, but, passe, carton_jaune, carton_rouge, post) VALUES (141, 214, 449, 71, 'Titulaire', 2, 1, 0, 1, 'Milieu');
INSERT INTO selection (id, match_id, joueur_id, equipe_id, type, but, passe, carton_jaune, carton_rouge, post) VALUES (142, 25, 469, 95, 'Titulaire', 3, 0, 0, 0, 'Gardien');
INSERT INTO selection (id, match_id, joueur_id, equipe_id, type, but, passe, carton_jaune, carton_rouge, post) VALUES (143, 27, 213, 41, 'Titulaire', 1, 1, 0, 1, 'Gardien');
INSERT INTO selection (id, match_id, joueur_id, equipe_id, type, but, passe, carton_jaune, carton_rouge, post) VALUES (144, 70, 186, 29, 'Titulaire', 0, 0, 0, 1, 'Défenseur');
INSERT INTO selection (id, match_id, joueur_id, equipe_id, type, but, passe, carton_jaune, carton_rouge, post) VALUES (145, 146, 6, 83, 'Titulaire', 3, 1, 1, 1, 'Défenseur');
INSERT INTO selection (id, match_id, joueur_id, equipe_id, type, but, passe, carton_jaune, carton_rouge, post) VALUES (146, 267, 366, 57, 'Titulaire', 2, 1, 1, 0, 'Défenseur');
INSERT INTO selection (id, match_id, joueur_id, equipe_id, type, but, passe, carton_jaune, carton_rouge, post) VALUES (147, 18, 421, 78, 'Titulaire', 1, 0, 1, 1, 'Défenseur');
INSERT INTO selection (id, match_id, joueur_id, equipe_id, type, but, passe, carton_jaune, carton_rouge, post) VALUES (148, 119, 334, 75, 'Titulaire', 2, 3, 1, 0, 'Défenseur');
INSERT INTO selection (id, match_id, joueur_id, equipe_id, type, but, passe, carton_jaune, carton_rouge, post) VALUES (149, 162, 336, 32, 'Titulaire', 0, 0, 0, 1, 'Attaquant');
INSERT INTO selection (id, match_id, joueur_id, equipe_id, type, but, passe, carton_jaune, carton_rouge, post) VALUES (150, 196, 363, 82, 'Titulaire', 3, 3, 0, 1, 'Milieu');
INSERT INTO selection (id, match_id, joueur_id, equipe_id, type, but, passe, carton_jaune, carton_rouge, post) VALUES (151, 104, 144, 92, 'Titulaire', 2, 3, 1, 1, 'Gardien');
INSERT INTO selection (id, match_id, joueur_id, equipe_id, type, but, passe, carton_jaune, carton_rouge, post) VALUES (152, 178, 263, 2, 'Titulaire', 2, 1, 0, 0, 'Attaquant');
INSERT INTO selection (id, match_id, joueur_id, equipe_id, type, but, passe, carton_jaune, carton_rouge, post) VALUES (153, 40, 327, 87, 'Titulaire', 3, 2, 1, 0, 'Milieu');
INSERT INTO selection (id, match_id, joueur_id, equipe_id, type, but, passe, carton_jaune, carton_rouge, post) VALUES (154, 169, 143, 61, 'Titulaire', 3, 1, 1, 0, 'Milieu');
INSERT INTO selection (id, match_id, joueur_id, equipe_id, type, but, passe, carton_jaune, carton_rouge, post) VALUES (155, 219, 251, 30, 'Titulaire', 1, 1, 1, 1, 'Milieu');
INSERT INTO selection (id, match_id, joueur_id, equipe_id, type, but, passe, carton_jaune, carton_rouge, post) VALUES (156, 22, 40, 87, 'Titulaire', 1, 1, 0, 0, 'Gardien');
INSERT INTO selection (id, match_id, joueur_id, equipe_id, type, but, passe, carton_jaune, carton_rouge, post) VALUES (157, 4, 472, 15, 'Titulaire', 2, 2, 0, 0, 'Attaquant');
INSERT INTO selection (id, match_id, joueur_id, equipe_id, type, but, passe, carton_jaune, carton_rouge, post) VALUES (158, 188, 482, 47, 'Titulaire', 1, 1, 0, 1, 'Milieu');
INSERT INTO selection (id, match_id, joueur_id, equipe_id, type, but, passe, carton_jaune, carton_rouge, post) VALUES (159, 207, 426, 22, 'Titulaire', 3, 0, 1, 1, 'Attaquant');
INSERT INTO selection (id, match_id, joueur_id, equipe_id, type, but, passe, carton_jaune, carton_rouge, post) VALUES (160, 61, 434, 31, 'Titulaire', 0, 3, 0, 0, 'Milieu');
INSERT INTO selection (id, match_id, joueur_id, equipe_id, type, but, passe, carton_jaune, carton_rouge, post) VALUES (161, 293, 459, 92, 'Titulaire', 3, 1, 0, 1, 'Attaquant');
INSERT INTO selection (id, match_id, joueur_id, equipe_id, type, but, passe, carton_jaune, carton_rouge, post) VALUES (162, 136, 261, 62, 'Titulaire', 3, 1, 1, 0, 'Gardien');
INSERT INTO selection (id, match_id, joueur_id, equipe_id, type, but, passe, carton_jaune, carton_rouge, post) VALUES (163, 103, 310, 40, 'Titulaire', 1, 1, 0, 0, 'Attaquant');
INSERT INTO selection (id, match_id, joueur_id, equipe_id, type, but, passe, carton_jaune, carton_rouge, post) VALUES (164, 41, 203, 85, 'Titulaire', 1, 3, 1, 0, 'Gardien');
INSERT INTO selection (id, match_id, joueur_id, equipe_id, type, but, passe, carton_jaune, carton_rouge, post) VALUES (165, 288, 421, 99, 'Titulaire', 3, 1, 0, 0, 'Milieu');
INSERT INTO selection (id, match_id, joueur_id, equipe_id, type, but, passe, carton_jaune, carton_rouge, post) VALUES (166, 54, 53, 84, 'Titulaire', 3, 2, 1, 0, 'Attaquant');
INSERT INTO selection (id, match_id, joueur_id, equipe_id, type, but, passe, carton_jaune, carton_rouge, post) VALUES (167, 174, 34, 36, 'Titulaire', 3, 1, 0, 1, 'Défenseur');
INSERT INTO selection (id, match_id, joueur_id, equipe_id, type, but, passe, carton_jaune, carton_rouge, post) VALUES (168, 286, 149, 44, 'Titulaire', 0, 1, 1, 1, 'Attaquant');
INSERT INTO selection (id, match_id, joueur_id, equipe_id, type, but, passe, carton_jaune, carton_rouge, post) VALUES (169, 56, 6, 26, 'Titulaire', 2, 0, 1, 0, 'Gardien');
INSERT INTO selection (id, match_id, joueur_id, equipe_id, type, but, passe, carton_jaune, carton_rouge, post) VALUES (170, 212, 203, 65, 'Titulaire', 0, 2, 1, 0, 'Attaquant');
INSERT INTO selection (id, match_id, joueur_id, equipe_id, type, but, passe, carton_jaune, carton_rouge, post) VALUES (171, 8, 288, 30, 'Titulaire', 3, 2, 1, 1, 'Attaquant');
INSERT INTO selection (id, match_id, joueur_id, equipe_id, type, but, passe, carton_jaune, carton_rouge, post) VALUES (172, 40, 120, 43, 'Titulaire', 0, 2, 1, 0, 'Gardien');
INSERT INTO selection (id, match_id, joueur_id, equipe_id, type, but, passe, carton_jaune, carton_rouge, post) VALUES (173, 210, 198, 47, 'Titulaire', 2, 2, 1, 1, 'Milieu');
INSERT INTO selection (id, match_id, joueur_id, equipe_id, type, but, passe, carton_jaune, carton_rouge, post) VALUES (174, 62, 149, 90, 'Titulaire', 2, 0, 0, 0, 'Défenseur');
INSERT INTO selection (id, match_id, joueur_id, equipe_id, type, but, passe, carton_jaune, carton_rouge, post) VALUES (175, 64, 440, 63, 'Titulaire', 0, 1, 1, 1, 'Milieu');
INSERT INTO selection (id, match_id, joueur_id, equipe_id, type, but, passe, carton_jaune, carton_rouge, post) VALUES (176, 286, 306, 82, 'Titulaire', 0, 3, 0, 0, 'Défenseur');
INSERT INTO selection (id, match_id, joueur_id, equipe_id, type, but, passe, carton_jaune, carton_rouge, post) VALUES (177, 235, 181, 7, 'Titulaire', 0, 2, 0, 1, 'Attaquant');
INSERT INTO selection (id, match_id, joueur_id, equipe_id, type, but, passe, carton_jaune, carton_rouge, post) VALUES (178, 39, 401, 6, 'Titulaire', 0, 1, 0, 1, 'Défenseur');
INSERT INTO selection (id, match_id, joueur_id, equipe_id, type, but, passe, carton_jaune, carton_rouge, post) VALUES (179, 241, 198, 63, 'Titulaire', 1, 3, 1, 0, 'Gardien');
INSERT INTO selection (id, match_id, joueur_id, equipe_id, type, but, passe, carton_jaune, carton_rouge, post) VALUES (180, 57, 322, 9, 'Titulaire', 1, 2, 1, 0, 'Gardien');
INSERT INTO selection (id, match_id, joueur_id, equipe_id, type, but, passe, carton_jaune, carton_rouge, post) VALUES (181, 102, 372, 50, 'Titulaire', 2, 1, 0, 1, 'Gardien');
INSERT INTO selection (id, match_id, joueur_id, equipe_id, type, but, passe, carton_jaune, carton_rouge, post) VALUES (182, 95, 418, 69, 'Titulaire', 3, 2, 1, 0, 'Gardien');
INSERT INTO selection (id, match_id, joueur_id, equipe_id, type, but, passe, carton_jaune, carton_rouge, post) VALUES (183, 65, 455, 69, 'Titulaire', 3, 2, 1, 0, 'Défenseur');
INSERT INTO selection (id, match_id, joueur_id, equipe_id, type, but, passe, carton_jaune, carton_rouge, post) VALUES (184, 207, 120, 3, 'Titulaire', 3, 0, 1, 1, 'Attaquant');
INSERT INTO selection (id, match_id, joueur_id, equipe_id, type, but, passe, carton_jaune, carton_rouge, post) VALUES (185, 196, 323, 58, 'Titulaire', 3, 1, 1, 1, 'Défenseur');
INSERT INTO selection (id, match_id, joueur_id, equipe_id, type, but, passe, carton_jaune, carton_rouge, post) VALUES (186, 55, 6, 61, 'Titulaire', 3, 1, 0, 1, 'Attaquant');
INSERT INTO selection (id, match_id, joueur_id, equipe_id, type, but, passe, carton_jaune, carton_rouge, post) VALUES (187, 73, 228, 96, 'Titulaire', 0, 2, 0, 0, 'Attaquant');
INSERT INTO selection (id, match_id, joueur_id, equipe_id, type, but, passe, carton_jaune, carton_rouge, post) VALUES (188, 271, 90, 21, 'Titulaire', 2, 2, 1, 1, 'Défenseur');
INSERT INTO selection (id, match_id, joueur_id, equipe_id, type, but, passe, carton_jaune, carton_rouge, post) VALUES (189, 157, 120, 95, 'Titulaire', 2, 3, 1, 1, 'Milieu');
INSERT INTO selection (id, match_id, joueur_id, equipe_id, type, but, passe, carton_jaune, carton_rouge, post) VALUES (190, 38, 109, 68, 'Titulaire', 1, 2, 0, 0, 'Défenseur');
INSERT INTO selection (id, match_id, joueur_id, equipe_id, type, but, passe, carton_jaune, carton_rouge, post) VALUES (191, 46, 419, 91, 'Titulaire', 0, 0, 0, 0, 'Attaquant');
INSERT INTO selection (id, match_id, joueur_id, equipe_id, type, but, passe, carton_jaune, carton_rouge, post) VALUES (192, 36, 80, 73, 'Titulaire', 2, 1, 1, 0, 'Défenseur');
INSERT INTO selection (id, match_id, joueur_id, equipe_id, type, but, passe, carton_jaune, carton_rouge, post) VALUES (193, 215, 331, 67, 'Titulaire', 0, 1, 1, 0, 'Attaquant');
INSERT INTO selection (id, match_id, joueur_id, equipe_id, type, but, passe, carton_jaune, carton_rouge, post) VALUES (194, 24, 246, 65, 'Titulaire', 2, 1, 0, 1, 'Gardien');
INSERT INTO selection (id, match_id, joueur_id, equipe_id, type, but, passe, carton_jaune, carton_rouge, post) VALUES (195, 109, 104, 6, 'Titulaire', 0, 1, 0, 0, 'Défenseur');
INSERT INTO selection (id, match_id, joueur_id, equipe_id, type, but, passe, carton_jaune, carton_rouge, post) VALUES (196, 27, 67, 57, 'Titulaire', 0, 0, 0, 0, 'Gardien');
INSERT INTO selection (id, match_id, joueur_id, equipe_id, type, but, passe, carton_jaune, carton_rouge, post) VALUES (197, 7, 219, 55, 'Titulaire', 2, 3, 1, 0, 'Défenseur');
INSERT INTO selection (id, match_id, joueur_id, equipe_id, type, but, passe, carton_jaune, carton_rouge, post) VALUES (198, 19, 238, 37, 'Titulaire', 1, 1, 0, 1, 'Défenseur');
INSERT INTO selection (id, match_id, joueur_id, equipe_id, type, but, passe, carton_jaune, carton_rouge, post) VALUES (199, 250, 298, 13, 'Titulaire', 3, 3, 1, 1, 'Gardien');
INSERT INTO selection (id, match_id, joueur_id, equipe_id, type, but, passe, carton_jaune, carton_rouge, post) VALUES (200, 114, 160, 46, 'Titulaire', 0, 3, 0, 1, 'Milieu');
INSERT INTO selection (id, match_id, joueur_id, equipe_id, type, but, passe, carton_jaune, carton_rouge, post) VALUES (201, 267, 57, 94, 'Titulaire', 2, 0, 0, 1, 'Attaquant');
INSERT INTO selection (id, match_id, joueur_id, equipe_id, type, but, passe, carton_jaune, carton_rouge, post) VALUES (202, 240, 200, 19, 'Titulaire', 3, 3, 0, 0, 'Gardien');
INSERT INTO selection (id, match_id, joueur_id, equipe_id, type, but, passe, carton_jaune, carton_rouge, post) VALUES (203, 171, 415, 24, 'Titulaire', 1, 1, 0, 1, 'Milieu');
INSERT INTO selection (id, match_id, joueur_id, equipe_id, type, but, passe, carton_jaune, carton_rouge, post) VALUES (204, 184, 147, 7, 'Titulaire', 0, 0, 0, 0, 'Milieu');
INSERT INTO selection (id, match_id, joueur_id, equipe_id, type, but, passe, carton_jaune, carton_rouge, post) VALUES (205, 73, 361, 55, 'Titulaire', 3, 0, 0, 0, 'Milieu');
INSERT INTO selection (id, match_id, joueur_id, equipe_id, type, but, passe, carton_jaune, carton_rouge, post) VALUES (206, 202, 373, 13, 'Titulaire', 3, 0, 0, 1, 'Attaquant');
INSERT INTO selection (id, match_id, joueur_id, equipe_id, type, but, passe, carton_jaune, carton_rouge, post) VALUES (207, 115, 476, 34, 'Titulaire', 0, 1, 0, 1, 'Milieu');
INSERT INTO selection (id, match_id, joueur_id, equipe_id, type, but, passe, carton_jaune, carton_rouge, post) VALUES (208, 9, 84, 55, 'Titulaire', 0, 0, 1, 1, 'Défenseur');
INSERT INTO selection (id, match_id, joueur_id, equipe_id, type, but, passe, carton_jaune, carton_rouge, post) VALUES (209, 5, 443, 87, 'Titulaire', 1, 2, 0, 1, 'Gardien');
INSERT INTO selection (id, match_id, joueur_id, equipe_id, type, but, passe, carton_jaune, carton_rouge, post) VALUES (210, 169, 1, 50, 'Titulaire', 2, 1, 1, 1, 'Gardien');
INSERT INTO selection (id, match_id, joueur_id, equipe_id, type, but, passe, carton_jaune, carton_rouge, post) VALUES (211, 87, 16, 74, 'Titulaire', 0, 1, 0, 1, 'Milieu');
INSERT INTO selection (id, match_id, joueur_id, equipe_id, type, but, passe, carton_jaune, carton_rouge, post) VALUES (212, 199, 282, 95, 'Titulaire', 3, 2, 0, 1, 'Gardien');
INSERT INTO selection (id, match_id, joueur_id, equipe_id, type, but, passe, carton_jaune, carton_rouge, post) VALUES (213, 125, 390, 28, 'Titulaire', 2, 2, 0, 0, 'Gardien');
INSERT INTO selection (id, match_id, joueur_id, equipe_id, type, but, passe, carton_jaune, carton_rouge, post) VALUES (214, 300, 373, 76, 'Titulaire', 0, 3, 1, 0, 'Attaquant');
INSERT INTO selection (id, match_id, joueur_id, equipe_id, type, but, passe, carton_jaune, carton_rouge, post) VALUES (215, 245, 64, 69, 'Titulaire', 3, 3, 0, 1, 'Défenseur');
INSERT INTO selection (id, match_id, joueur_id, equipe_id, type, but, passe, carton_jaune, carton_rouge, post) VALUES (216, 272, 315, 53, 'Titulaire', 1, 2, 0, 1, 'Attaquant');
INSERT INTO selection (id, match_id, joueur_id, equipe_id, type, but, passe, carton_jaune, carton_rouge, post) VALUES (217, 181, 114, 36, 'Titulaire', 3, 1, 0, 1, 'Milieu');
INSERT INTO selection (id, match_id, joueur_id, equipe_id, type, but, passe, carton_jaune, carton_rouge, post) VALUES (218, 293, 73, 18, 'Titulaire', 1, 3, 1, 0, 'Gardien');
INSERT INTO selection (id, match_id, joueur_id, equipe_id, type, but, passe, carton_jaune, carton_rouge, post) VALUES (219, 152, 325, 4, 'Titulaire', 1, 1, 0, 1, 'Défenseur');
INSERT INTO selection (id, match_id, joueur_id, equipe_id, type, but, passe, carton_jaune, carton_rouge, post) VALUES (220, 212, 210, 76, 'Titulaire', 3, 3, 1, 0, 'Défenseur');
INSERT INTO selection (id, match_id, joueur_id, equipe_id, type, but, passe, carton_jaune, carton_rouge, post) VALUES (221, 84, 241, 15, 'Titulaire', 2, 3, 0, 1, 'Milieu');
INSERT INTO selection (id, match_id, joueur_id, equipe_id, type, but, passe, carton_jaune, carton_rouge, post) VALUES (222, 134, 63, 74, 'Titulaire', 0, 1, 0, 1, 'Attaquant');
INSERT INTO selection (id, match_id, joueur_id, equipe_id, type, but, passe, carton_jaune, carton_rouge, post) VALUES (223, 202, 322, 21, 'Titulaire', 3, 0, 1, 1, 'Défenseur');
INSERT INTO selection (id, match_id, joueur_id, equipe_id, type, but, passe, carton_jaune, carton_rouge, post) VALUES (224, 240, 228, 93, 'Titulaire', 2, 0, 0, 0, 'Défenseur');
INSERT INTO selection (id, match_id, joueur_id, equipe_id, type, but, passe, carton_jaune, carton_rouge, post) VALUES (225, 11, 345, 26, 'Titulaire', 1, 1, 1, 1, 'Milieu');
INSERT INTO selection (id, match_id, joueur_id, equipe_id, type, but, passe, carton_jaune, carton_rouge, post) VALUES (226, 212, 336, 86, 'Titulaire', 2, 0, 0, 1, 'Attaquant');
INSERT INTO selection (id, match_id, joueur_id, equipe_id, type, but, passe, carton_jaune, carton_rouge, post) VALUES (227, 125, 158, 8, 'Titulaire', 2, 3, 0, 0, 'Attaquant');
INSERT INTO selection (id, match_id, joueur_id, equipe_id, type, but, passe, carton_jaune, carton_rouge, post) VALUES (228, 273, 267, 12, 'Titulaire', 1, 1, 0, 0, 'Défenseur');
INSERT INTO selection (id, match_id, joueur_id, equipe_id, type, but, passe, carton_jaune, carton_rouge, post) VALUES (229, 27, 251, 52, 'Titulaire', 3, 2, 1, 1, 'Gardien');
INSERT INTO selection (id, match_id, joueur_id, equipe_id, type, but, passe, carton_jaune, carton_rouge, post) VALUES (230, 55, 159, 68, 'Titulaire', 3, 0, 1, 1, 'Attaquant');
INSERT INTO selection (id, match_id, joueur_id, equipe_id, type, but, passe, carton_jaune, carton_rouge, post) VALUES (231, 62, 431, 6, 'Titulaire', 1, 1, 1, 0, 'Milieu');
INSERT INTO selection (id, match_id, joueur_id, equipe_id, type, but, passe, carton_jaune, carton_rouge, post) VALUES (232, 169, 340, 82, 'Titulaire', 0, 1, 1, 0, 'Défenseur');
INSERT INTO selection (id, match_id, joueur_id, equipe_id, type, but, passe, carton_jaune, carton_rouge, post) VALUES (233, 111, 270, 86, 'Titulaire', 1, 3, 1, 0, 'Milieu');
INSERT INTO selection (id, match_id, joueur_id, equipe_id, type, but, passe, carton_jaune, carton_rouge, post) VALUES (234, 292, 441, 37, 'Titulaire', 2, 0, 0, 0, 'Milieu');
INSERT INTO selection (id, match_id, joueur_id, equipe_id, type, but, passe, carton_jaune, carton_rouge, post) VALUES (235, 156, 117, 54, 'Titulaire', 1, 2, 1, 1, 'Attaquant');
INSERT INTO selection (id, match_id, joueur_id, equipe_id, type, but, passe, carton_jaune, carton_rouge, post) VALUES (236, 23, 8, 58, 'Titulaire', 0, 3, 0, 1, 'Milieu');
INSERT INTO selection (id, match_id, joueur_id, equipe_id, type, but, passe, carton_jaune, carton_rouge, post) VALUES (237, 216, 58, 79, 'Titulaire', 3, 0, 0, 0, 'Défenseur');
INSERT INTO selection (id, match_id, joueur_id, equipe_id, type, but, passe, carton_jaune, carton_rouge, post) VALUES (238, 10, 130, 84, 'Titulaire', 1, 2, 0, 1, 'Attaquant');
INSERT INTO selection (id, match_id, joueur_id, equipe_id, type, but, passe, carton_jaune, carton_rouge, post) VALUES (239, 280, 396, 58, 'Titulaire', 3, 2, 1, 1, 'Attaquant');
INSERT INTO selection (id, match_id, joueur_id, equipe_id, type, but, passe, carton_jaune, carton_rouge, post) VALUES (240, 196, 492, 25, 'Titulaire', 2, 3, 0, 1, 'Attaquant');
INSERT INTO selection (id, match_id, joueur_id, equipe_id, type, but, passe, carton_jaune, carton_rouge, post) VALUES (241, 26, 342, 13, 'Titulaire', 1, 0, 0, 0, 'Milieu');
INSERT INTO selection (id, match_id, joueur_id, equipe_id, type, but, passe, carton_jaune, carton_rouge, post) VALUES (242, 238, 226, 80, 'Titulaire', 1, 0, 1, 0, 'Gardien');
INSERT INTO selection (id, match_id, joueur_id, equipe_id, type, but, passe, carton_jaune, carton_rouge, post) VALUES (243, 226, 299, 37, 'Titulaire', 2, 3, 0, 0, 'Milieu');
INSERT INTO selection (id, match_id, joueur_id, equipe_id, type, but, passe, carton_jaune, carton_rouge, post) VALUES (244, 100, 369, 16, 'Titulaire', 2, 1, 1, 1, 'Gardien');
INSERT INTO selection (id, match_id, joueur_id, equipe_id, type, but, passe, carton_jaune, carton_rouge, post) VALUES (245, 264, 230, 8, 'Titulaire', 0, 0, 0, 1, 'Attaquant');
INSERT INTO selection (id, match_id, joueur_id, equipe_id, type, but, passe, carton_jaune, carton_rouge, post) VALUES (246, 166, 104, 14, 'Titulaire', 1, 2, 1, 0, 'Défenseur');
INSERT INTO selection (id, match_id, joueur_id, equipe_id, type, but, passe, carton_jaune, carton_rouge, post) VALUES (247, 276, 482, 23, 'Titulaire', 1, 0, 0, 1, 'Milieu');
INSERT INTO selection (id, match_id, joueur_id, equipe_id, type, but, passe, carton_jaune, carton_rouge, post) VALUES (248, 20, 277, 92, 'Titulaire', 3, 1, 1, 1, 'Milieu');
INSERT INTO selection (id, match_id, joueur_id, equipe_id, type, but, passe, carton_jaune, carton_rouge, post) VALUES (249, 43, 112, 3, 'Titulaire', 0, 3, 0, 1, 'Défenseur');
INSERT INTO selection (id, match_id, joueur_id, equipe_id, type, but, passe, carton_jaune, carton_rouge, post) VALUES (250, 246, 463, 7, 'Titulaire', 0, 3, 0, 0, 'Milieu');
INSERT INTO selection (id, match_id, joueur_id, equipe_id, type, but, passe, carton_jaune, carton_rouge, post) VALUES (251, 71, 62, 14, 'Titulaire', 0, 2, 1, 1, 'Milieu');
INSERT INTO selection (id, match_id, joueur_id, equipe_id, type, but, passe, carton_jaune, carton_rouge, post) VALUES (252, 265, 37, 70, 'Titulaire', 2, 2, 1, 1, 'Gardien');
INSERT INTO selection (id, match_id, joueur_id, equipe_id, type, but, passe, carton_jaune, carton_rouge, post) VALUES (253, 194, 298, 2, 'Titulaire', 3, 1, 1, 1, 'Milieu');
INSERT INTO selection (id, match_id, joueur_id, equipe_id, type, but, passe, carton_jaune, carton_rouge, post) VALUES (254, 54, 491, 9, 'Titulaire', 2, 1, 0, 0, 'Attaquant');
INSERT INTO selection (id, match_id, joueur_id, equipe_id, type, but, passe, carton_jaune, carton_rouge, post) VALUES (255, 19, 163, 57, 'Titulaire', 2, 0, 1, 1, 'Gardien');
INSERT INTO selection (id, match_id, joueur_id, equipe_id, type, but, passe, carton_jaune, carton_rouge, post) VALUES (256, 35, 99, 17, 'Titulaire', 1, 0, 0, 1, 'Attaquant');
INSERT INTO selection (id, match_id, joueur_id, equipe_id, type, but, passe, carton_jaune, carton_rouge, post) VALUES (257, 79, 376, 69, 'Titulaire', 0, 1, 1, 0, 'Attaquant');
INSERT INTO selection (id, match_id, joueur_id, equipe_id, type, but, passe, carton_jaune, carton_rouge, post) VALUES (258, 102, 468, 9, 'Titulaire', 0, 3, 1, 0, 'Gardien');
INSERT INTO selection (id, match_id, joueur_id, equipe_id, type, but, passe, carton_jaune, carton_rouge, post) VALUES (259, 300, 16, 61, 'Titulaire', 0, 2, 0, 0, 'Gardien');
INSERT INTO selection (id, match_id, joueur_id, equipe_id, type, but, passe, carton_jaune, carton_rouge, post) VALUES (260, 59, 185, 30, 'Titulaire', 1, 1, 0, 0, 'Gardien');
INSERT INTO selection (id, match_id, joueur_id, equipe_id, type, but, passe, carton_jaune, carton_rouge, post) VALUES (261, 1, 488, 36, 'Titulaire', 3, 2, 1, 0, 'Gardien');
INSERT INTO selection (id, match_id, joueur_id, equipe_id, type, but, passe, carton_jaune, carton_rouge, post) VALUES (262, 184, 166, 26, 'Titulaire', 1, 1, 0, 0, 'Gardien');
INSERT INTO selection (id, match_id, joueur_id, equipe_id, type, but, passe, carton_jaune, carton_rouge, post) VALUES (263, 204, 194, 75, 'Titulaire', 0, 3, 1, 1, 'Défenseur');
INSERT INTO selection (id, match_id, joueur_id, equipe_id, type, but, passe, carton_jaune, carton_rouge, post) VALUES (264, 226, 177, 68, 'Titulaire', 3, 1, 1, 0, 'Gardien');
INSERT INTO selection (id, match_id, joueur_id, equipe_id, type, but, passe, carton_jaune, carton_rouge, post) VALUES (265, 274, 5, 28, 'Titulaire', 1, 0, 1, 0, 'Attaquant');
INSERT INTO selection (id, match_id, joueur_id, equipe_id, type, but, passe, carton_jaune, carton_rouge, post) VALUES (266, 209, 174, 70, 'Titulaire', 3, 2, 0, 1, 'Gardien');
INSERT INTO selection (id, match_id, joueur_id, equipe_id, type, but, passe, carton_jaune, carton_rouge, post) VALUES (267, 187, 497, 22, 'Titulaire', 2, 0, 1, 1, 'Attaquant');
INSERT INTO selection (id, match_id, joueur_id, equipe_id, type, but, passe, carton_jaune, carton_rouge, post) VALUES (268, 12, 269, 47, 'Titulaire', 0, 2, 1, 0, 'Défenseur');
INSERT INTO selection (id, match_id, joueur_id, equipe_id, type, but, passe, carton_jaune, carton_rouge, post) VALUES (269, 214, 34, 93, 'Titulaire', 3, 1, 0, 1, 'Attaquant');
INSERT INTO selection (id, match_id, joueur_id, equipe_id, type, but, passe, carton_jaune, carton_rouge, post) VALUES (270, 85, 172, 1, 'Titulaire', 3, 3, 0, 0, 'Attaquant');
INSERT INTO selection (id, match_id, joueur_id, equipe_id, type, but, passe, carton_jaune, carton_rouge, post) VALUES (271, 67, 242, 64, 'Titulaire', 0, 2, 1, 0, 'Milieu');
INSERT INTO selection (id, match_id, joueur_id, equipe_id, type, but, passe, carton_jaune, carton_rouge, post) VALUES (272, 273, 465, 53, 'Titulaire', 2, 0, 0, 0, 'Milieu');
INSERT INTO selection (id, match_id, joueur_id, equipe_id, type, but, passe, carton_jaune, carton_rouge, post) VALUES (273, 188, 88, 70, 'Titulaire', 1, 1, 0, 0, 'Défenseur');
INSERT INTO selection (id, match_id, joueur_id, equipe_id, type, but, passe, carton_jaune, carton_rouge, post) VALUES (274, 28, 287, 29, 'Titulaire', 3, 0, 0, 0, 'Attaquant');
INSERT INTO selection (id, match_id, joueur_id, equipe_id, type, but, passe, carton_jaune, carton_rouge, post) VALUES (275, 252, 360, 59, 'Titulaire', 1, 3, 1, 1, 'Gardien');
INSERT INTO selection (id, match_id, joueur_id, equipe_id, type, but, passe, carton_jaune, carton_rouge, post) VALUES (276, 193, 488, 91, 'Titulaire', 2, 3, 0, 0, 'Défenseur');
INSERT INTO selection (id, match_id, joueur_id, equipe_id, type, but, passe, carton_jaune, carton_rouge, post) VALUES (277, 81, 481, 52, 'Titulaire', 3, 0, 0, 0, 'Attaquant');
INSERT INTO selection (id, match_id, joueur_id, equipe_id, type, but, passe, carton_jaune, carton_rouge, post) VALUES (278, 62, 91, 5, 'Titulaire', 2, 3, 0, 1, 'Attaquant');
INSERT INTO selection (id, match_id, joueur_id, equipe_id, type, but, passe, carton_jaune, carton_rouge, post) VALUES (279, 200, 390, 42, 'Titulaire', 3, 3, 1, 0, 'Défenseur');
INSERT INTO selection (id, match_id, joueur_id, equipe_id, type, but, passe, carton_jaune, carton_rouge, post) VALUES (280, 21, 445, 34, 'Titulaire', 1, 3, 0, 1, 'Défenseur');
INSERT INTO selection (id, match_id, joueur_id, equipe_id, type, but, passe, carton_jaune, carton_rouge, post) VALUES (281, 19, 408, 98, 'Titulaire', 1, 1, 0, 1, 'Gardien');
INSERT INTO selection (id, match_id, joueur_id, equipe_id, type, but, passe, carton_jaune, carton_rouge, post) VALUES (282, 194, 175, 66, 'Titulaire', 1, 3, 1, 1, 'Défenseur');
INSERT INTO selection (id, match_id, joueur_id, equipe_id, type, but, passe, carton_jaune, carton_rouge, post) VALUES (283, 177, 228, 31, 'Titulaire', 0, 0, 1, 1, 'Milieu');
INSERT INTO selection (id, match_id, joueur_id, equipe_id, type, but, passe, carton_jaune, carton_rouge, post) VALUES (284, 214, 202, 5, 'Titulaire', 3, 3, 0, 1, 'Défenseur');
INSERT INTO selection (id, match_id, joueur_id, equipe_id, type, but, passe, carton_jaune, carton_rouge, post) VALUES (285, 268, 189, 83, 'Titulaire', 3, 0, 0, 0, 'Attaquant');
INSERT INTO selection (id, match_id, joueur_id, equipe_id, type, but, passe, carton_jaune, carton_rouge, post) VALUES (286, 218, 262, 61, 'Titulaire', 3, 0, 1, 0, 'Défenseur');
INSERT INTO selection (id, match_id, joueur_id, equipe_id, type, but, passe, carton_jaune, carton_rouge, post) VALUES (287, 52, 206, 17, 'Titulaire', 2, 2, 1, 0, 'Milieu');
INSERT INTO selection (id, match_id, joueur_id, equipe_id, type, but, passe, carton_jaune, carton_rouge, post) VALUES (288, 258, 105, 44, 'Titulaire', 1, 1, 0, 0, 'Gardien');
INSERT INTO selection (id, match_id, joueur_id, equipe_id, type, but, passe, carton_jaune, carton_rouge, post) VALUES (289, 99, 467, 13, 'Titulaire', 0, 3, 1, 0, 'Gardien');
INSERT INTO selection (id, match_id, joueur_id, equipe_id, type, but, passe, carton_jaune, carton_rouge, post) VALUES (290, 258, 60, 82, 'Titulaire', 2, 0, 1, 0, 'Milieu');
INSERT INTO selection (id, match_id, joueur_id, equipe_id, type, but, passe, carton_jaune, carton_rouge, post) VALUES (291, 250, 244, 64, 'Titulaire', 0, 3, 1, 1, 'Milieu');
INSERT INTO selection (id, match_id, joueur_id, equipe_id, type, but, passe, carton_jaune, carton_rouge, post) VALUES (292, 187, 468, 85, 'Titulaire', 3, 2, 0, 0, 'Gardien');
INSERT INTO selection (id, match_id, joueur_id, equipe_id, type, but, passe, carton_jaune, carton_rouge, post) VALUES (293, 80, 166, 75, 'Titulaire', 2, 2, 0, 0, 'Attaquant');
INSERT INTO selection (id, match_id, joueur_id, equipe_id, type, but, passe, carton_jaune, carton_rouge, post) VALUES (294, 223, 124, 8, 'Titulaire', 1, 2, 0, 0, 'Gardien');
INSERT INTO selection (id, match_id, joueur_id, equipe_id, type, but, passe, carton_jaune, carton_rouge, post) VALUES (295, 99, 133, 25, 'Titulaire', 1, 3, 0, 1, 'Défenseur');
INSERT INTO selection (id, match_id, joueur_id, equipe_id, type, but, passe, carton_jaune, carton_rouge, post) VALUES (296, 246, 488, 2, 'Titulaire', 2, 3, 1, 1, 'Gardien');
INSERT INTO selection (id, match_id, joueur_id, equipe_id, type, but, passe, carton_jaune, carton_rouge, post) VALUES (297, 288, 293, 29, 'Titulaire', 3, 1, 0, 0, 'Milieu');
INSERT INTO selection (id, match_id, joueur_id, equipe_id, type, but, passe, carton_jaune, carton_rouge, post) VALUES (298, 252, 362, 83, 'Titulaire', 0, 0, 0, 1, 'Gardien');
INSERT INTO selection (id, match_id, joueur_id, equipe_id, type, but, passe, carton_jaune, carton_rouge, post) VALUES (299, 130, 333, 86, 'Titulaire', 1, 0, 1, 0, 'Défenseur');
INSERT INTO selection (id, match_id, joueur_id, equipe_id, type, but, passe, carton_jaune, carton_rouge, post) VALUES (300, 192, 456, 59, 'Titulaire', 0, 1, 0, 0, 'Défenseur');
INSERT INTO selection (id, match_id, joueur_id, equipe_id, type, but, passe, carton_jaune, carton_rouge, post) VALUES (301, 172, 60, 91, 'Titulaire', 1, 3, 0, 1, 'Attaquant');
INSERT INTO selection (id, match_id, joueur_id, equipe_id, type, but, passe, carton_jaune, carton_rouge, post) VALUES (302, 182, 454, 47, 'Titulaire', 2, 0, 0, 1, 'Milieu');
INSERT INTO selection (id, match_id, joueur_id, equipe_id, type, but, passe, carton_jaune, carton_rouge, post) VALUES (303, 253, 379, 83, 'Titulaire', 2, 1, 0, 1, 'Milieu');
INSERT INTO selection (id, match_id, joueur_id, equipe_id, type, but, passe, carton_jaune, carton_rouge, post) VALUES (304, 255, 284, 95, 'Titulaire', 3, 3, 1, 0, 'Défenseur');
INSERT INTO selection (id, match_id, joueur_id, equipe_id, type, but, passe, carton_jaune, carton_rouge, post) VALUES (305, 8, 480, 70, 'Titulaire', 1, 1, 0, 0, 'Gardien');
INSERT INTO selection (id, match_id, joueur_id, equipe_id, type, but, passe, carton_jaune, carton_rouge, post) VALUES (306, 36, 220, 96, 'Titulaire', 2, 1, 0, 0, 'Gardien');
INSERT INTO selection (id, match_id, joueur_id, equipe_id, type, but, passe, carton_jaune, carton_rouge, post) VALUES (307, 28, 359, 24, 'Titulaire', 3, 3, 1, 1, 'Gardien');
INSERT INTO selection (id, match_id, joueur_id, equipe_id, type, but, passe, carton_jaune, carton_rouge, post) VALUES (308, 189, 215, 68, 'Titulaire', 0, 2, 0, 1, 'Attaquant');
INSERT INTO selection (id, match_id, joueur_id, equipe_id, type, but, passe, carton_jaune, carton_rouge, post) VALUES (309, 84, 2, 4, 'Titulaire', 1, 0, 1, 0, 'Défenseur');
INSERT INTO selection (id, match_id, joueur_id, equipe_id, type, but, passe, carton_jaune, carton_rouge, post) VALUES (310, 182, 321, 22, 'Titulaire', 0, 2, 1, 0, 'Milieu');
INSERT INTO selection (id, match_id, joueur_id, equipe_id, type, but, passe, carton_jaune, carton_rouge, post) VALUES (311, 277, 284, 6, 'Titulaire', 3, 3, 0, 0, 'Gardien');
INSERT INTO selection (id, match_id, joueur_id, equipe_id, type, but, passe, carton_jaune, carton_rouge, post) VALUES (312, 123, 494, 95, 'Titulaire', 3, 0, 1, 1, 'Milieu');
INSERT INTO selection (id, match_id, joueur_id, equipe_id, type, but, passe, carton_jaune, carton_rouge, post) VALUES (313, 265, 77, 61, 'Titulaire', 3, 3, 0, 1, 'Gardien');
INSERT INTO selection (id, match_id, joueur_id, equipe_id, type, but, passe, carton_jaune, carton_rouge, post) VALUES (314, 295, 257, 64, 'Titulaire', 1, 2, 0, 1, 'Gardien');
INSERT INTO selection (id, match_id, joueur_id, equipe_id, type, but, passe, carton_jaune, carton_rouge, post) VALUES (315, 12, 475, 27, 'Titulaire', 2, 1, 0, 1, 'Défenseur');
INSERT INTO selection (id, match_id, joueur_id, equipe_id, type, but, passe, carton_jaune, carton_rouge, post) VALUES (316, 109, 36, 23, 'Titulaire', 3, 1, 1, 1, 'Attaquant');
INSERT INTO selection (id, match_id, joueur_id, equipe_id, type, but, passe, carton_jaune, carton_rouge, post) VALUES (317, 102, 297, 77, 'Titulaire', 2, 1, 1, 1, 'Attaquant');
INSERT INTO selection (id, match_id, joueur_id, equipe_id, type, but, passe, carton_jaune, carton_rouge, post) VALUES (318, 149, 492, 28, 'Titulaire', 3, 0, 1, 0, 'Gardien');
INSERT INTO selection (id, match_id, joueur_id, equipe_id, type, but, passe, carton_jaune, carton_rouge, post) VALUES (319, 8, 171, 76, 'Titulaire', 3, 1, 0, 0, 'Gardien');
INSERT INTO selection (id, match_id, joueur_id, equipe_id, type, but, passe, carton_jaune, carton_rouge, post) VALUES (320, 31, 293, 94, 'Titulaire', 1, 2, 0, 1, 'Gardien');
INSERT INTO selection (id, match_id, joueur_id, equipe_id, type, but, passe, carton_jaune, carton_rouge, post) VALUES (321, 244, 19, 7, 'Titulaire', 3, 2, 1, 1, 'Gardien');
INSERT INTO selection (id, match_id, joueur_id, equipe_id, type, but, passe, carton_jaune, carton_rouge, post) VALUES (322, 254, 480, 65, 'Titulaire', 1, 1, 0, 0, 'Attaquant');
INSERT INTO selection (id, match_id, joueur_id, equipe_id, type, but, passe, carton_jaune, carton_rouge, post) VALUES (323, 137, 337, 30, 'Titulaire', 0, 0, 1, 0, 'Défenseur');
INSERT INTO selection (id, match_id, joueur_id, equipe_id, type, but, passe, carton_jaune, carton_rouge, post) VALUES (324, 189, 482, 29, 'Titulaire', 0, 1, 0, 0, 'Milieu');
INSERT INTO selection (id, match_id, joueur_id, equipe_id, type, but, passe, carton_jaune, carton_rouge, post) VALUES (325, 4, 66, 89, 'Titulaire', 0, 2, 1, 1, 'Gardien');
INSERT INTO selection (id, match_id, joueur_id, equipe_id, type, but, passe, carton_jaune, carton_rouge, post) VALUES (326, 77, 493, 91, 'Titulaire', 1, 2, 1, 0, 'Défenseur');
INSERT INTO selection (id, match_id, joueur_id, equipe_id, type, but, passe, carton_jaune, carton_rouge, post) VALUES (327, 136, 265, 28, 'Titulaire', 2, 0, 1, 1, 'Attaquant');
INSERT INTO selection (id, match_id, joueur_id, equipe_id, type, but, passe, carton_jaune, carton_rouge, post) VALUES (328, 2, 65, 27, 'Titulaire', 1, 3, 0, 0, 'Milieu');
INSERT INTO selection (id, match_id, joueur_id, equipe_id, type, but, passe, carton_jaune, carton_rouge, post) VALUES (329, 199, 183, 51, 'Titulaire', 3, 0, 0, 0, 'Défenseur');
INSERT INTO selection (id, match_id, joueur_id, equipe_id, type, but, passe, carton_jaune, carton_rouge, post) VALUES (330, 55, 50, 37, 'Titulaire', 1, 1, 0, 0, 'Milieu');
INSERT INTO selection (id, match_id, joueur_id, equipe_id, type, but, passe, carton_jaune, carton_rouge, post) VALUES (331, 234, 163, 45, 'Titulaire', 2, 2, 1, 0, 'Milieu');
INSERT INTO selection (id, match_id, joueur_id, equipe_id, type, but, passe, carton_jaune, carton_rouge, post) VALUES (332, 250, 254, 59, 'Titulaire', 1, 3, 0, 1, 'Milieu');
INSERT INTO selection (id, match_id, joueur_id, equipe_id, type, but, passe, carton_jaune, carton_rouge, post) VALUES (333, 28, 225, 65, 'Titulaire', 3, 1, 1, 1, 'Défenseur');
INSERT INTO selection (id, match_id, joueur_id, equipe_id, type, but, passe, carton_jaune, carton_rouge, post) VALUES (334, 44, 63, 70, 'Titulaire', 2, 0, 1, 0, 'Gardien');
INSERT INTO selection (id, match_id, joueur_id, equipe_id, type, but, passe, carton_jaune, carton_rouge, post) VALUES (335, 194, 42, 26, 'Titulaire', 1, 1, 1, 0, 'Gardien');
INSERT INTO selection (id, match_id, joueur_id, equipe_id, type, but, passe, carton_jaune, carton_rouge, post) VALUES (336, 34, 389, 58, 'Titulaire', 0, 3, 0, 0, 'Attaquant');
INSERT INTO selection (id, match_id, joueur_id, equipe_id, type, but, passe, carton_jaune, carton_rouge, post) VALUES (337, 49, 110, 2, 'Titulaire', 0, 0, 0, 0, 'Gardien');
INSERT INTO selection (id, match_id, joueur_id, equipe_id, type, but, passe, carton_jaune, carton_rouge, post) VALUES (338, 199, 488, 50, 'Titulaire', 3, 3, 1, 1, 'Attaquant');
INSERT INTO selection (id, match_id, joueur_id, equipe_id, type, but, passe, carton_jaune, carton_rouge, post) VALUES (339, 287, 372, 15, 'Titulaire', 0, 1, 0, 0, 'Milieu');
INSERT INTO selection (id, match_id, joueur_id, equipe_id, type, but, passe, carton_jaune, carton_rouge, post) VALUES (340, 257, 182, 28, 'Titulaire', 1, 3, 1, 0, 'Attaquant');
INSERT INTO selection (id, match_id, joueur_id, equipe_id, type, but, passe, carton_jaune, carton_rouge, post) VALUES (341, 170, 473, 5, 'Titulaire', 1, 2, 1, 1, 'Gardien');
INSERT INTO selection (id, match_id, joueur_id, equipe_id, type, but, passe, carton_jaune, carton_rouge, post) VALUES (342, 8, 329, 53, 'Titulaire', 1, 3, 1, 1, 'Attaquant');
INSERT INTO selection (id, match_id, joueur_id, equipe_id, type, but, passe, carton_jaune, carton_rouge, post) VALUES (343, 298, 496, 65, 'Titulaire', 0, 3, 1, 0, 'Milieu');
INSERT INTO selection (id, match_id, joueur_id, equipe_id, type, but, passe, carton_jaune, carton_rouge, post) VALUES (344, 250, 194, 26, 'Titulaire', 3, 3, 0, 1, 'Attaquant');
INSERT INTO selection (id, match_id, joueur_id, equipe_id, type, but, passe, carton_jaune, carton_rouge, post) VALUES (345, 251, 29, 2, 'Titulaire', 0, 3, 1, 1, 'Milieu');
INSERT INTO selection (id, match_id, joueur_id, equipe_id, type, but, passe, carton_jaune, carton_rouge, post) VALUES (346, 29, 453, 1, 'Titulaire', 2, 1, 1, 0, 'Gardien');
INSERT INTO selection (id, match_id, joueur_id, equipe_id, type, but, passe, carton_jaune, carton_rouge, post) VALUES (347, 140, 348, 21, 'Titulaire', 0, 3, 1, 0, 'Attaquant');
INSERT INTO selection (id, match_id, joueur_id, equipe_id, type, but, passe, carton_jaune, carton_rouge, post) VALUES (348, 212, 487, 77, 'Titulaire', 0, 3, 0, 1, 'Milieu');
INSERT INTO selection (id, match_id, joueur_id, equipe_id, type, but, passe, carton_jaune, carton_rouge, post) VALUES (349, 273, 48, 91, 'Titulaire', 1, 2, 1, 1, 'Gardien');
INSERT INTO selection (id, match_id, joueur_id, equipe_id, type, but, passe, carton_jaune, carton_rouge, post) VALUES (350, 97, 366, 29, 'Titulaire', 3, 1, 0, 1, 'Milieu');
INSERT INTO selection (id, match_id, joueur_id, equipe_id, type, but, passe, carton_jaune, carton_rouge, post) VALUES (351, 129, 220, 24, 'Titulaire', 2, 0, 1, 0, 'Attaquant');
INSERT INTO selection (id, match_id, joueur_id, equipe_id, type, but, passe, carton_jaune, carton_rouge, post) VALUES (352, 54, 169, 35, 'Titulaire', 3, 2, 0, 1, 'Gardien');
INSERT INTO selection (id, match_id, joueur_id, equipe_id, type, but, passe, carton_jaune, carton_rouge, post) VALUES (353, 169, 363, 24, 'Titulaire', 0, 3, 1, 0, 'Défenseur');
INSERT INTO selection (id, match_id, joueur_id, equipe_id, type, but, passe, carton_jaune, carton_rouge, post) VALUES (354, 209, 98, 7, 'Titulaire', 3, 0, 0, 1, 'Attaquant');
INSERT INTO selection (id, match_id, joueur_id, equipe_id, type, but, passe, carton_jaune, carton_rouge, post) VALUES (355, 187, 21, 77, 'Titulaire', 1, 1, 0, 1, 'Attaquant');
INSERT INTO selection (id, match_id, joueur_id, equipe_id, type, but, passe, carton_jaune, carton_rouge, post) VALUES (356, 256, 164, 10, 'Titulaire', 3, 2, 1, 1, 'Milieu');
INSERT INTO selection (id, match_id, joueur_id, equipe_id, type, but, passe, carton_jaune, carton_rouge, post) VALUES (357, 42, 161, 6, 'Titulaire', 3, 2, 0, 0, 'Gardien');
INSERT INTO selection (id, match_id, joueur_id, equipe_id, type, but, passe, carton_jaune, carton_rouge, post) VALUES (358, 137, 204, 80, 'Titulaire', 0, 2, 0, 1, 'Milieu');
INSERT INTO selection (id, match_id, joueur_id, equipe_id, type, but, passe, carton_jaune, carton_rouge, post) VALUES (359, 126, 185, 10, 'Titulaire', 1, 0, 1, 1, 'Milieu');
INSERT INTO selection (id, match_id, joueur_id, equipe_id, type, but, passe, carton_jaune, carton_rouge, post) VALUES (360, 4, 194, 53, 'Titulaire', 0, 2, 0, 1, 'Gardien');
INSERT INTO selection (id, match_id, joueur_id, equipe_id, type, but, passe, carton_jaune, carton_rouge, post) VALUES (361, 106, 215, 36, 'Titulaire', 0, 1, 1, 0, 'Défenseur');
INSERT INTO selection (id, match_id, joueur_id, equipe_id, type, but, passe, carton_jaune, carton_rouge, post) VALUES (362, 265, 127, 92, 'Titulaire', 0, 1, 0, 0, 'Défenseur');
INSERT INTO selection (id, match_id, joueur_id, equipe_id, type, but, passe, carton_jaune, carton_rouge, post) VALUES (363, 79, 491, 11, 'Titulaire', 3, 2, 1, 0, 'Milieu');
INSERT INTO selection (id, match_id, joueur_id, equipe_id, type, but, passe, carton_jaune, carton_rouge, post) VALUES (364, 114, 184, 28, 'Titulaire', 0, 1, 0, 1, 'Attaquant');
INSERT INTO selection (id, match_id, joueur_id, equipe_id, type, but, passe, carton_jaune, carton_rouge, post) VALUES (365, 41, 111, 30, 'Titulaire', 3, 3, 0, 0, 'Défenseur');
INSERT INTO selection (id, match_id, joueur_id, equipe_id, type, but, passe, carton_jaune, carton_rouge, post) VALUES (366, 42, 414, 36, 'Titulaire', 2, 3, 0, 0, 'Attaquant');
INSERT INTO selection (id, match_id, joueur_id, equipe_id, type, but, passe, carton_jaune, carton_rouge, post) VALUES (367, 8, 379, 59, 'Titulaire', 1, 2, 0, 0, 'Défenseur');
INSERT INTO selection (id, match_id, joueur_id, equipe_id, type, but, passe, carton_jaune, carton_rouge, post) VALUES (368, 82, 315, 74, 'Titulaire', 0, 0, 1, 0, 'Milieu');
INSERT INTO selection (id, match_id, joueur_id, equipe_id, type, but, passe, carton_jaune, carton_rouge, post) VALUES (369, 226, 69, 97, 'Titulaire', 1, 3, 0, 0, 'Milieu');
INSERT INTO selection (id, match_id, joueur_id, equipe_id, type, but, passe, carton_jaune, carton_rouge, post) VALUES (370, 189, 497, 63, 'Titulaire', 3, 1, 0, 1, 'Milieu');
INSERT INTO selection (id, match_id, joueur_id, equipe_id, type, but, passe, carton_jaune, carton_rouge, post) VALUES (371, 124, 325, 95, 'Titulaire', 3, 2, 1, 1, 'Gardien');
INSERT INTO selection (id, match_id, joueur_id, equipe_id, type, but, passe, carton_jaune, carton_rouge, post) VALUES (372, 90, 121, 2, 'Titulaire', 0, 3, 1, 0, 'Attaquant');
INSERT INTO selection (id, match_id, joueur_id, equipe_id, type, but, passe, carton_jaune, carton_rouge, post) VALUES (373, 121, 454, 92, 'Titulaire', 3, 1, 0, 1, 'Défenseur');
INSERT INTO selection (id, match_id, joueur_id, equipe_id, type, but, passe, carton_jaune, carton_rouge, post) VALUES (374, 261, 404, 80, 'Titulaire', 0, 2, 1, 1, 'Défenseur');
INSERT INTO selection (id, match_id, joueur_id, equipe_id, type, but, passe, carton_jaune, carton_rouge, post) VALUES (375, 95, 304, 94, 'Titulaire', 1, 1, 1, 1, 'Gardien');
INSERT INTO selection (id, match_id, joueur_id, equipe_id, type, but, passe, carton_jaune, carton_rouge, post) VALUES (376, 70, 11, 15, 'Titulaire', 2, 1, 0, 0, 'Gardien');
INSERT INTO selection (id, match_id, joueur_id, equipe_id, type, but, passe, carton_jaune, carton_rouge, post) VALUES (377, 125, 99, 18, 'Titulaire', 0, 3, 1, 0, 'Gardien');
INSERT INTO selection (id, match_id, joueur_id, equipe_id, type, but, passe, carton_jaune, carton_rouge, post) VALUES (378, 33, 54, 4, 'Titulaire', 1, 1, 1, 0, 'Milieu');
INSERT INTO selection (id, match_id, joueur_id, equipe_id, type, but, passe, carton_jaune, carton_rouge, post) VALUES (379, 219, 279, 95, 'Titulaire', 3, 3, 0, 1, 'Attaquant');
INSERT INTO selection (id, match_id, joueur_id, equipe_id, type, but, passe, carton_jaune, carton_rouge, post) VALUES (380, 40, 372, 100, 'Titulaire', 1, 3, 1, 1, 'Milieu');
INSERT INTO selection (id, match_id, joueur_id, equipe_id, type, but, passe, carton_jaune, carton_rouge, post) VALUES (381, 160, 1, 85, 'Titulaire', 2, 1, 1, 0, 'Milieu');
INSERT INTO selection (id, match_id, joueur_id, equipe_id, type, but, passe, carton_jaune, carton_rouge, post) VALUES (382, 215, 373, 77, 'Titulaire', 0, 0, 0, 0, 'Attaquant');
INSERT INTO selection (id, match_id, joueur_id, equipe_id, type, but, passe, carton_jaune, carton_rouge, post) VALUES (383, 206, 309, 26, 'Titulaire', 1, 3, 0, 0, 'Gardien');
INSERT INTO selection (id, match_id, joueur_id, equipe_id, type, but, passe, carton_jaune, carton_rouge, post) VALUES (384, 71, 378, 2, 'Titulaire', 0, 3, 0, 1, 'Défenseur');
INSERT INTO selection (id, match_id, joueur_id, equipe_id, type, but, passe, carton_jaune, carton_rouge, post) VALUES (385, 192, 6, 91, 'Titulaire', 3, 2, 0, 0, 'Milieu');
INSERT INTO selection (id, match_id, joueur_id, equipe_id, type, but, passe, carton_jaune, carton_rouge, post) VALUES (386, 185, 77, 63, 'Titulaire', 3, 3, 1, 1, 'Défenseur');
INSERT INTO selection (id, match_id, joueur_id, equipe_id, type, but, passe, carton_jaune, carton_rouge, post) VALUES (387, 156, 68, 78, 'Titulaire', 3, 3, 0, 1, 'Défenseur');
INSERT INTO selection (id, match_id, joueur_id, equipe_id, type, but, passe, carton_jaune, carton_rouge, post) VALUES (388, 175, 194, 77, 'Titulaire', 0, 3, 1, 1, 'Attaquant');
INSERT INTO selection (id, match_id, joueur_id, equipe_id, type, but, passe, carton_jaune, carton_rouge, post) VALUES (389, 162, 126, 38, 'Titulaire', 3, 0, 0, 0, 'Gardien');
INSERT INTO selection (id, match_id, joueur_id, equipe_id, type, but, passe, carton_jaune, carton_rouge, post) VALUES (390, 289, 264, 48, 'Titulaire', 1, 1, 1, 0, 'Gardien');
INSERT INTO selection (id, match_id, joueur_id, equipe_id, type, but, passe, carton_jaune, carton_rouge, post) VALUES (391, 215, 144, 72, 'Titulaire', 1, 2, 0, 1, 'Gardien');
INSERT INTO selection (id, match_id, joueur_id, equipe_id, type, but, passe, carton_jaune, carton_rouge, post) VALUES (392, 186, 19, 21, 'Titulaire', 2, 1, 0, 0, 'Attaquant');
INSERT INTO selection (id, match_id, joueur_id, equipe_id, type, but, passe, carton_jaune, carton_rouge, post) VALUES (393, 290, 154, 39, 'Titulaire', 1, 1, 0, 0, 'Défenseur');
INSERT INTO selection (id, match_id, joueur_id, equipe_id, type, but, passe, carton_jaune, carton_rouge, post) VALUES (394, 273, 395, 20, 'Titulaire', 3, 3, 0, 0, 'Défenseur');
INSERT INTO selection (id, match_id, joueur_id, equipe_id, type, but, passe, carton_jaune, carton_rouge, post) VALUES (395, 254, 232, 1, 'Titulaire', 2, 3, 0, 1, 'Défenseur');
INSERT INTO selection (id, match_id, joueur_id, equipe_id, type, but, passe, carton_jaune, carton_rouge, post) VALUES (396, 94, 354, 41, 'Titulaire', 1, 2, 1, 0, 'Attaquant');
INSERT INTO selection (id, match_id, joueur_id, equipe_id, type, but, passe, carton_jaune, carton_rouge, post) VALUES (397, 264, 480, 51, 'Titulaire', 1, 2, 0, 1, 'Défenseur');
INSERT INTO selection (id, match_id, joueur_id, equipe_id, type, but, passe, carton_jaune, carton_rouge, post) VALUES (398, 152, 427, 88, 'Titulaire', 1, 2, 0, 0, 'Défenseur');
INSERT INTO selection (id, match_id, joueur_id, equipe_id, type, but, passe, carton_jaune, carton_rouge, post) VALUES (399, 137, 93, 63, 'Titulaire', 3, 3, 0, 1, 'Gardien');
INSERT INTO selection (id, match_id, joueur_id, equipe_id, type, but, passe, carton_jaune, carton_rouge, post) VALUES (400, 197, 20, 19, 'Titulaire', 1, 1, 1, 1, 'Attaquant');
INSERT INTO selection (id, match_id, joueur_id, equipe_id, type, but, passe, carton_jaune, carton_rouge, post) VALUES (401, 32, 446, 30, 'Titulaire', 0, 2, 0, 1, 'Milieu');
INSERT INTO selection (id, match_id, joueur_id, equipe_id, type, but, passe, carton_jaune, carton_rouge, post) VALUES (402, 34, 75, 64, 'Titulaire', 1, 2, 0, 0, 'Défenseur');
INSERT INTO selection (id, match_id, joueur_id, equipe_id, type, but, passe, carton_jaune, carton_rouge, post) VALUES (403, 287, 209, 30, 'Titulaire', 2, 1, 1, 0, 'Défenseur');
INSERT INTO selection (id, match_id, joueur_id, equipe_id, type, but, passe, carton_jaune, carton_rouge, post) VALUES (404, 223, 223, 89, 'Titulaire', 3, 0, 1, 0, 'Défenseur');
INSERT INTO selection (id, match_id, joueur_id, equipe_id, type, but, passe, carton_jaune, carton_rouge, post) VALUES (405, 54, 232, 42, 'Titulaire', 0, 1, 1, 0, 'Défenseur');
INSERT INTO selection (id, match_id, joueur_id, equipe_id, type, but, passe, carton_jaune, carton_rouge, post) VALUES (406, 31, 7, 95, 'Titulaire', 2, 1, 0, 0, 'Gardien');
INSERT INTO selection (id, match_id, joueur_id, equipe_id, type, but, passe, carton_jaune, carton_rouge, post) VALUES (407, 44, 78, 83, 'Titulaire', 1, 2, 0, 1, 'Défenseur');
INSERT INTO selection (id, match_id, joueur_id, equipe_id, type, but, passe, carton_jaune, carton_rouge, post) VALUES (408, 198, 110, 3, 'Titulaire', 2, 0, 0, 0, 'Défenseur');
INSERT INTO selection (id, match_id, joueur_id, equipe_id, type, but, passe, carton_jaune, carton_rouge, post) VALUES (409, 135, 330, 58, 'Titulaire', 1, 0, 1, 1, 'Défenseur');
INSERT INTO selection (id, match_id, joueur_id, equipe_id, type, but, passe, carton_jaune, carton_rouge, post) VALUES (410, 214, 292, 85, 'Titulaire', 2, 2, 0, 0, 'Gardien');
INSERT INTO selection (id, match_id, joueur_id, equipe_id, type, but, passe, carton_jaune, carton_rouge, post) VALUES (411, 273, 8, 63, 'Titulaire', 0, 2, 1, 0, 'Attaquant');
INSERT INTO selection (id, match_id, joueur_id, equipe_id, type, but, passe, carton_jaune, carton_rouge, post) VALUES (412, 155, 384, 14, 'Titulaire', 1, 3, 0, 1, 'Milieu');
INSERT INTO selection (id, match_id, joueur_id, equipe_id, type, but, passe, carton_jaune, carton_rouge, post) VALUES (413, 144, 264, 79, 'Titulaire', 0, 1, 1, 0, 'Défenseur');
INSERT INTO selection (id, match_id, joueur_id, equipe_id, type, but, passe, carton_jaune, carton_rouge, post) VALUES (414, 114, 385, 46, 'Titulaire', 1, 3, 1, 1, 'Gardien');
INSERT INTO selection (id, match_id, joueur_id, equipe_id, type, but, passe, carton_jaune, carton_rouge, post) VALUES (415, 249, 84, 64, 'Titulaire', 2, 3, 0, 0, 'Gardien');
INSERT INTO selection (id, match_id, joueur_id, equipe_id, type, but, passe, carton_jaune, carton_rouge, post) VALUES (416, 75, 465, 36, 'Titulaire', 1, 2, 1, 0, 'Défenseur');
INSERT INTO selection (id, match_id, joueur_id, equipe_id, type, but, passe, carton_jaune, carton_rouge, post) VALUES (417, 36, 180, 93, 'Titulaire', 2, 0, 0, 1, 'Défenseur');
INSERT INTO selection (id, match_id, joueur_id, equipe_id, type, but, passe, carton_jaune, carton_rouge, post) VALUES (418, 181, 341, 72, 'Titulaire', 1, 3, 0, 1, 'Défenseur');
INSERT INTO selection (id, match_id, joueur_id, equipe_id, type, but, passe, carton_jaune, carton_rouge, post) VALUES (419, 94, 171, 53, 'Titulaire', 2, 3, 1, 0, 'Défenseur');
INSERT INTO selection (id, match_id, joueur_id, equipe_id, type, but, passe, carton_jaune, carton_rouge, post) VALUES (420, 155, 141, 70, 'Titulaire', 3, 3, 1, 1, 'Milieu');
INSERT INTO selection (id, match_id, joueur_id, equipe_id, type, but, passe, carton_jaune, carton_rouge, post) VALUES (421, 181, 187, 85, 'Titulaire', 0, 3, 1, 1, 'Gardien');
INSERT INTO selection (id, match_id, joueur_id, equipe_id, type, but, passe, carton_jaune, carton_rouge, post) VALUES (422, 290, 120, 81, 'Titulaire', 1, 1, 1, 0, 'Défenseur');
INSERT INTO selection (id, match_id, joueur_id, equipe_id, type, but, passe, carton_jaune, carton_rouge, post) VALUES (423, 160, 443, 76, 'Titulaire', 0, 2, 0, 1, 'Gardien');
INSERT INTO selection (id, match_id, joueur_id, equipe_id, type, but, passe, carton_jaune, carton_rouge, post) VALUES (424, 101, 488, 56, 'Titulaire', 1, 2, 0, 0, 'Milieu');
INSERT INTO selection (id, match_id, joueur_id, equipe_id, type, but, passe, carton_jaune, carton_rouge, post) VALUES (425, 147, 400, 86, 'Titulaire', 3, 1, 1, 0, 'Gardien');
INSERT INTO selection (id, match_id, joueur_id, equipe_id, type, but, passe, carton_jaune, carton_rouge, post) VALUES (426, 178, 326, 95, 'Titulaire', 0, 3, 0, 0, 'Milieu');
INSERT INTO selection (id, match_id, joueur_id, equipe_id, type, but, passe, carton_jaune, carton_rouge, post) VALUES (427, 267, 216, 13, 'Titulaire', 0, 0, 1, 1, 'Défenseur');
INSERT INTO selection (id, match_id, joueur_id, equipe_id, type, but, passe, carton_jaune, carton_rouge, post) VALUES (428, 274, 242, 62, 'Titulaire', 0, 0, 0, 0, 'Gardien');
INSERT INTO selection (id, match_id, joueur_id, equipe_id, type, but, passe, carton_jaune, carton_rouge, post) VALUES (429, 52, 372, 89, 'Titulaire', 3, 0, 0, 0, 'Défenseur');
INSERT INTO selection (id, match_id, joueur_id, equipe_id, type, but, passe, carton_jaune, carton_rouge, post) VALUES (430, 66, 477, 39, 'Titulaire', 0, 3, 1, 0, 'Attaquant');
INSERT INTO selection (id, match_id, joueur_id, equipe_id, type, but, passe, carton_jaune, carton_rouge, post) VALUES (431, 14, 2, 51, 'Titulaire', 0, 0, 1, 0, 'Attaquant');
INSERT INTO selection (id, match_id, joueur_id, equipe_id, type, but, passe, carton_jaune, carton_rouge, post) VALUES (432, 261, 389, 89, 'Titulaire', 2, 0, 1, 0, 'Milieu');
INSERT INTO selection (id, match_id, joueur_id, equipe_id, type, but, passe, carton_jaune, carton_rouge, post) VALUES (433, 79, 134, 92, 'Titulaire', 1, 1, 1, 0, 'Gardien');
INSERT INTO selection (id, match_id, joueur_id, equipe_id, type, but, passe, carton_jaune, carton_rouge, post) VALUES (434, 248, 35, 62, 'Titulaire', 3, 2, 0, 1, 'Attaquant');
INSERT INTO selection (id, match_id, joueur_id, equipe_id, type, but, passe, carton_jaune, carton_rouge, post) VALUES (435, 164, 15, 76, 'Titulaire', 3, 1, 0, 0, 'Attaquant');
INSERT INTO selection (id, match_id, joueur_id, equipe_id, type, but, passe, carton_jaune, carton_rouge, post) VALUES (436, 263, 240, 92, 'Titulaire', 1, 3, 0, 1, 'Attaquant');
INSERT INTO selection (id, match_id, joueur_id, equipe_id, type, but, passe, carton_jaune, carton_rouge, post) VALUES (437, 298, 468, 82, 'Titulaire', 2, 2, 1, 0, 'Milieu');
INSERT INTO selection (id, match_id, joueur_id, equipe_id, type, but, passe, carton_jaune, carton_rouge, post) VALUES (438, 187, 365, 66, 'Titulaire', 0, 1, 1, 0, 'Milieu');
INSERT INTO selection (id, match_id, joueur_id, equipe_id, type, but, passe, carton_jaune, carton_rouge, post) VALUES (439, 268, 383, 55, 'Titulaire', 2, 3, 0, 1, 'Attaquant');
INSERT INTO selection (id, match_id, joueur_id, equipe_id, type, but, passe, carton_jaune, carton_rouge, post) VALUES (440, 205, 437, 42, 'Titulaire', 1, 1, 1, 1, 'Attaquant');
INSERT INTO selection (id, match_id, joueur_id, equipe_id, type, but, passe, carton_jaune, carton_rouge, post) VALUES (441, 39, 409, 36, 'Titulaire', 3, 0, 0, 0, 'Gardien');
INSERT INTO selection (id, match_id, joueur_id, equipe_id, type, but, passe, carton_jaune, carton_rouge, post) VALUES (442, 160, 240, 17, 'Titulaire', 0, 1, 1, 0, 'Défenseur');
INSERT INTO selection (id, match_id, joueur_id, equipe_id, type, but, passe, carton_jaune, carton_rouge, post) VALUES (443, 91, 156, 75, 'Titulaire', 0, 3, 0, 1, 'Défenseur');
INSERT INTO selection (id, match_id, joueur_id, equipe_id, type, but, passe, carton_jaune, carton_rouge, post) VALUES (444, 82, 298, 29, 'Titulaire', 2, 2, 1, 1, 'Attaquant');
INSERT INTO selection (id, match_id, joueur_id, equipe_id, type, but, passe, carton_jaune, carton_rouge, post) VALUES (445, 125, 330, 87, 'Titulaire', 0, 1, 1, 0, 'Défenseur');
INSERT INTO selection (id, match_id, joueur_id, equipe_id, type, but, passe, carton_jaune, carton_rouge, post) VALUES (446, 189, 155, 28, 'Titulaire', 0, 3, 1, 0, 'Milieu');
INSERT INTO selection (id, match_id, joueur_id, equipe_id, type, but, passe, carton_jaune, carton_rouge, post) VALUES (447, 67, 346, 20, 'Titulaire', 0, 2, 0, 1, 'Attaquant');
INSERT INTO selection (id, match_id, joueur_id, equipe_id, type, but, passe, carton_jaune, carton_rouge, post) VALUES (448, 29, 61, 42, 'Titulaire', 1, 0, 0, 1, 'Milieu');
INSERT INTO selection (id, match_id, joueur_id, equipe_id, type, but, passe, carton_jaune, carton_rouge, post) VALUES (449, 258, 76, 7, 'Titulaire', 3, 1, 1, 1, 'Milieu');
INSERT INTO selection (id, match_id, joueur_id, equipe_id, type, but, passe, carton_jaune, carton_rouge, post) VALUES (450, 175, 208, 1, 'Titulaire', 3, 2, 0, 1, 'Milieu');
INSERT INTO selection (id, match_id, joueur_id, equipe_id, type, but, passe, carton_jaune, carton_rouge, post) VALUES (451, 108, 270, 25, 'Titulaire', 2, 0, 1, 0, 'Milieu');
INSERT INTO selection (id, match_id, joueur_id, equipe_id, type, but, passe, carton_jaune, carton_rouge, post) VALUES (452, 174, 391, 98, 'Titulaire', 2, 3, 0, 0, 'Gardien');
INSERT INTO selection (id, match_id, joueur_id, equipe_id, type, but, passe, carton_jaune, carton_rouge, post) VALUES (453, 251, 325, 6, 'Titulaire', 1, 0, 0, 1, 'Attaquant');
INSERT INTO selection (id, match_id, joueur_id, equipe_id, type, but, passe, carton_jaune, carton_rouge, post) VALUES (454, 124, 385, 6, 'Titulaire', 3, 0, 1, 1, 'Milieu');
INSERT INTO selection (id, match_id, joueur_id, equipe_id, type, but, passe, carton_jaune, carton_rouge, post) VALUES (455, 68, 12, 65, 'Titulaire', 3, 3, 1, 1, 'Attaquant');
INSERT INTO selection (id, match_id, joueur_id, equipe_id, type, but, passe, carton_jaune, carton_rouge, post) VALUES (456, 130, 372, 83, 'Titulaire', 3, 1, 0, 1, 'Gardien');
INSERT INTO selection (id, match_id, joueur_id, equipe_id, type, but, passe, carton_jaune, carton_rouge, post) VALUES (457, 291, 147, 97, 'Titulaire', 1, 3, 0, 0, 'Défenseur');
INSERT INTO selection (id, match_id, joueur_id, equipe_id, type, but, passe, carton_jaune, carton_rouge, post) VALUES (458, 229, 312, 74, 'Titulaire', 1, 3, 0, 0, 'Milieu');
INSERT INTO selection (id, match_id, joueur_id, equipe_id, type, but, passe, carton_jaune, carton_rouge, post) VALUES (459, 41, 495, 83, 'Titulaire', 0, 2, 1, 0, 'Attaquant');
INSERT INTO selection (id, match_id, joueur_id, equipe_id, type, but, passe, carton_jaune, carton_rouge, post) VALUES (460, 21, 9, 48, 'Titulaire', 3, 2, 1, 0, 'Gardien');
INSERT INTO selection (id, match_id, joueur_id, equipe_id, type, but, passe, carton_jaune, carton_rouge, post) VALUES (461, 203, 418, 84, 'Titulaire', 1, 2, 0, 0, 'Gardien');
INSERT INTO selection (id, match_id, joueur_id, equipe_id, type, but, passe, carton_jaune, carton_rouge, post) VALUES (462, 18, 382, 61, 'Titulaire', 3, 0, 1, 1, 'Attaquant');
INSERT INTO selection (id, match_id, joueur_id, equipe_id, type, but, passe, carton_jaune, carton_rouge, post) VALUES (463, 204, 221, 43, 'Titulaire', 3, 3, 0, 0, 'Attaquant');
INSERT INTO selection (id, match_id, joueur_id, equipe_id, type, but, passe, carton_jaune, carton_rouge, post) VALUES (464, 68, 354, 46, 'Titulaire', 3, 1, 1, 0, 'Gardien');
INSERT INTO selection (id, match_id, joueur_id, equipe_id, type, but, passe, carton_jaune, carton_rouge, post) VALUES (465, 108, 216, 67, 'Titulaire', 1, 2, 1, 1, 'Attaquant');
INSERT INTO selection (id, match_id, joueur_id, equipe_id, type, but, passe, carton_jaune, carton_rouge, post) VALUES (466, 6, 359, 10, 'Titulaire', 0, 3, 1, 0, 'Attaquant');
INSERT INTO selection (id, match_id, joueur_id, equipe_id, type, but, passe, carton_jaune, carton_rouge, post) VALUES (467, 263, 477, 12, 'Titulaire', 2, 0, 0, 1, 'Attaquant');
INSERT INTO selection (id, match_id, joueur_id, equipe_id, type, but, passe, carton_jaune, carton_rouge, post) VALUES (468, 14, 260, 28, 'Titulaire', 0, 1, 1, 0, 'Milieu');
INSERT INTO selection (id, match_id, joueur_id, equipe_id, type, but, passe, carton_jaune, carton_rouge, post) VALUES (469, 208, 140, 8, 'Titulaire', 0, 0, 1, 0, 'Gardien');
INSERT INTO selection (id, match_id, joueur_id, equipe_id, type, but, passe, carton_jaune, carton_rouge, post) VALUES (470, 30, 251, 36, 'Titulaire', 0, 2, 1, 1, 'Gardien');
INSERT INTO selection (id, match_id, joueur_id, equipe_id, type, but, passe, carton_jaune, carton_rouge, post) VALUES (471, 61, 374, 100, 'Titulaire', 3, 3, 1, 0, 'Attaquant');
INSERT INTO selection (id, match_id, joueur_id, equipe_id, type, but, passe, carton_jaune, carton_rouge, post) VALUES (472, 138, 395, 16, 'Titulaire', 2, 0, 0, 0, 'Milieu');
INSERT INTO selection (id, match_id, joueur_id, equipe_id, type, but, passe, carton_jaune, carton_rouge, post) VALUES (473, 6, 97, 51, 'Titulaire', 1, 0, 0, 1, 'Attaquant');
INSERT INTO selection (id, match_id, joueur_id, equipe_id, type, but, passe, carton_jaune, carton_rouge, post) VALUES (474, 231, 68, 4, 'Titulaire', 2, 1, 1, 1, 'Milieu');
INSERT INTO selection (id, match_id, joueur_id, equipe_id, type, but, passe, carton_jaune, carton_rouge, post) VALUES (475, 178, 314, 59, 'Titulaire', 0, 2, 0, 0, 'Défenseur');
INSERT INTO selection (id, match_id, joueur_id, equipe_id, type, but, passe, carton_jaune, carton_rouge, post) VALUES (476, 92, 179, 71, 'Titulaire', 3, 0, 0, 0, 'Attaquant');
INSERT INTO selection (id, match_id, joueur_id, equipe_id, type, but, passe, carton_jaune, carton_rouge, post) VALUES (477, 231, 150, 39, 'Titulaire', 2, 0, 1, 0, 'Gardien');
INSERT INTO selection (id, match_id, joueur_id, equipe_id, type, but, passe, carton_jaune, carton_rouge, post) VALUES (478, 109, 97, 60, 'Titulaire', 2, 2, 1, 0, 'Milieu');
INSERT INTO selection (id, match_id, joueur_id, equipe_id, type, but, passe, carton_jaune, carton_rouge, post) VALUES (479, 223, 15, 62, 'Titulaire', 3, 1, 0, 1, 'Milieu');
INSERT INTO selection (id, match_id, joueur_id, equipe_id, type, but, passe, carton_jaune, carton_rouge, post) VALUES (480, 187, 444, 82, 'Titulaire', 2, 3, 1, 0, 'Milieu');
INSERT INTO selection (id, match_id, joueur_id, equipe_id, type, but, passe, carton_jaune, carton_rouge, post) VALUES (481, 25, 310, 27, 'Titulaire', 1, 1, 0, 0, 'Gardien');
INSERT INTO selection (id, match_id, joueur_id, equipe_id, type, but, passe, carton_jaune, carton_rouge, post) VALUES (482, 5, 293, 77, 'Titulaire', 0, 1, 0, 1, 'Gardien');
INSERT INTO selection (id, match_id, joueur_id, equipe_id, type, but, passe, carton_jaune, carton_rouge, post) VALUES (483, 110, 257, 45, 'Titulaire', 1, 3, 0, 0, 'Attaquant');
INSERT INTO selection (id, match_id, joueur_id, equipe_id, type, but, passe, carton_jaune, carton_rouge, post) VALUES (484, 32, 13, 11, 'Titulaire', 3, 0, 1, 1, 'Gardien');
INSERT INTO selection (id, match_id, joueur_id, equipe_id, type, but, passe, carton_jaune, carton_rouge, post) VALUES (485, 64, 407, 98, 'Titulaire', 0, 3, 1, 1, 'Défenseur');
INSERT INTO selection (id, match_id, joueur_id, equipe_id, type, but, passe, carton_jaune, carton_rouge, post) VALUES (486, 58, 62, 76, 'Titulaire', 1, 1, 0, 1, 'Milieu');
INSERT INTO selection (id, match_id, joueur_id, equipe_id, type, but, passe, carton_jaune, carton_rouge, post) VALUES (487, 27, 148, 4, 'Titulaire', 1, 1, 1, 0, 'Milieu');
INSERT INTO selection (id, match_id, joueur_id, equipe_id, type, but, passe, carton_jaune, carton_rouge, post) VALUES (488, 14, 419, 69, 'Titulaire', 2, 0, 1, 0, 'Attaquant');
INSERT INTO selection (id, match_id, joueur_id, equipe_id, type, but, passe, carton_jaune, carton_rouge, post) VALUES (489, 142, 182, 9, 'Titulaire', 2, 1, 1, 1, 'Défenseur');
INSERT INTO selection (id, match_id, joueur_id, equipe_id, type, but, passe, carton_jaune, carton_rouge, post) VALUES (490, 170, 68, 74, 'Titulaire', 0, 0, 1, 1, 'Attaquant');
INSERT INTO selection (id, match_id, joueur_id, equipe_id, type, but, passe, carton_jaune, carton_rouge, post) VALUES (491, 294, 265, 39, 'Titulaire', 0, 0, 1, 1, 'Attaquant');
INSERT INTO selection (id, match_id, joueur_id, equipe_id, type, but, passe, carton_jaune, carton_rouge, post) VALUES (492, 129, 408, 85, 'Titulaire', 0, 3, 0, 0, 'Gardien');
INSERT INTO selection (id, match_id, joueur_id, equipe_id, type, but, passe, carton_jaune, carton_rouge, post) VALUES (493, 184, 407, 33, 'Titulaire', 2, 1, 0, 1, 'Attaquant');
INSERT INTO selection (id, match_id, joueur_id, equipe_id, type, but, passe, carton_jaune, carton_rouge, post) VALUES (494, 86, 126, 11, 'Titulaire', 2, 2, 1, 0, 'Attaquant');
INSERT INTO selection (id, match_id, joueur_id, equipe_id, type, but, passe, carton_jaune, carton_rouge, post) VALUES (495, 180, 251, 32, 'Titulaire', 0, 3, 1, 0, 'Milieu');
INSERT INTO selection (id, match_id, joueur_id, equipe_id, type, but, passe, carton_jaune, carton_rouge, post) VALUES (496, 269, 396, 66, 'Titulaire', 1, 3, 1, 0, 'Défenseur');
INSERT INTO selection (id, match_id, joueur_id, equipe_id, type, but, passe, carton_jaune, carton_rouge, post) VALUES (497, 284, 132, 68, 'Titulaire', 1, 2, 0, 0, 'Milieu');
INSERT INTO selection (id, match_id, joueur_id, equipe_id, type, but, passe, carton_jaune, carton_rouge, post) VALUES (498, 291, 98, 3, 'Titulaire', 1, 3, 0, 0, 'Milieu');
INSERT INTO selection (id, match_id, joueur_id, equipe_id, type, but, passe, carton_jaune, carton_rouge, post) VALUES (499, 116, 17, 68, 'Titulaire', 2, 1, 1, 1, 'Défenseur');
INSERT INTO selection (id, match_id, joueur_id, equipe_id, type, but, passe, carton_jaune, carton_rouge, post) VALUES (500, 124, 346, 60, 'Titulaire', 2, 1, 0, 0, 'Défenseur');

